0,1,2,3,4,5,correct,A_prob,B_prob,C_prob,D_prob
"Which foods tend to be consumed in lower quantities in Wales and Scotland (as of 2020)?
",Meat,Confectionary,Fruits and vegetables,Potatoes,C,True,0.2651868691143684,0.2540475219836773,0.28432875137239705,0.1964368575295572
"In which one of the following circumstances will the prevalence of a disease in the population increase, all else being constant?
",If the incidence rate of the disease falls.,If survival time with the disease increases.,If recovery of the disease is faster.,If the population in which the disease is measured increases.,B,False,0.35964698673252704,0.22388093222081643,0.08136890991267001,0.3351031711339865
"Which of the following statements is correct?
",The flavonoid class comprises flavonoids and isoflavonoids.,The digestibility and bioavailability of isoflavones in soya food products are not changed by processing.,ß-Carotene and lycopene can both act as provitamin A.,Carotenoids and flavonoids both belong to the polyphenol class.,A,False,0.2065782958247749,0.11139802484901945,0.31754203303301476,0.3644816462931909
"What are the main causes of the obesity epidemic?
",Increased energy quantity/density and a more sedentary life-style,Decreased leisure time activity,Changes in genetic profiles,None of the options given is correct,A,True,0.9894518813750769,4.3208266036262236e-44,4.3208266036262236e-44,0.010548118624923096
"Which vitamin is a major lipid-soluble antioxidant in cell membranes?
",Vitamin A,Vitamin D,Vitamin E,Vitamin K,C,True,0.010986299676126915,4.4125856167736314e-44,0.9823643642408115,0.00664933608306161
"Which of the following contributes to vitamin B12 deficiency in older adults?
",Reduced secretion of intrinsic factor,Atrophic gastritis,Helicobacter pylori infection,All of the above,D,True,0.025953256848505076,0.02815885884493324,4.204826866167484e-44,0.9458878843065617
"Obesity increases the risk of endometrial cancer. Which hormone is thought to mediate this effect?
",Testosterone,Oestrogen,Insulin-like growth factor-1,Thyroxine,B,True,0.013662409876748133,0.9454918205025973,0.04084576962065469,4.21321818362542e-44
"Which vitamin is required for calcium absorption from the small intestine?
",Vitamin A,Vitamin D,Vitamin E,Vitamin K,B,True,0.013266345822456588,0.9867336541775433,4.617762368066434e-44,4.617762368066434e-44
"Which of the following statements about the metabolic demand for amino acids is correct?
","The metabolic demand is supplied only from the diet,",The metabolic demand is to maintain protein turnover.,The metabolic demand involves consumption of amino-acids by a number of irreversible pathways and these are either obligatory or adaptive.,The metabolic demand is a fixed amount,C,True,0.15391943356548246,0.2454238723419876,0.60065669409253,4.4198012084242676e-44
"Which of the following statements about human amino acid requirements in human nutrition is correct?
",The amino acid requirements determined for adults is assumed to be the requirement pattern for all ages.,The amino acid requirements determined for adults is assumed to be the requirements for maintenance for all ages.,The amino acid pattern of breast milk is assumed to be the requirement pattern for all children.,The amino acid pattern of human tissue protein is assumed to be the requirement patterns for infants and young children.,B,False,0.22315162116422552,0.2208726201547251,0.31488637389476193,0.24108938478628744
"A food additive is considered to be safe when:
",No evidence of human toxicity has been observed over the period of its use,Estimated Daily Intake (EDI) from its presence in food is less than its ADI,Its toxic effects are observed only at doses 100x the EDI,Its benefits outweigh its risks,B,True,0.38304716577050735,0.5554164428335644,4.165619660485859e-44,0.06153639139592825
"Which of the following statements is true:
",Childhood stunting before 24 months of age affects short term cognitive performance,Childhood stunting before 24 months of age affects long term cognitive performance,Neither of the statements are correct,Both of the statements are correct,D,True,0.24764494929359304,0.3012613210332252,0.06892926020547047,0.3821644694677112
"What role do women play in food security?
",Their main role is preparing meals.,"They play a central role as producers of food, managers of natural resources, income earners and caretakers of household nutrition.","They weed the fields, but never plough or plant them, as only men are strong enough for those activities.",Their efforts focus mainly on vegetable gardens and chickens; men are involved with cereal crops and larger livestock.,B,True,4.4243519764605e-44,1.0,4.4243519764605e-44,4.4243519764605e-44
"The following amino acids are all essential components of the diet:
","leucine, methionine and threonine","proline, tyrosine and serine","valine, glycine and arginine","leucine, cysteine and glycine",A,True,0.7143531432835467,0.01669096756117573,0.018626800085893166,0.2503290890693843
"Which single statement about fat digestion and absorption is correct?
",Absorption of fatty acids in the intestine occurs mainly through FABP and FAT/CD36 transport proteins in the enterocytes of the distal duodenum,"After absorption, medium chain triglycerides (MCT) enter the lymphatic system, whereas long chain triglycerides enter the portal blood system.",The products of partial digestion of triglycerides (triacylglycerols) can form mixed micelles with pancreatic cholesterol and phospholipids and this increases absorption,Triglycerides (triacylglycerols) must be emulsified and digested before the fatty acids can be transported,D,True,0.09902481987546563,0.08392314373882956,0.046418952019038354,0.7706330843666664
"Which fatty acids found in plasma phospholipids are associated with reduced cardiovascular mortality?
",Palmitic acid (16:0),Long chain (=20 carbons) saturated and n-3 polyunsaturated fatty acids,á-linolenic acid (18:3),Stearic acid (18:0),B,True,0.24796030365111832,0.5908890679066283,0.07990737628163253,0.08124325216062073
"Crohn's disease:
",Always affects the colon,May lead to intestinal obstruction,Is best treated surgically,Requires a gluten free diet,B,True,0.1994752483437773,0.4139400514918521,0.07326340687653099,0.3133212932878396
"Which of the following is true about the diagnosis of ""osteopenia"" or ""osteoporosis"" in North America and Western Europe
",Women over age 80 with osteopenia have above average bone mineral density for their age,Fewer than 10% of women over age 50 have osteopenia,Fewer than 50% of women over age 80 have osteopenia or osteoporosis,Osteoporosis is defined as a bone density lower than 2.5 standard deviations below the average for age-matched controls.,A,False,0.10158304908766011,0.051249316509864945,0.06877512205689375,0.7783925123455812
"Which country has undergone the most rapid nutrition transition in the last two decades?
",China,Sweden,Britain,India,A,False,0.3353082254299157,0.03355022214559131,0.04101792985818598,0.5901236225663071
"Acute binge drinking is associated with?
",Happy heart syndrome,Home heart syndrome,Beach heart syndrome,Holiday heart syndrome,D,True,0.012203669597353082,4.398121447184825e-44,4.398121447184825e-44,0.9877963304026469
"Why are some specific indices of iron status (such as serum ferritin or transferrin receptors) generally considered to be more reliable indices of iron status, than blood haemoglobin levels are?
",Because they respond more rapidly to changes in iron levels in the diet.,"Because blood haemoglobin levels can also respond to a variety of other factors and insults, such as lead poisoning, chronic disease, etc.",Because the specific iron indices can be measured more accurately and easily.,"Because haemoglobin levels vary with subject age, and between the sexes.",B,True,0.03120855698762541,0.9687914430123745,4.4839996734851085e-44,4.4839996734851085e-44
"What stable isotope is commonly given for the measurement of total body water?
",Deuterium,Carbon 13,Nitrogen 15,Oxygen 18,A,True,0.642371139801093,0.0395857749793664,0.08160666487574962,0.23643642034379087
"What are focus areas of nutritional epidemiology?
",The role of nutritional factors in causing disease in a population.,How changes in food intake in the population can promote good health.,Both of the options given are correct.,None of the options given is correct.,C,True,0.12026348218050303,0.059755499034461236,0.7449245369960077,0.07505648178902792
"Which of the following diet-derived compounds have epigenetic effects?
",Butyrate,Curcumin,Genistein,All of the options given are correct,D,True,0.04959274793398112,4.314478349126264e-44,0.01904010058229002,0.9313671514837288
"Which of the following does not occur with increasing age?
",A reduction in lean body mass,A reduction in bone density,An increased appetite,Impaired immune function,C,True,0.13162796961479814,0.03696901507417194,0.7455418588910253,0.08586115642000464
"Which vitamin is required for synthesis of the blood clotting proteins?
",Vitamin A,Vitamin D,Vitamin E,Vitamin K,D,True,0.004320484867691553,4.3621582511087644e-44,4.3621582511087644e-44,0.9956795151323085
"What the largest endogenous substrate source in the body?
",Liver glycogen,Muscle glycogen,Intramuscular lipid,Adipose tissue,D,True,0.17329924308139355,0.23289069633009385,0.17229532823500135,0.4215147323535113
"Which of the following statements concerning transamination is correct?
",Only non-essential (dispensable) amino acids undergo transamination.,Transamination is an irreversible reaction in amino acid catabolism.,Transaminases require a coenzyme derived from vitamin B12.,Transaminases require a coenzyme derived from vitamin B6.,D,True,0.12491378649808717,0.055132390418464614,0.03864673484275214,0.7813070882406961
"What is food security?
",It relates to efforts to prevent terrorists from poisoning food supplies.,It is about ensuring everyone's access to food.,"Its component elements include availability, utilisation, and stability, as well as access.",Food security focuses primarily on ending micronutrient malnutrition.,C,False,4.175678686722916e-44,0.6707795154764535,0.3292204845235464,4.175678686722916e-44
"What is the likely reason that evidence to support the relationship between dietary cholesterol and plasma LDL cholesterol levels in humans is inconclusive?
",The complexity of the mechanisms regulating the absorption of cholesterol and its export in lipoproteins.,The complexity of the mechanism controlling the clearance of intestinally derived lipoproteins by the liver.,The multiple intrahepatic responses to increased cellular cholesterol.,All of the above.,D,True,0.033470000159482795,0.01763350031812361,4.322553574126413e-44,0.9488964995223935
"Which of the following statements about amino acid scoring for predicting protein quality in human nutrition is correct?
",The amino acid score is calculated by comparing the amino acid pattern of the protein to that of egg protein.,The amino acid score is calculated by comparing the amino acid pattern of the protein to that of milk protein.,A single reference pattern is used to calculate the amino acid score for all ages,Different amino acid scoring patterns are used for different age groups.,D,True,0.25040987830013145,0.04507955818916194,0.0782246557304409,0.6262859077802657
"A 20 year old student who has recently arrived in Britain from Sudan visits the university health centre to complain of abdominal cramps and diarrhoea after drinking milk. Which of the following is the most likely cause of his problem?
",Bacterial and yeast overgrowth in the small intestine,Lack of pancreatic amylase,Lack of small intestinal lactase,Lack of small intestinal sucrase-isomaltase,C,True,0.06877144444844281,0.03470070511835558,0.8365790418864539,0.0599488085467477
"Which of the following is the main nitrogenous compound in urine?
",Uric acid,Ammonia,Urea,Creatinine,C,True,4.140070086332098e-44,0.01672386772220329,0.9583683796878921,0.024907752589904616
"It has been observed that a reduction in family size and improved sanitary condition have led to an increase in allergic conditions. The 'hygiene hypothesis' suggests that
",The frequent use of antiseptic swipes will reduce allergies,Living on a working farm will help reducing the development of atopic diseases,Particular care must be taken during breast feeding in high risk infants,Living on a working farm will increase the development of atopic diseases,B,True,0.026155895858905365,0.9279445029604636,4.537328673217308e-44,0.045899601180631085
"Why might some biochemical (eg plasma or serum) indices of micronutrient status give misleading results in people with infections or inflammatory states?
","Because people who are sick often alter their diets, and may eat less food.",Because the accuracy of some laboratory assays may be compromised in samples from people who are sick.,"Because some metabolic pathways are altered in sick people, which changes their micronutrient requirements.",Because an acute phase reaction results in changes in inter-tissue distributions of certain micronutrients.,D,True,0.050174471843468516,0.2634031026145641,0.062069328897376694,0.6243530966445907
"What proportion of vegans is likely to be deficient in vitamin B12?
",3%,32%,66%,15%,B,False,0.1508533694215781,0.18796699738473932,0.38352250474203387,0.2776571284516487
"Which of these factors increases the risk for cancer of the oesophagus?
",Processed meat,Fruit and vegetables,Salt,Alcohol,D,True,0.2756686935508951,0.05141911852242823,0.06072043268647146,0.6121917552402052
"Which one of the following statements about protein nutrition is correct?
","There is a requirement for dietary protein, but it is unimportant which protein is consumed.","The requirement for dietary protein is for individual amino acids, not simply the total amount of protein in the diet.",All dietary proteins have the same amino acid content and composition.,For an adult in nitrogen equilibrium there is only a small requirement for an intake of protein since amino acids arising from tissue protein catabolism are available for new protein synthesis.,B,False,0.10572761161924497,0.21589258343030202,0.040913905173309936,0.6374658997771431
"Higher dietary sodium (salt) intake is generally associated with:
",Decreased calcium excretion in the urine,Increased risk of fracture,Decreased dietary calcium absorption,Negative calcium balance and bone mineral loss,D,True,0.019083906124051496,0.02145309810083656,4.0302869677659864e-44,0.9594629957751118
"Which of the following is a function of vitamin B6?
",Synthesis of TMP (thymidine monophosphate),Decarboxylation of amino acids to form amine neurotransmitters,Synthesis of methionine from homocysteine,Carboxylation of pyruvate to oxaloacetate,B,True,0.3790901752624382,0.43858294328743136,0.11409706189049179,0.06822981955963872
"Which of the following statements is/are true?
There is increasing concern about the importance of adequate nutrition in the pre-conception period to support a successful pregnancy. This is because:
",in the embryonic period the foetus is vulnerable to external factors in its environment,the embryonic period often occurs before a woman knows she is pregnant,interventions in late pregnancy may be too late to be effective,all of the options given are correct,D,True,0.14818518907619924,0.09643614400062175,4.859052120065086e-44,0.755378666923179
"Which of the following best explains the antioxidant action of vitamin E?
",It forms a stable radical that can be reduced back to active vitamin E by reaction with vitamin C,It is converted to a stable radical by reaction with vitamin C,It is lipid soluble and can react with free radicals in the bloodstream resulting from nitric oxide formation by vascular epithelium,It forms a stable radical that can be reduced back to active vitamin E by reaction with glutathione and glutathione peroxidase,A,False,0.19768455444273764,0.07565788016372901,0.5480298744525737,0.17862769094095965
"Which of these factors increases the risk for cancer of the stomach?
",Obesity,Sugar,Salt and salt-preserved foods,Dietary fibre,C,True,0.1047982485982067,0.033344747373029976,0.8366531767305586,0.02520382729820452
"What are the main enzyme systems for catalysing ethanol to acetaldehyde?
",Alcohol dehydrogenase (ADH),Catalase,"Alcohol dehydrogenase (ADH), cytochrome P450 2E1 (CYP2EI), catalase",cytochrome P450 2E1 (CYP2EI),C,True,0.3503777665921231,0.016616849414495916,0.49104572785354306,0.14195965613983794
"In a healthy person maintaining energy balance in equilibrium (i.e. mathematical equality of energy intake and energy expenditure) is generally achieved on a:
",day-to-day basis,2-3 day basis,3-4 day basis,1-2 week basis,D,False,0.45389226650507314,0.12421414742605395,0.0555183763544495,0.36637520971442333
"Which of the following statements is incorrect regarding fatty acid ß-oxidation?
","The major site of fatty acid ß-oxidation is the peroxisomes, the mitochondria also contain enzymes for this pathway",Within the liver peroxisomes serve to oxidise very long chain fatty acids to medium chain products,The rate of b-oxidation is regulated by the availability of fatty acids and the rate of utilisation of b-oxidation products,Peroxisomes are the site for the degradation of xenobiotics and eicosanoids,A,False,0.2136361379542908,0.4466134288158962,0.12551549008846888,0.21423494314134417
"Intestinal lactase deficiency leads to lactose maldigestion which subsequently can lead to lactose intolerance, i.e. causing clinical symptoms. Infants and children normally express sufficient lactase levels as not to experience clinical symptoms. Overall, adults can be classified as lactase-persisters or lactase non-persisters. What is the approximate percentage of Lactase non-persisters worldwide?
",45%-50%,70%-75 %,10%-15%,30%-35%,B,False,0.17011940243636958,0.2434968625850297,0.26447368527311055,0.32191004970549025
"Which of the following vitamins provides the coenzyme for carboxylation reactions?
",Biotin,Niacin,Riboflavin,Thiamin,A,True,0.956872145144222,0.034881004867045165,3.939873911511366e-44,0.008246849988732872
"According to trials on diabetes prevention, high-risk individuals can reduce their risk to develop diabetes by doing the following:
",Eating a very low carbohydrate diet,Consuming a diet high in monounsaturated fats,Losing 5-7% of body weight through a hypocaloric low fat diet and 30 minutes of daily activity,Initiating metformin 850 mg BID and practicing daily vigorous exercise,C,True,0.03975204757949993,0.0179610540734017,0.9422868983470984,4.2950215116785647e-44
"IBS
",Is primarily a psychological problem,Is a contra-indication to colonoscopy,May be associated with constipation,always resolves with a gluten free diet.,C,True,0.19274806886526538,0.13151299835462152,0.510848717001105,0.16489021577900817
"The gut microbes metabolize L-carnitine into which metabolite that has been shown increase cardiovascular disease?
",choline,betaine,Trimethylamine,All of the above,C,True,0.02312702543593214,4.403701682603109e-44,0.7335346721898697,0.24333830237419804
"Which of the following statements is correct?
",Sulfur dioxide is not used in foods containing thiamin because it causes destruction of the vitamin,Sulfur dioxide is not used in foods containing niacin because it causes destruction of the vitamin,Sulfur dioxide is not used in foods containing vitamin E because it causes destruction of the vitamin,Sulfur dioxide is not used in foods containing vitamin C because it causes destruction of the vitamin,A,False,0.30856396996200847,0.23380538468020265,0.057154148650243375,0.4004764967075455
"Eosinophilic oesophagitis
",Leads to oesophageal diverticular,May cause oesopgageal obstruction,Is not due to allergy,Benefits from antacid therapy,B,True,0.22759950315495814,0.39714315962513097,0.2261940862124596,0.1490632510074513
"Which of the following vitamins is required for fatty acid b-oxidation?
",Niacin,Riboflavin,Thiamin,Vitamin C,B,False,0.5696363073011834,0.18036769184421272,0.22431113863119975,0.025684862223404235
"Children who are obese should:
",Follow a different diet to the rest of the family,Eat the same and take more exercise,"Reduce their total energy intake, increase their activity level and reduce their screen time",Eat more fruit and vegetables,C,True,0.0451601412770019,0.06244486251670411,0.8765027112651049,0.01589228494118902
"Which of the treatments below has not demonstrated efficacy in BED
",Cognitive Behavioural Therapy,"Antidepressants (Fluoxetine, Sertraline)","Antiobesity agents (Orlistat, Sibutramine)","Benzodizepines (Diazepam, Alprazolam)",D,True,0.038042004134191905,0.038873198212938456,0.11484371696610075,0.8082410806867688
"Which of the following is a function of biotin?
",Decarboxylation of amino acids to form amine neurotransmitters,Synthesis of methionine from homocysteine,Carboxylation of pyruvate to oxaloacetate,Synthesis of methylene tetrahydrofolate,C,True,0.14005668246021866,0.11897094639786815,0.5479651090945327,0.19300726204738045
"How is iron transported in the circulation from the intestine to the sites of metabolism in the body?
",As simple Fe2+ in the serum,Bound to albumin,Bound to ferritin,Bound to transferrin,D,True,4.19344122371506e-44,0.04544943451096787,0.022058541103917945,0.9324920243851142
"The safety of which of the following substances must be demonstrated prior to their introduction into food?
",Pesticide chemicals,Substances migrating from food packaging,Colour additives,All of the above,D,True,0.01842984875092989,0.017353159003872475,4.2146450540840614e-44,0.9642169922451977
"Select the single most accurate statement about the absorptive area of the human intestine?
",The absorptive area is equivalent to that of a tennis court,All of the options given are correct,Changes in motility increase the contact time between nutrients and absorptive surface,"The presence of folds, villi and microvilli on the surface of enterocytes magnifies the absorptive area",B,False,0.02616859894750547,0.031693460889671045,0.03365810801645524,0.9084798321463683
"Infants and children with a suspected food allergy e.g. cow's milk allergy/intolerance could display the following symptoms and signs:
",severe atopic dermatitis,enterocolitis,diarrhoea,all of the above,D,True,0.04357107441590303,4.772617574360388e-44,4.772617574360388e-44,0.9564289255840971
"High intake of which of these dietary components predisposes to accelerated cognitive decline
",High glycaemic index carbohydrates,A high n-6:n-3 fat ratio,Long chain saturated fats,All of the above,D,True,0.1222749090699861,0.0664646324132675,0.030932662447629395,0.780327796069117
"Which of the following statements is/are true?
How can smoking affect breastfeeding?
",Suppresses milk production,Alters the composition of breast milk,Increases the risk of early cessation of breastfeeding,all of the options given are correct,D,True,0.07473709063002786,0.03910358679825354,4.729242820752979e-44,0.8861593225717185
"Which of the following statements about the global ageing population is correct?
",It is predicted that by 2040 over 25% of the world's population will be 65yr or older.,The rate of increase in the median age of populations is greater in developing countries than wealthy countries.,In older age groups men outnumber women.,"Men have a lower mortality rate than women, over the life course.",B,False,0.7521813563396883,0.12473603571621122,0.03693144256401462,0.08615116538008578
"Which of the following changes in body composition are associated with ageing in older adults?
",Increased bone mass,Increased muscle mass,Increased body fat,All of the above,C,False,4.157252773790635e-44,4.157252773790635e-44,0.19825632267643803,0.801743677323562
"What is the main source of protein in the British diet?
",Fish and fish products,Pulses,Meat and meat products,Milk and milk products,C,False,0.2947142163239996,0.21134771776071054,0.2332012765613348,0.2607367893539551
"What is leptin resistance?
",Deficiency of leptin caused by a mutation in the leptin gene,Lack of leptin release from the adipose tissue,High concentrations of leptin without reduction in energy intake,Low concentrations of leptin with increased energy intake,C,True,0.02683206449088975,0.03785580772186205,0.7532882439058244,0.18202388388142368
"The two most common causes of foodborne illness in the United States and Europe are:
",Salmonella and Campylobacter,Listeria and Salmonella,Shigella and Staphlococcus,E. coli STECs and non-STEC subtypes,A,False,0.30801320252134035,0.21408397559757553,0.03136486907759437,0.44653795280348996
"Bariatric surgery is used for obesity treatment but how much is the incidence of type 2 diabetes reduced in obese individuals after surgery?
",80-90%,No reduction in the incidence,Approximately 50 %,None of the options given is correct,A,True,0.7712437168588777,0.048917246745851205,0.11987967465086571,0.05995936174440531
"What are the disadvantages of identifying under-reporting of usual intake using the doubly labelled water technique?
",It uses a sophisticated analytical technique,It provides a marker for energy intake only,Mis-reporting of low energy content foods would not be identified,All of the options given are correct,D,True,0.0865636416472526,0.03899582483942348,0.06268182824628905,0.8117587052670349
"Facial flushing is seen in approximately 50% of East Asians and is thought to be due to a deficiency of?
",ALDH1,ALDH2,ALDH3,ALDH4,B,True,0.09537118254890195,0.904628817451098,4.1331572236753693e-44,4.1331572236753693e-44
"Which of the following foods do not contain free sugars
",Cows' milk,Natural unsweetened orange juice,Honey,Agave nectar,A,True,0.6309104182359189,0.12910579500042266,0.16909376516591865,0.07089002159773977
"Which of the following inborn errors of metabolism gives rise to zinc deficiency?
",Acrodermatitis enteropathica,Wilson's disease,Menkes disease,Haemochromatosis,A,True,0.9793866168054939,4.2106702834558894e-44,0.02061338319450612,4.2106702834558894e-44
"Ulcerative Colitis
",Carries a risk of colonic cancer,Can be treated with a LOFFLEX diet,Can be caused by small intestinal bacterial overgrowth,Can be caused by milk intolerance,A,True,0.5323299022997641,0.07585777566512598,0.23690625497425552,0.15490606706085439
"What characteristic is not representative of a type IIb muscle fibre?
",Low oxidative capacity,High fatigue resistance,High motor unit strength,Fast contractile speed,B,False,0.533383974767189,0.1568499110823616,0.20131150162314834,0.10845461252730108
"Which of the following statements is not true?
",Vegan diets are likely to be deficient in protein,Cereals are deficient in lysine,Legumes are deficient in methionine,Dairy products are rich source of tryptophan,A,True,0.3540854379586555,0.2057757192508317,0.12141439349742948,0.31872444929308325
"Intestinal failiure:
",Always requires parenteral nutritional suport,May follow colectomy,Is always permanent,May benefit from sodium supplementation of >=90mmol/l,D,False,0.31573715496986055,0.40760219209525705,0.044281880680116854,0.23237877225476566
"Which of the following statements is correct?
",Mycotoxins contaminate foods containing bacteria formed during storage under dry conditions,Mycotoxins contaminate foods containing fungi formed during storage under dry conditions,Mycotoxins contaminate foods containing bacteria formed during storage under moist conditions,Mycotoxins contaminate foods containing fungi formed during storage under moist conditions,D,False,0.14295720771910947,0.4704080308186093,0.03409224158007853,0.3525425198822028
"Which of the following is true about dietary calcium:
",Typical calcium intake in most adults is between 0.5mg and 2.0mg per day,Activated Vitamin D decreases absorption of dietary calcium,There is clear evidence that people who consume more than the average amount of calcium have a lower risk of bone fractures.,"Absorption efficiency is inversely related to calcium intake, so that a higher proportion is absorbed when calcium intake is low",D,False,0.044806494266684344,0.0498774945612531,0.7874115447192951,0.11790446645276743
"Oral bacterial synthesise extracellular glucans (dextran and mutan) from which host dietary component?
",glucose,Alpha limit dextrins,Sucrose,polysaccharides,C,True,0.17019764384790642,0.09478961649434102,0.5075095013495097,0.22750323830824298
"What is the definition of overweight?
",BMI > 25 kg/m2,BMI = 25 kg/m2,BMI 25-29.9 kg/m2,BMI 25-30 kg/m2,C,False,0.1582859648496185,0.035672828809681485,0.1897344003374091,0.616306806003291
"Pregnancy and lactation is known to:
",Decrease calcium requirements,Result in bone mineral loss from the skeleton,Decrease the rate of dietary calcium absorption,Affect bone mineral content later in life,B,False,0.05174867191590826,0.1803543214191881,0.031103009044754267,0.7367939976201493
"Observational epidemiology studies have produced useful in identifying health effects of many food contaminants, but not for assessing risk, because:
",It is never possible to know whether observed effects are caused by the contaminant,Human exposure though food is usually much less than exposures that have been studied,Controlled animal studies provide more reliable information,Reliable dose-response data are difficult to acquire and often unavailable,D,True,0.1535357775962803,0.33092736780064014,0.029641073528188257,0.48589578107489134
"It is correct to state that for the treatment of Bulimia Nervosa:
",Fluoxetine is considered of benefit,The first approach is to discuss body image,It is not useful to discuss weight with patients,Treatments should target exclusively on purging practices,A,True,0.5289697810955623,0.12228524697873759,0.0633436589112017,0.2854013130144984
"The respiration quotient (RQ):
",is defined as the ratio of VO2 divided by VCO2.,decreases on a high carbohydrate diet.,increases with fasting.,goes beyond a value of 1.0 when exogenous carbohydrate is converted to endogenous fat.,D,True,0.41742148390964556,0.04349470097958245,0.09985655579219287,0.43922725931857903
"Nitrites are added to processed meats mainly to prevent the growth of the following genus of microorganisms
",salmonella,clostridium,listeria,campylobacter,B,True,0.11675761689507205,0.5098547521718373,0.2711272683348157,0.10226036259827483
"At what stage(s) during pregnancy did in utero exposure to the Dutch Hunger Winter have the biggest effects on DNA methylation in blood cells from the adult offspring?
",First trimester of pregnancy.,Second trimester of pregnancy.,Third trimester of pregnancy.,Effects were similar at all stages of pregnancy.,A,False,0.26033666816403145,0.19201935436630324,0.19197321765899641,0.3556707598106689
"The body's adjustment of heat production to changes in the plane of nutrition (under- or over-nutrition) and to minimize energy imbalance is known as:
",Basal metabolic rate,Thermic effect of food,Adaptive thermogenesis,Thermal balance,C,True,0.056466739935526276,0.11436166093717724,0.6462331429733436,0.1829384561539529
"Which drug(s) is/are approved for the treatment of obesity in Europe?
",Orlistat,Phentermine/Topiramate,Lorcaserin,Naltrexone/Bupropion,A,True,0.3635313570536999,0.23135396586965076,0.08176932370977628,0.32334535336687303
"In order to achieve optimal nutritional status it is recommended that older adults consume:
",A high energy content diet.,A high nutrient dense diet.,A low energy content diet.,A daily antioxidant supplement.,B,True,0.024640071256428097,0.9753599287435719,3.9231073978714653e-44,3.9231073978714653e-44
"The measurement of a specific biochemical status index for a micronutrient such as vitamin C is most likely to be useful in practice to estimate:
","The presence or risk of a clinical deficiency, such as clinical scurvy.",The overall quality of a person's diet,"The tissue levels, or body status, of that nutrient.",Overall health and freedom from disease.,C,True,0.11400084607143035,0.021145306586151307,0.8648538473424183,4.090768226275651e-44
"Which statement about protein digestion and absorption is most correct?
",The products of protein digestion may be absorbed as free amino acids or as di- or tripeptides,Gastric digestion of all proteins is equally efficient because of the grinding action of the antrum,"Gastric zymogenic (chief) cells produce and secrete chymotrypsin, elastase and carboxypeptidase A and this initiates the process of protein digestion",The products of digestion of dietary protein by luminal and brush-border enzymes are only absorbed by one of the 14 different amino acid transporters,A,True,0.6194515619599978,0.059977231133088324,0.2259076774801598,0.09466352942675399
"What is the density of fat free mass?
",0.900 g/cm3,0.730 g/cm3,1.100 g/cm3,None of the above,C,True,0.17694343623992212,0.28182173121649,0.29793457405052454,0.24330025849306333
"In an epidemiological context, what is the population at risk?
",The proportion of a population that engage in risky behaviours.,The group of people that may experience the outcome we want to study.,A group of people participating in a study that may be harmful to them.,The population group with the highest relative risk of disease.,B,True,0.011553387140767328,0.9884466128592327,4.0279858650326974e-44,4.0279858650326974e-44
"How will climate change affect future food security?
","It will have negative impacts in most developing countries because of the increased frequency of droughts, storms and floods.","The impact will be positive, because drier weather will mean less habitat for malaria mosquitoes, so fewer workers will be sick at harvest time.",The impact will be positive because there will be more carbon dioxide available for plant photosynthesis.,There currently is no scientific consensus as to whether climate change is occurring or whether it will over the next 50 years.,A,True,0.9378725880740328,4.437365830331176e-44,0.027674314431644444,0.03445309749432269
"What is a major limitation of using BMI (body mass index) as a method of body fat measurements?
",It is not an accurate measure for average people,It is more accurate than height-weight tables,It does not distinguish between fat and fat free mass,All of the above,C,False,0.01812825618388689,4.11500499872796e-44,0.36154001828793086,0.6203317255281822
"Which of the following vitamins provides the cofactor for hydroxylation reactions in collagen synthesis?
",Biotin,Niacin,Riboflavin,Vitamin C,D,True,0.03782833021459104,4.277458869709837e-44,0.011313076832957188,0.9508585929524517
"Endurance type exercise training modulates fuel storage and substrate use. Adaptive responses include:
",lowering intramuscular lipid storage,Increasing liver glycogen content,Increasing muscle glycogen use during exercise,Increasing intramuscular lipid use during exercise,D,True,0.22672731164411247,0.12398372724368886,0.18750483375177657,0.461784127360422
"Which vitamins are most likely to be lacking in a vegan diet?
",Vitamin B1,Folate,Vitamin B12,Vitamin A,C,True,0.07539434279904592,0.2033342431522924,0.6598114702042466,0.06145994384441508
"A blood sample is taken from a 45 year old man after he has broken his overnight fast by eating three slices of toast and a boiled egg. Which one of the following will be at a higher concentration than if the blood sample had been taken before breakfast?
",Alanine,Glucose,Ketone bodies,Non-esterified (free) fatty acids,B,True,0.14929818602823788,0.5437585218386248,0.0551963073177041,0.2517469848154331
"In adolescence:
",Brain growth is faster than at any other stage in life,Peak bone mass occurs before the growth spurt ends,Girls physiologically increase their percentage body fat,Type 2 obesity related diabetes remains a very rare problem,C,False,0.8708200524944505,0.10653978215529943,0.02264016535025008,4.562496580917817e-44
"In which form is selenium found in the 25 human selenoproteins?
",Selenophosphate,Selenocysteine,Selenohistidine,Selenate,B,True,0.04912310665650206,0.9364997061442106,0.014377187199287272,4.764923778492312e-44
"On a global scale, trends are suggesting that with rising incomes and urbanization we are seeing a rise in which food commodities?
",Roots and Tubers,Fruits and vegetables,Beans and lentils,Meat and Dairy products,D,True,0.1421640444997757,0.13309164269732537,0.02860595273563408,0.6961383600672648
"Intestinal motility is a complex process, orchestrated by nerves, hormones and the presence of food in the stomach. Which statement about this process is correct?
",The migrating motor complex is chiefly responsible for peristaltic movement of food after a meal has been consumed,The release of insulin after eating a meal will slow the emptying of the stomach,"At the start of a meal, the stomach increases its ""tone"" in order to develop pressure which will lead to expulsion of its contents, via the pylorus","The presence of partially digested fat and starch in the duodenum, slows intestinal motility",D,False,0.3171967823917819,0.07228617154441923,0.40880756574630994,0.20170948031748898
"It is possible to reduce (though not eliminate) information bias in assessment of dietary intake by
",gathering information about many different aspects of people's dietary habits.,"collecting data about dietary intake at the onset of a study, before people have experienced symptoms of disease.",collecting data on all possible confounders.,making sure that the study sample is representative of the population.,B,True,0.3000993185083597,0.5909229765356486,0.04884934067957088,0.06012836427642069
"To characterize a binge eating episode one must investigate the presence of:
","If patients feel that their eating habits are chaotic, regardless of meal size.",The consumption of large quantities of sweets between meals.,A subjective component of lack of control and an objective component of large consumption of food in a discrete period of time,The feeling that one cannot choose the type of food eaten even if their quantity is kept under control.,C,True,0.03556597994914887,4.511687149293807e-44,0.9644340200508512,4.511687149293807e-44
"Which of the factors below is NOT considered a risk factor for Eating Disorders
",Perfectionism traits,Female gender,Dieting during adolescence,Parental anxiety,D,False,0.27587797455829965,0.1016398870104552,0.36615188980758945,0.2563302486236558
"Which statement about absorption from the gastro-intestinal (GI) tract is most correct?
",The absorption of glucose is associated with sodium uptake.,Fructose is absorbed more rapidly than glucose.,Galactose and fructose are absorbed by the same transporter at the brush border membrane.,Most water absorption along the GI tract occurs in the colon.,A,False,0.19436276450908074,0.15084993475495712,0.5492361545839672,0.10555114615199493
"Of the classes of dietary fatty acids which have the most beneficial effect on plasma LDL cholesterol levels?
",n-3 and n-6 polyunsaturated fatty acids,Saturated and trans unsaturated fatty acids,Monounsaturated fatty acids,Both a and c,D,True,0.395458428375496,4.7930357688311e-44,0.03771359238220012,0.5668279792423039
"Which of the following is not a function of vitamin D?
",Lipid-soluble antioxidant in cell membranes,Fast responses to increase calcium absorption with no change in gene expression,Regulation of differentiation of adipocytes,Regulation of bone turnover,A,False,0.2004138464804377,0.6788524513258599,0.09450805425104258,0.026225647942659743
"How many kcal are there in one gram of ethanol?
",23.5 kJ or 5.8 kcal per g,19.7 kJ or 4.1 kcal per g,29.7 kJ or 7.1 kcal per g,36.5 kJ or 8.1 kcal per g,C,False,0.38187867956187427,0.14979904043074568,0.20183423978265624,0.2664880402247239
"Colonic microbiome:
",Is present in babies in utero,Is a cause of eosinopjhilic oesophagitis,Is easily changed by probiotic supplementation,May be changed with consumption of oligo-saccharides,D,True,0.1201981620853725,0.054252009407982686,0.06290072761924996,0.7626491008873949
"Which of the following amino acids cannot provide a substrate for gluconeogenesis?
",Leucine,Tryptophan,Histidine,isoleucine,A,False,0.16197230590196565,0.3990166994994535,0.15101191929016514,0.2879990753084158
"What nutritional strategies will not improve performance during prolonged endurance type exercise?
",Carbohydrate loading,Tapering,The classic glycogen loading regime,Exogenous carbohydrate ingestion during exercise,C,True,0.16396589798251646,0.08164288432105936,0.5433257060399388,0.21106551165648535
"Which body composition method would you use to measure body mineral content?
",Magnetic Resonance Imaging,Dual-energy X-ray absorptiometry,Isotope dilution,Skinfold Thickness,B,True,0.020618495507442054,0.5063049790644352,0.3561804246014962,0.1168961008266266
"These factors increase risk of osteoporotic fracture:
",High bone mineral density,High body weight,High lean mass,Poor muscle strength,D,True,0.10427580016983277,0.0933865110691012,0.06729335627359509,0.7350443324874709
"Fruit and vegetable consumption
",Has been associated with greater bone mineral loss in observational studies,"Has an uncertain relationship with skeletal health because research studies are confounded by associated lifestyle factors such as smoking, exercise and alcohol consumption",Has consistently resulted in less bone loss in supplementation studies,Has large effects on bone mineral loss,B,True,0.16981933501979773,0.39090104134736087,0.3847962743758223,0.054483349257019156
"Which are the FIVE main series of apoproteins that have been identified?
","apoA, apoB, apoC, apoD, and apoE","apoA, apo(a), apoB, apoC and apoE","apoA, apoB, apoC, apo E, and apoL","apoB, apoC, apoD, apoE and apoM",B,True,0.2997324010558084,0.4744918965866584,0.07862003617434826,0.1471556661831849
"Which of the following is the yield of ATP from complete oxidation of glucose to carbon dioxide and water?
",10,25,30,32,D,True,0.023103454708904885,0.031107276436675352,0.02916831626763559,0.9166209525867842
"Nutrients may pose health risks:
",When intakes exceed established ULs (Upper Levels),At any level greater than a recommended dietary intake,Only when intakes are less than those required for nutritional benefits,Under no known conditions of usual intake,A,True,0.628409322033086,0.26643871130728675,0.01633852213659058,0.08881344452303674
"The Atherogenic Lipoprotein Phenotype (ALP) is a collection of which lipoprotein abnormalities?
","Reduced levels of HDL, a high proportion of small dense LDL and raised triglycerides","Reduced levels of HDL, a high proportion of small dense LDL and normal triglycerides","Raised levels of HDL, a high proportion of small dense LDL and raised triglycerides","Reduced levels of HDL, a low proportion of small dense LDL and raised triglycerides",A,True,0.8182387087751777,0.02710534969301737,0.03093078647803172,0.12372515505377321
"The colonic microflora can be considered as ""an organ within an organ"". Which of the following statements best describes the functions of the microbiota?
",Measurement of daily dietary fibre intake underestimates the amount of fermentable material entering the colon each day,All of the options given are correct,"Acetate, propionate and butyrate are the chief organic acids produced by anaerobic colic fermentation","The establishment of an ""acetate buffer"" in the colonic lumen suppresses the growth of some pathogenic bacteria.",B,True,0.12026062084972852,0.6626772559074069,0.08835443787846595,0.12870768536439853
"Which of the following statements about glucose metabolism is correct?
",Glucagon increases the rate of glycolysis,Glycolysis requires NADP+,"In glycolysis, glucose is cleaved into two three-carbon products",The end-product of glycolysis in red blood cells is pyruvate,C,True,0.12123855226652538,0.08543051974916292,0.6082821951595488,0.18504873282476286
"What dietary component has been shown to improve hypertension in humans?
",potassium,sodium,polyunsaturated fatty acids,cholesterol,A,True,0.9603594528857239,0.020094749950800964,0.019545797163474987,4.300155123260131e-44
"Fats normally contain triacylglycerols at concentrations of:
",75-95%,50- 75%,> 95%,< 50%,C,False,0.4177063097546391,0.11882997350512943,0.34994887673294683,0.11351484000728473
"Which of the following statements about protein structure is correct?
",The sequence of amino acids in a protein is its tertiary structure,Cross-links formed by oxidation of -SH groups of cysteine to form disulphide bridges render the amino acid unavailable to digestion.,Cross-links between the &epsiv;-amino group of lysine and the carboxyl group of glutamate render the amino acid(s) unavailable for digestion.,All proteins have the same secondary structure,C,False,0.3012362820789614,0.3030307989673721,0.2926693422766886,0.10306357667697767
"Which of the following statements about exposures is true?
",'Exposure' refers to contact with some factor that may be harmful or beneficial to health.,An exposed individual has a greater risk of disease.,Dietary intake is not an 'exposure' because individuals make a choice about what they eat.,"High body mass index is a risk factor for a range of health conditions, therefore, it cannot be treated as a single exposure.",A,True,0.945272027725175,0.04036940701878227,4.20597636895819e-44,0.014358565256042587
"The test for checking mean plasma glucose concentration over the previous 8-10 weeks is:
",Hemoglobin A1c,Oral glucose tolerance test (OGTT),Fructosamine test,Fasting plasma glucose concentration,A,True,1.0,4.473608670385242e-44,4.473608670385242e-44,4.473608670385242e-44
"Which one of these organs has the lowest energy expenditure per unit of body mass (kg)?
",Brain,Kidney,Liver,Skeletal Muscle,D,True,0.2303527276718159,0.1066737523003205,0.12499728695852236,0.5379762330693413
"Are GM foods a valuable tool with which to address global food security and climate change?
","No, because they may cause cancer and have other unknown health effects thus making them unacceptable to consumers","Yes, because they can provide us with a more abundant and economical food supply for the world as well as continued improvement in nutritional quality","Yes, because they are cheaper than non-GM foods","No, because GM foods cannot adapt to the rate of climate change",B,True,0.043135492535664656,0.9568645074643354,4.240167035734632e-44,4.240167035734632e-44
"What do flavonoids (polyphenols), including isoflavones (phytoestrogens), inositol phosphates (phytates), lignans (phytoestrogens), isothiocyanates, indoles, phenols and sulphides and thiols, have in common?
",They are all sources of fibre,They are all derived from plant foods,They are all vitamins,They are all nutrients,B,True,0.017473245748571616,0.9495375786119907,4.1041366721258217e-44,0.03298917563943754
"Which of the following will increase in vitamin D deficiency?
",The plasma concentration of prothrombin,The plasma concentration of preprothrombin,The plasma activity of alkaline phosphatase,The plasma activity of acid phosphatase,C,False,0.5310682878171671,0.34078859031279163,0.06859697347138018,0.05954614839866109
"The 'mad cows disease' has had the greatest impact on food choice due to which of the following?
",A difference in perception of risk,Higher prices of meat,Farmers or food producers not trusting the government,Scientists investigating alternatives for meat,A,True,0.9155801878388904,0.030800443813297215,0.023665999536997964,0.029953368810814573
"Which one of the following is a definition of glycaemic index?
",The increase in blood glucose concentration after consuming the food.,The increase in blood glucose concentration after consuming the food compared with that after consuming an equivalent amount of white bread.,The increase in blood insulin concentration after consuming the food.,The increase in blood insulin concentration after consuming the food compared with that after consuming an equivalent amount of white bread.,B,True,0.09400980213519389,0.823059113431508,4.201552784772425e-44,0.08293108443329823
"Which of the following statements is true?
Impaired foetal growth is described as intrauterine growth retardation (IUGR). IUGR has the same definition as:
",low birthweight (LBW),very low birthweight (VLBW),birth weight below a population threshold for gestational age,pre-term birth,C,True,0.20796039863536636,0.041398248385139176,0.7258198912712155,0.02482146170827889
"Which statement about dietary fibre is most correct?
","The end products of it fermentation is mainly malic, succinic and propionic acids","Fermentation studies in vitro, with human faeces, have shown that soluble and insoluble forms are fermented completely within 24 hours","Fibre sources, such as hemicelluloses, pectins and inulin are rapidly fermented to short chain fatty acids, which have trophic effects on the colon",Stool bulking occurs mainly through the action of insoluble fibres such as cellulose,C,False,0.20298612695548013,0.11517876925151274,0.3261971119680714,0.3556379918249358
"Which of the following is not a reason for increased risk of vitamin or mineral deficiencies among older people in high income countries?
",Low income so decreased ability to purchase nutrient-rich foods,Decreased mobility and little time spend outdoors in the sunshine,Decreased intrinsic factor in the stomach,High nutrient requirements for tissue turnover,D,False,0.08256654998636469,0.0709906611052744,0.739267872271463,0.107174916636898
"What is the estimated global prevalence of untreated dental caries?
",20%,40%,60%,80%,B,False,0.20749402561074765,0.16804788138142318,0.29776847262078415,0.32668962038704497
"Bone mineral accretion
",Is rapid in the first 10 weeks of foetal life,Is slow in infancy,"In childhood, adolescence and young adulthood predicts risk of fracture in old age",Is particularly high after the menopause in women,C,True,0.145937200139741,0.050190034604876886,0.7791349713173313,0.024737793938050846
"Which of the following is not considered a diagnostic feature of Anorexia Nervosa
",Depressive symptoms,Significant Weight Loss,Body Image Distortion,Fear of becoming fat,A,True,0.8619807700038681,0.04459034081137945,0.04470279205881171,0.048726097125940775
"Supplementation with long-chain fatty acids EPA and DHA during pregnancy and infancy will likely benefit the following:
",Visual performance,Motor performance,Behaviour disorders,Memory,A,True,0.675352905395044,0.1545468485223528,0.11673163439383717,0.05336861168876595
"Deficiency of thiamin in alcoholics leads to
",Wernicke-Korsakoff syndrome,Cushing syndrome,Fatty liver,Hypogonadism,A,True,1.0,4.0674729171577953e-44,4.0674729171577953e-44,4.0674729171577953e-44
"In human DNA, which nucleotide base is methylated at the 5' position?
",Adenosine,Thymine,Cytosine,Guanine,C,True,0.19849265318355086,0.07690463807582813,0.37293800066528493,0.3516647080753362
"Which of the following statements is correct regarding intracellular fat metabolism?
",The mechanism by which non-esterified fatty acids are taken up by cells is by diffusion only.,"The mechanism by which non-esterified fatty acids are taken up by cells is by a combination of diffusion and carrier-mediated transport involving fatty acid binding, translocase and transport proteins.","The mechanism by which non-esterified fatty acids are taken up by cells is by a combination of diffusion and carrier-mediated transport involving fatty acid esterification, synthesis and transport proteins.","The mechanism by which non-esterified fatty acids are taken up by cells is by carrier-mediated transport only involving fatty acid binding, translocase and transport proteins.",B,True,0.031174238984797827,0.9100731038588283,4.359711096744639e-44,0.05875265715637376
"Which of the following statements about the digestibility of dietary proteins is correct?
",The digestibility of plant proteins is generally less good compared to animal proteins.,The digestibility of meat protein is less good compared with plant proteins.,Digestibility can only be measured at the terminal ileum,Digestibility can only be measured as faecal digestibility,A,True,0.7527688307795515,0.1017032849605337,0.0773718564742919,0.06815602778562303
"Basal Metabolic Rate (BMR):
",is measured in comfortable sitting position,is unaltered in hypothyroidism and hyperthyroidism,Is higher after weight gain because part of the excess weight is fat-free mass.,is not altered after weight loss.,C,True,0.16049966040912902,0.20954833457986724,0.34357846953954746,0.28637353547145644
"What is the best method to estimate changes in body fat during weight loss?
",BMI,DXA,Four-compartment model,MRI,C,True,0.09331789395675637,0.2999947813261913,0.46743440041989603,0.13925292429715622
"Which of the following statements is correct?
",Cholesterol mainly occurs in the cell walls of bacterial cells,Cholesterol mainly occurs in the cell walls of mammalian cells,Cholesterol mainly occurs in the cell walls of yeast cells,Cholesterol mainly occurs in plant cell walls.,B,True,0.17817674282689439,0.5277732469270063,0.04456229041018665,0.24948771983591264
"Which of the following statements about the role of the intestine in development of obesity best describes the situation?
",Obesity occurs because gut hormone secretion becomes deranged and PYY secretion fails to give a satiety signal.,"The gut/brain signalling pathway controls energy intake to within 2% of requirements, even in people who are morbidly obese","The problem is one of greed and gluttony, whereby people override strong satiety signals on a regular basis","Flavour signals from tasty, processed food will override satiety signals even after a large meal",B,False,0.4039618533964893,0.27458837310090883,0.10626360548362083,0.21518616801898108
"Which of these factors is associated with an increase in the risk for prostate cancer?
",Insulin-like growth factor-1,Dietary fat,Alcohol,Salt,A,False,0.3968441055096317,0.5286369610366823,0.056843678747162854,0.017675254706523206
"Which of the following is not a function of vitamin A
",Synthesis of the blood clotting proteins,Activation of vitamin D receptors,Activation of thyroid hormone receptors,Regulation of gene expression and cell differentiation,A,True,0.8722567439178744,0.06137593324812207,0.020449212877927003,0.045918109956076585
"Which of the following confirmed values meet the diagnostic threshold for diabetes?
",fasting blood glucose ? 140 mg/dl,random glucose > 160 mg/dl,2 hour post prandial glucose ≥ to 126 mg/dl,fasting blood glucose ≥ 126 mg/dl,D,True,0.1696043797970073,0.035513529881654377,0.061092227420950836,0.7337898629003875
"What is the basic functional unit of skeletal muscle tissue?
",the muscle fibre,the sarcomere,the myofibril,the sarcoplasmic reticulum,B,True,0.2378632874154627,0.6866045555923089,0.07553215699222834,4.4254868666072746e-44
"In the past two decades, interest in maternal nutrition has been heightened following the findings of epidemiological studies that show links between early experience and later health. Which of the following statements is true:
","although early life may appear to be important, observed links to risk of cardiovascular disease and type 2 diabetes can be largely explained by adult lifestyle",the observed links between early experience and later health have only been seen in UK studies,the epidemiological evidence shows programmed differences in physiology are only linked to events before birth,the epidemiological evidence shows programmed differences in physiology are linked to events before birth and in early postnatal life,D,True,0.060918765227908935,0.013258814268454207,0.02364002757693324,0.9021823929267037
"Was T.R. Malthus correct in concluding that population growth will outstrip food production growth?
","No, technological and institutional innovations have permitted food supplies to more than keep pace with population growth.","Yes, it is only because of widespread famines that population has not overwhelmed food supplies altogether.","No, but it is only because of the introduction of genetically modified food that supplies have kept pace with population growth.","No, but supplies are not likely to keep pace with population growth over the next 10 years.",A,True,0.972851959360324,0.021173848141372915,0.005974192498303043,3.995917259386841e-44
"What are histones?
",Lipids,Carbohydrates,Nucleotides,Proteins,D,True,0.009326866763789621,4.033167096723948e-44,4.033167096723948e-44,0.9906731332362103
"Which of the following statements about methods of evaluating protein quality in human nutrition is correct?
","The rat protein efficiency ratio assay, (PER), is a good method of assessing protein quality for human nutrition.","The rat net protein-utilisation assay, (NPU), is the best method of assessing protein quality for human nutrition.",Animal growth assays underestimate the quality of dietary proteins for human nutrition,The growing rat is a good model for assessing protein quality in human nutrition.,C,False,0.3131436503831479,0.12386007885640227,0.2804194820294788,0.282576788730971
"Alcohol is a major risk factor for cancer development. Which alcohol metabolite plays a prominent role in cancer development?
",fatty acid ethyl esters (FAEE),acetate,acetaldehyde,alcohol,C,True,0.07764247479291847,0.035819424606148106,0.85120792848503,0.03533017211590349
"The body mass index (BMI) of vegetarians differs on average from meat-eaters by how much?
",3 units of BMI,0.5 units of BMI,1 unit of BMI,2 units of BMI,C,True,0.16281901639126356,0.18445308605956717,0.33042858526391355,0.32229931228525566
"Which of the following statements about the diets and nutritional status of older people is correct?
",Reports suggest that older people consume less than the recommended contribution of fat to energy intake.,Multiple micronutrient deficiencies are widespread in older people in high-income countries.,Older people generally have a lower energy intake than younger adults.,There is little variation in the dietary intake between older people.,C,True,0.19172560447427517,0.2633206803843557,0.5012924465666456,0.04366126857472341
"Cholesterol and fatty acids absorbed from the intestinal lumen are packaged into which types of lipoproteins and secreted from the enterocytes into the lymph?
",Chylomicrons and HDL,Chylomicrons and VLDL,HDL and LDL,VLDL and HDL,A,False,0.364680080640849,0.40699613042592,0.05483732514279647,0.1734864637904345
"Which of the following vitamins is involved in one-carbon metabolism?
",Folate,Riboflavin,Thiamin,Vitamin C,A,True,1.0,4.059811409765133e-44,4.059811409765133e-44,4.059811409765133e-44
"Which of the following is not a beneficial effect of exercise in people with diabetes:
",Reduction of triglycerides,Hypoglycaemia,increase of insulin sensitivity,help controlling hypertension,B,True,0.05871530289656195,0.9035544280555292,0.014448898590796778,0.023281370457111945
"Which of the following cannot be a substrate for gluconeogenesis?
",Glutamic acid,Aspartic acid,Palmitic acid,Galactose,C,True,0.06417078474837146,0.027985842040845695,0.6300416201269967,0.2778017530837862
"The intake of which minerals is not affected by high intakes of foods containing phytic acid?
",Calcium,Potassium,Zinc,Iron,B,False,0.2450689217340833,0.19974055195607457,0.23501611451182575,0.3201744117980164
"The pathogenesis of hyperglycemia in type 2 diabetes includes all the following mechanisms except for:
",Increased glucose production by the liver,Impaired insulin secretion,Decreased glucose uptake from the skeletal muscle,All of the options given are correct,D,True,0.12393859921523542,0.06163679263976615,0.36514848363885666,0.4492761245061417
"Inviduals suffering from inhalant allergies may also react to cross- reacting food allergens. A person suffering from a natural latex allergy might not react to one of the following allergens
",avocado,mango,peach,figs,D,True,0.26657162408474955,0.19903354249832267,0.21775290699409608,0.3166419264228317
"Which of the following methods is recommended to screen for malnutrition on admission to hospital?
",A 7-day food diary,The MUST tool,Serum albumin concentration,Demi-span,B,True,0.02785418190684844,0.9319701752192193,0.04017564287393235,4.3499820823481153e-44
"Which of the following in not a zinc-dependent enzyme?
",Superoxide dismutase,Alkaline phosphatase,Glutathione peroxidase,DNA polymerase,C,False,0.12071171207036342,0.5716841182102234,0.05032175849106481,0.2572824112283484
"Which of the following statements about the protein requirement is correct
",The protein requirement is equal to the demand multiplied by the efficiency of utilization.,The protein requirement is equal to the demand divided by the efficiency of utilization.,The protein requirement can be less than the demand.,The protein requirement is always the same as the demand.,B,False,0.19554999845767226,0.3361682885363254,0.3637162000393951,0.1045655129666073
"What dietary pattern shows most promise in preventing age related cognitive decline
",The Western diet,The Mediterranean diet,Neither,Both,B,True,0.04363891195218816,0.9073701752256744,4.36745142507719e-44,0.0489909128221376
"What enzyme is responsible for copying methylation marks from the parental to the daughter strand of DNA during replication?
",DNMT1,DNMT3a,DNMT3b,DNMT3L,A,True,0.8594423808255012,0.025221152681807933,0.059360874717651696,0.05597559177503924
"What is the worldwide prevalence of obesity?
",11%,13%,15%,39%,B,False,0.10063889772088203,0.07550937646990546,0.14951214697488488,0.6743395788343276
"Lactose
",Is always the cause of milk intolerance,Cannot be digested in the human gut,Intolerance is present in up to 20% of the population,Is excluded on a low FODMAP diet,D,False,0.03138785548944982,0.06329579835496686,0.8486962006100307,0.056620145545552523
"How many stages within the food supply chain can food availability and consumption be measured?
",10,5,2,4,B,False,0.10789368253205407,0.26735234196134094,0.22587174117845898,0.39888223432814607
"Which of the following is a function of folate?
",Synthesis of TMP (thymidine monophosphate),Decarboxylation of amino acids to form amine neurotransmitters,Synthesis of methionine from homocysteine,Carboxylation of pyruvate to oxaloacetate,A,False,0.39605181557837493,0.033391115116378524,0.5419941728132813,0.028562896491965157
"The vitamins which are lost most readily during cooking are:
",vitamin E and niacin,vitamin D and vitamin E,riboflavin and vitamin C,vitamin C and thiamin,D,True,0.09105592530831699,0.05055827248223177,0.22002682738509785,0.6383589748243533
"Doses of substances used in animal toxicity studies are usually many times greater than those experienced by people because:
",Animals are generally much less sensitive than people,Such tests can detect only very large risks because of the fact that only small numbers of animals can be used,It is difficult in such studies to determine whether the observed toxic effects were caused by the substance,It is the only way to ensure results are applicable to people,B,False,0.528604558986111,0.12044736189863538,0.23135766045445366,0.11959041866080002
"Risk management for chemical contaminants of food generally relies on:
",Banning of the contaminant from food,Allowing levels of contamination based on what manufacturers believe is achievable,Banning any food found to contain detectable amounts of the contaminants,Prohibiting the introduction into commerce food containing contaminants at levels greater than a specified level (a risk-based MRL or tolerance),D,True,0.032727389093823736,0.017490600359093517,0.042240493150319844,0.9075415173967628
"The effects of iron on certain aspects of socio-emotional development (shyness, orientation/engagement and response to unfamiliar pictures) is due to:
",The role of iron in myelination,The role of iron in neurochemistry,The role of iron in dopamine production,None of the above,C,False,0.2608859405292477,0.48549243335132547,0.15911119578296615,0.09451043033646067
"Insulin deficiency is associated with
",Reduced lipolysis,Increased ketogenesis,Reduced gluconeogenesis,Reduced proteolysis,B,True,0.2896011804327385,0.3572667982088879,0.23838102444706655,0.11475099691130704
"Which of the following vitamins provides the coenzyme for reduction reactions in fatty acid synthesis?
",Folate,Niacin,Riboflavin,Vitamin B6,B,False,0.20055547629902332,0.25893630329932255,0.040795313036125984,0.49971290736552815
"On an average daily basis, the gross energy intake of a healthy woman is 9279 kJ, the energy content of her faeces and urine are 647 kJ and 318 kJ, respectively. Her average daily digestible energy intake and metabolisable energy intake would be, respectively,:
",647 kJ and 318 kJ,9279-318 kJ and 9279-647 kJ,9279+318 kJ and 9279+647 kJ,9279-647 kJ and 9279-(647+318) kJ,D,False,0.16688254796232743,0.36257732408427223,0.27014600156009566,0.20039412639330473
"When epidemiologists judge the evidence to establish possible causes of a health outcome, they consider
",The estimated strength of the association between an exposure and the outcome.,Evidence that the exposure of interest has appeared before the outcome.,Evidence showing that reductions in the exposure level will reverse the risk of the outcome.,All of the options given.,D,True,0.1378033098841683,0.03282183443024508,0.025868457717239283,0.8035063979683474
"Women who are planning a pregnancy are recommended to take a supplement of 400ìg folic acid/ day before and until the end of the first trimester of pregnancy. What effect does such supplementation have on methylation of the imprinted gene IGF2 in the resulting children?
",No effect.,Methylation of IGF2 is increased.,Methylation of IGF2 is decreased.,The effect depends on whether the child is male or female.,B,False,0.1997265982430405,0.2030158434512796,0.2661527314943197,0.3311048268113601
"Occasionally infants are born without a normally functioning immune system. What are the signs most suggestive of a severe combined immunodeficiency?
",Recurrent severe infections,Family history of unexplained death in infancy,Generalised spread of the Tuberculosis strain BCG after vaccination,All of the options given are correct,D,True,0.35414926710127254,0.05828561271654255,4.4804831898798144e-44,0.5875651201821849
"Fibre supplements
",May be helpful in diverticular disease,Are always easily fermented by colonic bacteria,Are usually derived from soluble fibre sources,Should be avoided in constipation,A,True,0.47986927950174507,0.06675023330236939,0.12787858926748819,0.32550189792839734
"Which life-style factors do not confound the interpretation of the health of vegetarians compared with meat-eaters?
",Smoking habit,Social class/position,Physical activity,Age,D,False,0.3700219578205145,0.10907035681191944,0.19642666378108084,0.32448102158648523
"Which of the following has not at one point in the past few decades been considered as a cause of the oedema of kwashiorkor?
",Altered composition of intestinal bacteria,Low intake of antioxidant nutrients,Sudden weaning from the breast,Iron deficiency,D,True,0.14626683265146095,0.2812451684542568,0.10604950088014466,0.4664384980141376
"Which of the following is not a non-coding RNA?
",mRNA,tRNA,rRNA,miRNA,A,True,0.8932787834235933,0.08102849230242325,4.337466675650963e-44,0.025692724273983395
"More and more detrimental effects of malnutrition during childhood and adult life have been identified. The effects of over nutrition e.g. overweight and obesity are less well known. Overweight and obesity are associated with which of the following
",Cardiovascular disease,Breast cancer,Type 2 diabetes (maturity onset),all of the options given are correct,D,True,0.022391219820901528,4.849533052573438e-44,4.849533052573438e-44,0.9776087801790984
"After consumption of a mixed meal, a complex cascade of events takes place that integrates fat metabolism at the whole body level. Which of the following is correct?
",Consumption of a meal leads to suppression of lipase activity within adipose tissue leading to a decrease in plasma NEFA concentrations,Adipose tissue lipoprotein lipase is activated by insulin and therefore is most active following meal consumption,During the postprandial period the VLDL synthesis pathway is suppressed in favour of hydrolysis of chylomicrons,All options given are correct,D,True,0.08593673389622096,0.0581116158914195,0.04296633805378513,0.8129853121585743
"What difference will urbanisation make for hunger and malnutrition?
",No significant difference; low-income urban and rural people face similar constraints in accessing food and consume similar diets in developing countries.,It will reduce poverty and hunger because these are almost entirely concentrated in rural areas.,"Urban dwellers depend more than rural people on purchases to acquire food, have little opportunity to grow their own food, and so are much more vulnerable to food price increases.","Poor city folk eat mainly sorghum, millet, maize and root crops, so a lot more of those foods will need to be produced as the world urbanises.",C,True,4.663098268686316e-44,4.663098268686316e-44,1.0,4.663098268686316e-44
"Which membrane fatty acids are precursors for eicosanoids?
",C20 and C22 saturated fatty acids,C18 and C22 polyunsaturated fatty acids,C20 and C22 monounsaturated fatty acids,C20 and C22 polyunsaturated fatty acids,D,True,0.04257238098119022,0.10627916978103913,0.026465878756630094,0.8246825704811405
"Under conditions of metabolic or other stress, which of the following amino acids generally regarded as being dispensable may be required in greater amount than can readily be synthesised in the body?
",Glutamate,Alanine,Aspartate,Glycine,D,False,0.25179088821903045,0.3591296029617531,0.2642755303265318,0.12480397849268467
"The most direct method for measuring body composition is:
",underwater weighing,Skinfold test,Body mass index,weight,A,True,0.9944934382299939,3.9872690301851504e-44,3.9872690301851504e-44,0.005506561770006154
"What type of diet is recommended for weight maintenance?
",Low protein and low GI,High protein and high GI,Low protein and high GI,High protein and low GI,D,True,0.1949913382903589,0.139234343574853,0.06798221579563392,0.5977921023391541
"The Worldwide HIV/AIDS campaigns have made significant progress over the last years. The HIV infection rates in Europe
",Have been significantly decreasing,Have been unchanged,Have been increasing,Are unknown,B,False,0.5712125844560191,0.1413018726193253,0.194109133050454,0.09337640987420161
"For certain micronutrients, 'biochemical functional indices' have been developed, to assess the adequacy of one or more biochemical pathways that respond predictably to changes in status of that specific micronutrient. One example is serum methylmalonic acid as a biochemical functional index for vitamin B12 status. What is the primary aim of such biochemical functional index measurements?
",To achieve a better estimate of the dietary intake of the micronutrient.,"To overcome interference, eg by acute phase-linked effects.","To correct for nutrient losses, e.g. through urinary excretion.","To provide an additional status estimate that can probe critical tissue adequacy, and hence the risk of consequent clinical disease or physiological malfunction.",D,True,0.011297358017376798,0.011534835085102224,4.022237771641856e-44,0.9771678068975209
"In terms of price per calorie, which of the following foods is the cheapest and most nutritious?
",Apple,Slice of bread,Cheese burger,Broccoli,C,False,0.2006858397322295,0.12289777336009683,0.0806158515003581,0.5958005354073156
"All babies lose weight after birth, you should be concerned when:
",Weight loss is 5%,Weight loss is < than 10%,Birth weight is not regained by day 7,Weight loss in > than 10% or birth weight is not regained by day 14,D,True,0.174856859962602,0.13569975971810755,0.24728900074305812,0.4421543795762323
"Which of the following statements about glucose metabolism is correct?
",All of the reactions of glycolysis are freely reversible for gluconeogenesis.,Fructose cannot be used for gluconeogenesis in the liver.,Red blood cells can catalyse aerobic glycolysis because they contain oxygen bound to haemoglobin.,Red blood cells can only metabolise glucose by anaerobic glycolysis and the pentose phosphate pathway.,D,False,0.23072860629035336,0.10791161962339972,0.3922184108967446,0.2691413631895024
"Risk assessment is applied to data on toxicity and human exposure to:
","Estimate the likelihood, or probability, of a toxic effect on exposed humans",To support risk management decisions for food substances,To derive Allowable Daily Intakes,All of the above,A,False,0.014393036709404096,4.2307565924913466e-44,4.2307565924913466e-44,0.985606963290596
"What is the typical body composition of a normal weight young adult man?
","Fat = 17%, Fat Free Mass=83%, Intracellular Fluid= 40%, Extracellular Fluid= 20%","Fat = 83%, Fat Free Mass=40%, Intracellular Fluid= 17%, Extracellular Fluid= 20%","Fat = 20%, Fat Free Mass=17%, Intracellular Fluid= 40%, Extracellular Fluid= 83%","Fat = 40%, Fat Free Mass=20%, Intracellular Fluid= 17%, Extracellular Fluid= 83%",A,False,0.24345161708967944,0.21927109149271926,0.236817173829045,0.3004601175885563
"The critical pH below which demineralisation of tooth enamel occurs is usually around:
",6,5.7,5.5,5,C,False,0.13321558234424638,0.3480923213513691,0.34402379821240986,0.17466829809197473
"The supplementation of diet with which fat soluble vitamins has been shown to reduce cardiovascular disease?
",Vitamin A and D,Vitamin A and K,Vitamin D and E,None of the above,D,False,0.26581744248070444,0.12559021773206228,0.445351971490527,0.16324036829670627
"Vitamin D deficiency can often be found as a single nutrient deficiency, that is, in an otherwise well-nourished person. The main reason this can happen is because:
",Foods containing large amounts of vitamin D are eaten by both poor and wealthy people according to various cultural reasons.,The content of vitamin D in foods depends on the soil in which the food was grown so is not related to wealth or age.,Most vitamin D in the body does not come from food so access to food is not an important determinant of vitamin D status.,Diets containing sufficient other nutrients to promote growth can increase the requirement of vitamin D so that it becomes limiting.,C,True,0.13128012596228608,0.0631566031499478,0.42980662845521117,0.375756642432555
"Water transport can occur from the lumen of the intestine to the blood stream, or from the blood stream to the intestinal lumen. Which single statement about this phenomenon, below, is actually correct?
","A ""flip-flop"" mechanism efficiently transports water directly across the enterocyte membrane","Water flows into the gut from the mucosa, during digestion of starch and protein, in order to reduce luminal osmolality",Water is mostly absorbed by movement between the cells lining the gut (enterocytes) via tight junctions,Dietary intake of water is always greater than water movement in the small intestine,B,False,0.17042857851154417,0.23578567004393405,0.523329447560148,0.07045630388437375
"Which of the following are the recommended blood pressure and lipid goals for the prevention of cardiovascular disease in adults with diabetes?
","BP < 140/90, Trig <150, LDL < 100","BP < 130/85, Trig < 300, LDL < 100","BP < 135/80, Trig < 200, LDL < 130","BP < 130/80, Trig <150, LDL < 100",D,True,0.1931022795248587,0.21988522249026457,0.1187446980903611,0.4682677998945156
"Current recommendations are that:
",All babies should be exclusively breastfed until around 6 months,Solids should be introduced at 4 months of age,Cow's milk is appropriate for all children from 6 months,Bottle feeding is more appropriate for babies than breast feeding,A,True,0.8390719277171725,0.1128461123645623,0.04808195991826533,4.778400494120456e-44
"Food allergies:
",Are avoidable if the allergic agents are not allowed to exceed specified limits,Are a form of food intolerance,Usually occur only after an individual has been sensitized by prior exposure,Are uncomfortable but generally of little medical concern,C,True,0.03925988718551924,0.01684296252614798,0.9261972781572335,0.01769987213109923
"The UNICEF model of the causes of malnutrition identifies several levels of causes: immediate, underlying and basic. Which of the following is not one of the underlying causes in the UNICEF model?
",Insufficient rainfall for agriculture,Inadequate access to food,Inadequate care for mothers and children,Insufficient health services and unhealthy environment,A,True,0.9080313723042217,4.309637878843827e-44,0.020980555264701436,0.0709880724310769
"Which statement about intestinal ""brakes"" and ""accelerators"" is FALSE?
",Dietary starch is a potent stimulator of small intestinal motility because it causes insulin release from the pancreas,"Food in the stomach causes gastrin release, which stimulates acid secretion",Short-chain fatty acids which move from colon to caecum (reflux) promote ileo-caecal motility,"The arrival of lipid in the duodenum causes an immediate reduction in motility and a switch from the ""fasting"" to the ""feeding"" pattern.",A,False,0.16005544634342825,0.19486801726107844,0.3044214819194783,0.340655054476015
"What is meant by the term 'functional isolation'?
",A child that is only developing one single function at the time,A child that is isolated from proper nutrition and therefore not developing adequately,"A malnourished, apathetic child that is not receiving the same stimulation from the environment affecting his/her development negatively",None of the above,C,False,0.2092121811610909,0.3498716447174538,0.08243592771469213,0.35848024640676324
"Which of the following proteins is not involved in the absorption of cholesterol in the small intestine?
",NPC1L1,LDL receptor,ACAT2,ABCG5/G8,B,True,0.15964319733383736,0.40500949382716733,0.28298607978096874,0.15236122905802663
"What is the prevalence of alcoholic myopathy in alcoholics
",30 to 50%,40 to 60%,20 to 40%,10 to 30%,B,False,0.37763593363740955,0.15282510958526688,0.24225371667825402,0.2272852400990695
"Molecules of natural polyunsaturated fatty acids in vegetable oils contain:
",18 carbon atoms with one carbon-carbon double bond in the cis configuration,20 carbon atoms with at least two carbon-carbon double bonds in the cis configuration,18 carbon atoms with at least two carbon-carbon double bonds in the trans configuration,18 carbon atoms with at least two carbon-carbon double bonds in the cis configuration,D,True,0.30463497962060343,0.26468532610641776,0.021385306450882897,0.4092943878220958
"Which of the following statements is not true?
",Docosahexaenoic acid can be synthesised from linolenic acid in vegans,Docosahexaenoic acid is absent from vegan diets,Lack of docosahexaenoic acid in vegans causes visual and cognitive impairment,Microalgae can be used to synthesise docosahexaenoic acid,C,False,0.3687595287531064,0.3364478461792301,0.18756599334770097,0.10722663171996256
"Which of the following statements about glycogen metabolism is correct?
",A key step in the synthesis of glycogen is the formation of UDP-glucose,"In muscle in the fasting state, glycogen is broken down to glucose 6-phosphate, then free glucose.",Glycogen is stored mainly in the liver and brain.,Glucagon increases the synthesis of glycogen,A,True,0.4891835279242245,0.18524582592269492,0.19728569997010378,0.12828494618297692
"The WHO made a strong recommendation that the maximum intake of free sugars by individuals within populations should be
",<5%,5-10%,<10%,>10%,C,True,0.3693715672882886,0.03678358900727035,0.5468612723563299,0.04698357134811117
"Rickets of prematurity is associated with:
",Hypocalcaemic convulsions,Use of frusemide diuretic,Vitamin D deficiency in the mother,All of the options given are correct,D,True,0.08550541494529473,4.466464336153335e-44,0.10648539148976931,0.808009193564936
"Which of the following diseases does obesity increase the risk of developing?
",Type 2 diabetes,Cancer,Cardiovascular disease,All of the options given are correct,D,True,0.06391657357310909,4.4541449311333936e-44,0.02053603802297429,0.9155473884039167
"Which of the following statements about the protein:energy ratio of the requirement is correct?
",Infants and children need the most protein dense food,Children are most susceptible to protein deficient diets,Young adults need the most protein dense food,The elderly need the most protein dense food,D,False,0.17905085997500148,0.1629528995804768,0.3648177812306587,0.29317845921386304
"Since the 1996 World Food Summit, how has the number of food insecure people in the world changed?
",The Summit's goal of cutting the number of hungry people in half by 2015 was achieved.,"The number decreased, but not by nearly enough to meet the Summit's goal.",The number increased slightly.,"Because of rising food prices, the number increased dramatically.",B,True,0.023360729284841522,0.6256943648796558,0.07272298354382997,0.2782219222916726
"Which of the following statements is correct?
","Starch mainly contains amylose, which is a polymer of fructose with alpha 1,4-linkages","Starch mainly contains amylose, which is a polymer of glucose with alpha 1,4-linkages","Starch mainly contains amylose, which is a polymer of fructose with beta 1,4-linkages","Starch mainly contains amylose, which is a polymer of glucose with beta 1,4-linkages",B,True,0.2542087906211676,0.6268154816439696,0.023489479490899762,0.09548624824396286
"What caused the food-price spike of 2007-2008?
",Long-term neglect of agricultural and rural development caused the spike.,The use of food crops to produce biofuel caused food prices to rise.,It was caused by commodity price speculation.,All of the above were among the causes.,D,True,4.323458652634454e-44,0.019962976504060478,0.028286463911660557,0.9517505595842789
"Toxicity and dose-response data from animal studies, together with data of which of the following types, are used to evaluate the safety of a food substance?
",Rates of consumption of the food to which the substance is added,The concentration of the substance in food,The daily intake of the substance by humans consuming the food,The total amount of the substance a person will consume over a lifetime,C,False,0.12904453816388034,0.15339624372873858,0.2711849341173523,0.44637428399002876
"Epidemiological measures of effect assess the _______ between an exposure and an outcome.
",strength of the causal mechanisms,strength of the reversibility,strength of the association,strength of a confounding factor,C,True,0.017944823318228928,0.016609120609948295,0.9654460560718228,4.121234653173679e-44
"The risk factors for type 2 diabetes mellitus include:
",family history,being overweight,high intake of dietary fat,All of the options listed are correct,D,True,0.017747343109455565,0.03119904922343726,4.3101410659515564e-44,0.9510536076671071
"The World Health Organization recommends zinc supplements for which groups of people?
",Pregnant and lactating women,Children with severe malnutrition or diarrhoea,All children in low income areas with high prevalence of stunting,Elderly people with low incomes,B,False,0.466649062067994,0.36063247757245054,0.17271846035955538,4.619638636559109e-44
"Which of the following statements is/are true? Epigenetic changes may be key to understanding the links between early experience and later health. They may:
",include changes in DNA methylation,modify gene expression without changing the underlying DNA sequence,enable one genotype to result in different phenotypes,all of the options given are correct,D,True,0.03359885249922429,4.780106025541721e-44,4.780106025541721e-44,0.9664011475007758
"Confounding is a particular challenge in nutritional epidemiology because
",people change their diets over time.,it is difficult to measure people's diets accurately in large studies.,the are no good methods to adjust for confounding in nutritional studies.,"different dietary components are correlated with each other, making it difficult to separate their effects.",D,False,0.01776616447739263,0.7342134912168427,4.1365974959686826e-44,0.24802034430576464
"Infants born to mothers who are vegan may be at increased risk of deficiency of which nutrient?
",Vitamin C,Folate,Vitamin B12,Calcium,C,True,0.010174222189741247,0.20360014261404827,0.7353034602827888,0.05092217491342159
"Which of the following statements about proteolysis is correct?
",The rate of tissue protein catabolism is more or less constant throughout the day.,All tissue proteins undergo catabolism at more or less the same rate.,All proteins that are to be catabolised are tagged with the peptide ubiquitin.,Lysosomal enzymes provide the only mechanism for tissue protein catabolism.,A,False,0.1310507787691468,0.08377352043454914,0.6944515881562122,0.09072411264009186
"Which of the following statements about plant sources of amino acids in human nutrition is correct?
",All plant protein sources are deficient in essential amino acids,All plant protein sources contain all essential amino acids although some may be limited by the amount of particular amino acids,All plant protein sources are deficient in lysine,All plant protein sources are deficient in the sulphur amino acids acids,B,True,0.11692154579806878,0.8209650029054966,0.030266362918153336,0.03184708837828129
"Which of the following vitamins provides the coenzyme for oxidative decarboxylation of pyruvate?
",Folate,Niacin,Riboflavin,Thiamin,D,False,0.5669031989352495,0.0479853144035998,0.06300077413484124,0.32211071252630935
"Gluten
",May increase carbohydrate malabsorption,Is a constituent of avenin,Is the main protein in maize,May be contra-indicated in UC,A,False,0.354576254086058,0.18592813462080263,0.033236511846409196,0.4262590994467303
"Adaptive thermogenesis refers to:
",A decrease in heat loss when exposed to cold,A decrease in non-shivering thermogenesis when exposed to cold,An increase in basal metabolic rate that is not fully explained by a change in body composition during chronic overfeeding,A decrease in spontaneous physical activity during chronic overfeeding.,C,True,0.03203995788150797,0.02058186416389398,0.92880209654168,0.018576081412917927
"Which of the following rules regarding the interconversion of fuels are central to the integration of metabolic pathways?
",Fatty acids can be made from and converted to carbohydrates and amino acids,Carbohydrates can be made from and converted to amino acids and fatty acids,Fatty acids can be made from but not converted to carbohydrates and amino acids,Amino acids can be made from and converted to fatty acids,C,True,0.30621211475244664,0.23681291643443625,0.32220840196846073,0.1347665668446564
"Assessing growth in routine practice should be:
",Height only,Weight only,Weight and height,Head circumference,C,True,0.03751111271179364,0.026372738078395845,0.9118478162996428,0.02426833291016755
"The daily amount of protein oxidized in the body of a person spending 24 hours in a respiratory chamber can be determined from his/her:
",O2 consumption alone,CO2 production alone,Breath collection,Total urinary nitrogen excretion alone,D,False,0.13686242620266584,0.1417835264760761,0.4467591714034507,0.27459487591780735
"What is the primary lipoprotein secreted from the liver that is at least partially composed of dietary derived lipids?
",Chylomicrons,HDL,VLDL,LDL,C,False,0.7710520234186226,0.030065400529998267,0.1082568588999954,0.09062571715138387
"Which of the following statements about the nutritional status of older people is correct?
",The risk of high iron stores is greater than the risk of iron deficiency in older people.,All older people living in Western countries have low vitamin D status.,There is strong evidence that vitamin C supplements lower the risk of cancer in older people.,Low dietary intake of vitamin B12 is the main cause of vitamin B12 deficiency in older people.,A,False,0.15032055295479596,0.06375020716091563,0.0420790896169082,0.7438501502673802
"Which of the following could lead to iodine deficiency?
",Low intake of fruits and vegetables,Intake only of locally grown food in central Africa,Insufficient caloric intake,Inadequate sunlight exposure,B,False,0.24400293896725628,0.1542067400811455,0.2727321751303948,0.3290581458212034
"In relation to Eating Disorders, it is correct that:
",ED have decreased their prevalence over the last decades,AN has the highest mortality across all mental disorders,BED occurs exclusively in obese subjects,Individuals with BN are predominantly impulsive and have comorbid borderline personality disorder,B,True,0.08312630665110733,0.5339975323934878,0.02349044911647934,0.35938571183892554
"What are the limitations of food balance sheets? (select all that apply)?
",No account is taken of waste or losses of food,Consumption estimates give higher values than those derived from other types of surveys,No information is available on the distribution of consumption within a country,All of the options given are correct,D,True,0.2159028393829128,0.05327910823783265,0.03934298900361088,0.6914750633756436
"The pancreas secretes a large amount of digestive enzymes after a meal. Which statement about this process is correct?
",Pepsinogen is the chief enzyme which digests protein and requires removal of a peptide sequence from the active cleft before it can work,Pancreatic á-amylase will hydrolyse starch to free glucose,Enteropeptidase converts trypsinogen to trypsin by cleavage of a peptide sequence that blocks the active site of trypsin.,Pancreatic secretion of hydrochloric acid is required to provide the correct pH for maximal pancreatic enzyme in the duodenum,C,True,0.17556256728502959,0.11777003748206646,0.6125842525350993,0.0940831426978048
"A deficiency of which vitamin has been associated with enamel defects and increased risk of dental caries?
",Vitamin A,Folic acid,Vitamin C,Vitamin D,D,False,0.6607466236630297,0.208319621815323,0.06465749585195436,0.06627625866969304
"Which of these factors reduces the risk for cancer of the colorectum?
",Vitamin C,Dietary fibre,Alcohol,Oestrogen,B,True,0.025007643825276125,0.9749923561747238,4.552310216069851e-44,4.552310216069851e-44
"Deficiencies of which of the following nutrients can lead to anaemia?
",Iodine and vitamin C,Copper and iron,Zinc and protein,Vitamin D and zinc,B,True,0.20787777030938265,0.5099696245446743,0.21929044065916972,0.06286216448677337
"Which of two hormones act on the hypothalamus to increase satiety and hunger, respectively?
",Leptin and insulin,Leptin and ghrelin,Ghrelin and leptin,Ghrelin and insulin,B,True,0.06769090195173803,0.48247841458794527,0.37817327239646137,0.0716574110638553
"What is the phenotype of a congenital disorder impairing the secretion of leptin?
","Normal energy intake, normal body weight and hyperthyroidism","Obesity, excess energy intake, normal growth and hypoinsulinaemia","Obesity, abnormal growth, hypothyroidism, hyperinsulinaemia","Underweight, abnormal growth, hypothyroidism, hyperinsulinaemia",C,False,0.07552305661928893,0.6656962965305122,0.1986834382032538,0.06009720864694511
"What are the effects of globalisation on food security?
",Wealthy countries subsidies and trade barriers make it difficult for developing countries to take advantage of the potential of globalisation for advancing food security.,"World Trade Organisation rules do not cover agriculture, so globalisation really has no bearing on food security.",Supermarkets are so far the only way in which food and agriculture have experienced globalisation.,Developing countries need to create publicly-owned food reserves in order to realise the potential benefits.,A,True,1.0,4.546693846679403e-44,4.546693846679403e-44,4.546693846679403e-44
"Which of the following statements is correct?
",The amount of oxygen available in the headspace of canned food is kept at a high level so as to limit losses of vitamin C,Reheating canned vegetables before serving only causes small losses of vitamin C,Losses of vitamin C are much higher for most canned fruits than those for canned vegetables,Losses of vitamin C in canned foods during storage at ambient temperature tend to be small,D,True,0.24590368059982964,0.09594359982350865,0.1471223004873024,0.5110304190893593
"Which statement about Engel's law on food economics is correct?
","As income rises, the proportion of income spent on food, declines","As income rises, the proportion of income spent on food, increases","As income rises, the proportion of income spent on food, remains similar","As income declines, the proportion of income spent on food, declines",A,True,0.7123067690599303,0.19677411058160113,0.0909191203584685,4.526200006486271e-44
"The stomach lining contains several types of cells. Which statement about them is correct?
",Mucous cells secrete the glycoprotein mucin,Chief cells the hormone gastrin (which stimulates acid secretion).,"Parietal cells secrete pepsinogen, the inactive precursor of pepsin",G Cells secrete hydrochloric acid,A,False,0.29939540214041815,0.08635828225697187,0.22409911125439566,0.39014720434821437
"Which of these factors increases the risk for lung cancer?
",Saturated fat,Obesity,High dose ß-carotene supplements,Alcohol,C,False,0.04854284417573951,0.4232760781001456,0.10139355135754005,0.42678752636657485
"According to the recommendations for the nutritional management of patients with diabetes, the consumption of saturated fat should be:
",<10% of total daily energy,<12%,<15%,<16%,A,False,0.2657880014918301,0.1324610585038997,0.44419519941691465,0.15755574058735547
"When using bioelectrical impedance for measuring body composition, why does an electrical current travel faster through muscle than it does through fat?
",Muscle contains less water than fat,Muscle contains more water than fat,Muscle weighs more than fat,Muscle weighs less than fat,B,True,0.27788557376280487,0.6938846413059869,4.58342821435529e-44,0.028229784931208254
"Maternal weight gain is usually monitored in pregnancy. Which of the following statements is/are true:
",research to define pattern and level of optimal weight gain is ongoing,both inadequate and excessive weight gain are associated with poorer maternal and infant health outcomes,excessive maternal weight gain in pregnancy has been linked to obesity in the offspring,all of the options given are correct,D,True,0.12523556259492982,0.1437334387892529,5.168781516982794e-44,0.7310309986158172
"Which of the following will provide the main fuel for muscle contraction during short-term intense activity such as sprinting?
",Muscle triacylglycerol,Plasma free fatty acids,Plasma triacylglycerol in VLDL,Muscle glycogen,D,True,0.09106848370951878,0.05821288905915011,0.018365758718710042,0.8323528685126211
"How many calories should a woman eat each day during pregnancy?
",Less than 200 kCal,An additional 200 kCal in the third trimester only,An additional 200 kCal throughout pregnancy,No change from pre-pregnant levels,B,False,0.03997862701734441,0.12241851031954964,0.6817922595968344,0.15581060306627154
"Which of the following will be increased in vitamin K deficiency
",The plasma concentration of calcitonin,The plasma concentration of prothrombin,The time for blood to clot,Haemolysis due to oxidative damage to red cell membranes,C,False,0.02645723940182984,0.8720787437062169,0.10146401689195332,4.4357017578512046e-44
"Which of the following contributes to reduced energy expenditure in older adults?
",A reduction in lean body mass,A reduction in physical activity,A reduction in basal metabolic rate,All of the above,D,True,0.016494861084074355,4.2246321659350026e-44,4.2246321659350026e-44,0.9835051389159256
"Which one of following statements about nitrogen balance is correct?
",In nitrogen equilibrium the excretion of nitrogenous metabolites is greater than the dietary intake of nitrogenous compounds.,Positive nitrogen balance means that there is a net loss of protein from the body,In positive nitrogen balance the excretion of nitrogenous metabolites is less than the dietary intake of nitrogenous compounds.,In negative nitrogen balance the excretion of nitrogenous metabolites is less than the dietary intake of nitrogenous compounds,C,True,0.07756033054609039,4.54843084810023e-44,0.8409534033343157,0.0814862661195939
"Deficiency of vitamin A in children causes:
",Goitre,Poor cognitive development,Poor bone growth,Increased risk of mortality,D,False,0.029181422122093972,0.7774780779548786,0.024462902298349343,0.1688775976246782
"Which of these factors increases the risk for postmenopausal breast cancer?
",Red meat,Dietary fat,Fish,Obesity,D,True,0.04878621666926757,0.02824345438790179,4.2483388190309405e-44,0.9229703289428307
"Which of the following foods might be considered a ""goitrogen""?
",Fish,Meat,Rice,Brassicas,D,True,0.02283209980732754,4.330202228043269e-44,0.016326285757700964,0.9608416144349716
"Which statement best describes the differences between the characteristics of type 1 and type 2 diabetes:
",persons with type 2 diabetes usually require lower doses of insulin than person with type 1 diabetes because they have a milder form of diabetes,persons with type 1 diabetes rapidly develop chronic complications,autoimmune factors are involved in the pathogenesis of type 1 but not type 2 diabetes,persons with type 1 diabetes can increase endogenous insulin production by taking oral hypoglycemic agents,C,True,0.1823309837355649,0.09099719004322661,0.7266718262212084,4.627979779472988e-44
"Which of the following nutritional interventions has been shown to improve child development?
",Protein-energy supplementation during pregnancy,Protein-energy supplementation during the first two years,Both of the interventions,None of the interventions,C,True,0.18275079845449235,0.21511775324849414,0.4408330479661514,0.16129840033086223
"Food supplements, including trace minerals and vitamins are frequently advertised with promising health benefits. Which of the following substance could be consumed in excess, i.e. well above the recommended daily requirement?
",Vitamin C,Vitamin D,Zinc,Vitamin A,A,False,0.22841623700796154,0.04767370392488096,0.22992601091204556,0.4939840481551119
"The thermic effect of food
",is substantially higher for carbohydrate than for protein,is accompanied by a slight decrease in body core temperature.,is partly related to sympathetic activity stimulation in the postprandial phase,is not attenuated by food malabsorption.,C,True,0.29893890744966256,0.1702535896864762,0.4700359116744193,0.060771591189441816
"What is the primary method of dietary assessment used in epidemiological studies?
",Weighed diary,Unweighed diary,24-hour recall,Food frequency questionnaire,D,False,0.03553368828482581,0.012002842686406601,0.8727916279233856,0.07967184110538211
"Calculate the body mass index (BMI) for a patient whose height is 1.75 m and whose weight is 99 kg.
",29,32,39,43,B,False,0.28124519119421726,0.21334348135298029,0.2263651844100694,0.27904614304273306
"Diagnosis of iron deficiency can be complicated by concurrent infection since many markers of iron status are altered by infection. Which of the following combinations of iron status markers is likely to be found in a person with both iron deficiency and a severe infection?
","Low haemoglobin, high ferritin, high serum transferrin receptors, high hepcidin","Low haemoglobin, low ferritin, high serum transferrin receptors, low hepcidin","Low haemoglobin, low ferritin, normal serum transferrin receptors, high hepcidin","Low haemoglobin, low ferritin, low serum transferrin receptors, high hepcidin",A,False,0.21223569524953584,0.3664282851046219,0.1474140106530474,0.2739220089927949
"How much dietary protein should athletes consume daily?
",<0.8 g protein per kg bodyweight per day,0.8-1.2 g protein per kg bodyweight per day,1.2-1.7 g protein per kg bodyweight per day,>2.0 g protein per kg bodyweight per day,C,False,0.12716554877244662,0.49134181242265107,0.2745505703816892,0.10694206842321306
"Which vitamins are important in lowering circulating homocysteine levels
",Vitamin D,Vitamin C,Vitamin A,"Folate, vitamins B6 and B12",D,True,4.406096971877488e-44,0.011272992766911958,4.406096971877488e-44,0.9887270072330882
"The function of the gastrointestinal tract can be classified in several ways. Which of the following functions is most important for survival immediately after a meal?
",Absorption and retention of water and electrolytes,Elimination of toxins,Maintenance of barrier function,Extraction of maximum value from nutrients,A,True,0.40802933549155546,0.07702927947777954,0.3510421853877737,0.16389919964289137
"Which single statement below, about the stomach, is actually correct?
","Acid secretion occurs in response to secretion of the hormone, carbonic anhydrase",Glands called Peyer's patches are responsible for acid secretion,The vagus nerve inhibits acid secretion after a meal has been consumed,Pepsinogen and gastric lipase are two enzymes secreted into the lumen of the stomach,D,True,0.13713664644220006,0.027943702133011977,0.20564493147800855,0.6292747199467793
"The best evidence exists for which nutrients in the prevention of age related cognitive decline?
",N-3 fatty acids,Phytochemical,N-6 fatty acids,Long chain saturated fats,A,True,0.9782714792542505,0.021728520745749394,4.133847330729639e-44,4.133847330729639e-44
"Which diseases are not less frequent among vegetarians?
",Respiratory diseases,Colorectal cancer,Ischaemic heart disease,Diverticular disease,A,False,0.19937872559366795,0.11380566032920733,0.13579806413090612,0.5510175499462187
"For Binge Eating Disorder it is incorrect that:
","Binge Eating episodes in BED are usually richer in calories than those of BN, leading patients to obesity",BED patients have higher odds of developing obesity,Bariatric surgery can be considered a treatment option for mild cases,Spontaneous remission is a possible outcome,A,False,0.29149445298862914,0.3032895853774033,0.13579677632095166,0.269419185313016
"Although theoretically any food protein could act as a food allergen, there are eight major food allergens in Europe and North America which account for most of the allergic triggers observed in childhood. Which of the allergens pairings contains an allergen, which is not part of the group of eight major allergens?
","Cow's milk, egg","Mustard seeds, lamb,","Soy, peanuts","Fish, shellfish",B,False,0.28292768510348065,0.11631279088836763,0.3557518493179357,0.2450076746902161
"Prenatal programming:
",Explains the rise in obesity in the pre-school years,May be effected through the epigenetic effects of intrauterine nutritional inadequacy,Causes high blood pressure in young children,Only affects low birth weight children,B,True,0.0213892186967877,0.9786107813032122,4.4581719646706907e-44,4.4581719646706907e-44
"The best available evidence for an association between amount of sugars and risk of dental caries comes from which type of study design?
",Randomised controlled,Non-randomised controlled,Cross sectional observational,Cohort,D,False,0.47689823220751687,0.07213013502320949,0.06705473448239851,0.3839168982868751
"Which of the following statements about nutritional status and health outcomes is correct?
",Hypertension in older people is unlikely to be associated with high salt intake.,There is strong evidence that supplements of vitamin B12 will improve cognitive function in older people.,Older people are no more likely to have low haemoglobin concentration than younger people.,Folate deficiency in older people is less prevalent in countries with mandatory fortification of flour with folic acid.,D,True,0.1382618200041781,0.1004837812687538,0.07574157628636931,0.6855128224406988
"Which of the following statements about the consequence of an adaptive metabolic demand for the determination of the minimum protein requirement is correct.
",Adaptation is fully accounted for in the design of nitrogen balance studies.,The adaptive metabolic demand means that the slope of N-balance studies underestimates the efficiency of protein utilization,Variable adaptation between different N-balance studies is fully accounted for in the calculation of the safe individual protein requirement as EAR+2SD,Adaptation should not influence the interpretation of N-balance studies.,B,True,0.25462425665605887,0.3153075006424333,0.14324757903534904,0.2868206636661589
"De novo fatty acid synthesis usually signifies which of the following?
",An excess of fat intake,A depletion of energy yielding substrates,Only occurs with prolonged fasting,An excess of energy yielding substrates,D,True,0.09327412590161052,0.21706827770806142,0.04077099198837573,0.6488866044019523
"Which of the following lipoproteins is produced via the exogenous lipoprotein pathway?
",High density lipoproteins,Very low density lipoproteins,Chylomicrons,Low density lipoproteins,C,True,0.0483714272538207,0.04077138117128293,0.7258701654796378,0.18498702609525863
"The following types of research findings provide strong evidence for an association between diet and skeletal health:
",Long-term intervention studies that have a large sample size with fracture as an endpoint,Experimental studies which measure bone remodelling through biochemical markers,Experimental studies which have a one-off measure of bone mineral density and bone mineral content,Case reports from individual patients,A,True,0.9353700977865369,0.039262233511198494,0.02536766870226449,4.502888997537564e-44
"Which vitamin is required for vision in dim light?
",Vitamin A,Vitamin D,Vitamin E,Vitamin K,A,True,1.0,4.498723103524799e-44,4.498723103524799e-44,4.498723103524799e-44
"The amount and composition of dietary fat are important factors for influencing blood lipid metabolism. Which of the following statements is correct?
",Replacement of saturated fatty acids with n-6 polyunsaturated fatty acids is associated with a reduction in plasma triglyceride concentrations,Replacement of saturated fatty acids with monounsaturated fatty acids is associated with an increase in LDL cholesterol,Consumption of soluble dietary fibre and plant stanols/sterols is associated with a significant increases in LDL cholesterol,Replacement of saturated fatty acids with large amounts of carbohydrate is associated with decreased LDL and increased plasma triglyceride concentrations,D,False,0.7951478951954326,0.11500431840947464,0.022128597555291934,0.0677191888398008
"Additional dietary protein may:
",Increase risk of hip fracture,Decrease calcium excretion in the urine,Stimulate production of insulin-like growth hormone,Reduce muscle mass and strength,C,True,0.135403897245657,0.21098751123543993,0.5502880361683717,0.10332055535053132
"Greater milk consumption
",Has been reported to be associated with a higher incidence of fracture and higher mortality in a few studies,During puberty seems to be associated with higher bone mineral density in later life,Is consistently associated with a lower rate of fractures,In countries with the highest rate of fracture suggests that milk consumption is beneficial to the skeleton.,A,False,0.3651600356749432,0.4307144800903661,0.09240161079976894,0.11172387343492164
"It is correct to state about the epidemiology of Anorexia Nervosa that:
",Females are three times more affected than males,It never happens in children or post menopausal women,Males from any socioeconomic background can be affected,Prevalence rates are 2% for female adolescents,C,False,0.41149566288708483,0.062468521901825065,0.17630772050359939,0.3497280947074907
"What should elite athletes ideally consume during prolonged high intensity exercise (>2.5 hours)?
",60 g glucose per hour,60 g glucose plus fructose per hour,90 g glucose per hour,90 g glucose plus fructose per hour,D,False,0.1473462263187929,0.3967822726105247,0.12565985568675883,0.3302116453839236
"What endogenous substrate source provides the most energy during moderate to high intensity exercise?
",Liver glycogen,Muscle glycogen,Intramuscular lipid,Adipose tissue lipid,B,False,0.11896591784809207,0.19803132939633175,0.26833914514785473,0.41466360760772153
"How does agricultural research help reduce hunger and poverty?
",Transnational private-sector firms are the main source of research oriented towards poor farmers and consumers.,Agricultural research mainly benefits commercial farmers in developed countries.,Research focused on the problems of poor farmers and consumers is a 'public good' with little profit potential but high social benefits; public investment is needed to support it.,Pro-poor research should only focus on organic farming.,C,True,0.007456691205407498,4.267777459438619e-44,0.9925433087945925,4.267777459438619e-44
"Severe acute malnutrition in young children is defined as:
",Weight-for-age Z score <-3,Height-for-age Z score <-3 and oedema,Height-for-age Z score <-3 or weight-for-height Z score <-3 or oedema,Height-for-age Z score <-3 or weight-for-age Z score <-3 or oedema,C,True,0.05564996917129228,0.0377540714834866,0.6254766904509091,0.2811192688943121
"What are the main metabolites of alcohol metabolism?
","Acetaldehyde, acetate,","Pyruvate, beta-hydroxybutyrate,","Acetyl-CoA, lipids,","Acetone, lactate",A,True,0.71607940575952,0.030521918434385075,0.026353828609616256,0.22704484719647863
"Energy that is expended for standing at an office desk, walking to a file cabinet, and other office job-related activities is referred to the following energy expenditure component:
",Non-exercise activity thermogenesis (NEAT),Structured (volitional) exercise activity thermogenesis,Physical activity (non-resting) energy expenditure,Basal metabolic rate,A,True,0.8752215454694736,0.019436031147921706,0.10534242338260469,4.318617949126792e-44
"Are most developing-country farmers engaged in subsistence or commercial production?
",Almost all are subsistence farmers.,"Very few engage in subsistence production, instead selling almost all of their produce on the market.",Virtually all small-scale producers are engage in some self-provisioning and market sales.,37% engage in pure subsistence production.,C,True,0.12150078821623356,0.07782103365720623,0.7445580717845754,0.05612010634198463
"Which of the following statements about protein synthesis is correct?
",All the information in DNA codes for proteins,The mRNA formed by transcription of a region of DNA only contains information for the protein to be synthesised.,Both strands of DNA are transcribed to form mRNA.,The RNA formed by transcription of DNA undergoes splicing and further modifications to form mRNA.,D,True,0.33168159965516064,0.17499273723759412,0.08426413853253983,0.40906152457470546
"Which of the following is closest to the amount of retinol formed from ß-carotene?
",2 mol retinol /mol ß-carotene,1 mol retinol /mol ß-carotene,0.15 mol retinol /mol ß-carotene,0.1 mol retinol /mol ß-carotene,C,False,0.2643069025302328,0.33286594372801653,0.2326038140792866,0.17022333966246406
"From the list of oral microorganisms, which is primarily responsible for the initiation of dental caries?
",Mutans streptococci,bifidobacteria,Lactobacilli,P. gingivalis,A,True,1.0,4.417276420638044e-44,4.417276420638044e-44,4.417276420638044e-44
"Which statement about the oral phase of digestion is INCORRECT?
",About 2% of the energy content of food is expended during the action of chewing and swallowing it.,Swallowing involves contraction and relaxation of at least 14 groups of muscles in about 10 seconds in healthy subjects,The biofilm covering tooth enamel contains several salivary and bacterial enzymes,Salivary amylase digests the dextran film on tooth enamel formed from dietary sucrose,D,True,0.11132175534348378,0.0788915169014879,0.07703857766137297,0.7327481500936553
