0,1,2,3,4,5,correct,A_prob,B_prob,C_prob,D_prob
An important source of information on the credit rating of retail businesses is,the Retail Merchants Association,the local chamber of commerce,"Dun & Bradstreet, Inc.",the United States Retail Credit Association,C,True,0.01842582216117896,4.112050757722245e-44,0.7970400983453821,0.18453407949343897
"In preparation for a writing unit on short stories, a teacher presents students with several examples of short stories and works with them to identify defining characteristics of the genre. Which of the following best describes this instructional strategy?",Conferencing,Discipline-based inquiry,Self-Regulated Strategy Development,Introduction-Body-Conclusion strategy,B,True,0.15552203650741706,0.7399000691964766,0.06468597675624506,0.03989191753986138
Paper will burn at approximately what temperature in Fahrenheit?,986 degrees,2125 degrees,3985 degrees,451 degrees,D,True,0.036938009397775216,0.04184670607171029,0.0488049277319038,0.8724103567986107
The Apple iMac computer is available in all of the following colors except which?,Tangerine,Strawberry,Kiwi,Grape,C,False,0.07982515399992557,0.11386241890115507,0.24680300500252292,0.5595094220963964
What were the first names of the early American explorers Lewisand Clark?,Morgan and Mason,Meriwether and William,Cabot and Joseph,Meredith and George,B,True,4.2078726228493834e-44,0.925339652481578,0.034629273940197144,0.0400310735782248
"A teacher provides support for small, flexible groups of beginning readers. As students read a text or a book that is unfamiliar to them, the teacher works with the students to teach them how to use a variety of reading strategies. Which of the following reading approaches is described?",Direct instruction,Literature circle,Guided reading,Read-aloud,C,True,4.180565429004092e-44,4.180565429004092e-44,0.9906575204380812,0.009342479561918943
What is varicella?,a fancy pasta,a type of opera,the chicken pox virus,ancient Roman poetry,C,True,4.3063034665518296e-44,4.3063034665518296e-44,1.0,4.3063034665518296e-44
Which of the following materials has a resistance that is LEAST affected by temperature changes?,Copper,Carbon,Germanium,Silicon,A,False,0.14507531206939128,0.19225407435487277,0.21697078240155396,0.445699831174182
A second-year college student is usually called a what?,sophomore,senior,freshman,junior,A,True,0.9918872797466047,3.9816417900359867e-44,3.9816417900359867e-44,0.008112720253395189
In the film 'The Talented Mr Ripley' who plays Mr Ripley?,Jude Law,Matt Damon,Dustin Hoffman,Ben Affleck,B,True,0.18054854807533133,0.6708678723383471,0.11522953619889728,0.033354043387424204
A hard-edge painting is most likely to be characterized by,"an even, solid paint application",blurry color mixed on the painting's surface,scratchy brush marks clearly separated,translucent multiple layers of paint,A,False,0.10741558002341865,0.012079507682892825,0.8568104340156103,0.023694478278078298
Who was president of the United States when Bill Clinton was born?,Herbert Hoover,Harry S Truman,Franklin Roosevelt,Dwight Eisenhower,B,False,0.2573050164737187,0.21379072493738868,0.27233826519850896,0.25656599339038366
Which of the following lists includes minerals only?,"Granite, gabbro, diorite, quartz, feldspar","Gold, quartz, topaz, diamond, corundum","Gneiss, schist, phyllite, chlorite, mica","Coal, chert, limestone, dolomite, halite",B,True,0.1258047243813957,0.5792627638852812,0.0536872744333974,0.2412452372999258
Which of the following is a likely outcome of the development and use of genetically modified plants?,Reduced cost of plant seeds,New plant varieties being patented,Increased genetic diversity within a planted field,Less oversight and fewer regulations than for unmodified crops,B,True,0.02379343130383887,0.9078055438827496,0.010308043851938302,0.05809298096147337
"A teacher reads aloud Where the Wild Things Are, a picture storybook in which a boy named Max encounters wild monsters that are vividly portrayed. The teacher then shows the students picture cards depicting scenes from the beginning, middle, and end of the story. Which of the following concepts of literary structure is the teacher helping students understand?",Plot sequence,Point of view,Character development,Setting,A,True,1.0,4.127388703157051e-44,4.127388703157051e-44,4.127388703157051e-44
"Which movie popularized the phrase ""You talkin' to me?""",Ghost Busters,Taxi Driver,Joker,Groundhog Day,B,True,6.090853756137089e-44,1.0,6.090853756137089e-44,6.090853756137089e-44
Which of the following most likely indicates the presence of water in the hydraulic system in a piece of farm machinery?,"A grayish, milky fluid",Excessive fluid use,Excessive thinning of the fluid,A noisy relief valve,A,True,0.9137250672726589,0.02380553280677594,0.03609977109764233,0.02636962882292264
What animal represents the year 2000 on the Chinese calendar?,dragon,rabbit,tiger,monkey,A,True,0.370084397996743,0.10573418779197273,0.21347893918955296,0.31070247502173143
Which of the following is part of a farm combine?,Beater,Conditioner,Seed plate,Furrow opener,A,False,0.3422111433997524,0.3569850217170584,0.06285627210743848,0.23794756277575055
According to legend in what country are you most likely to meet a leprechaun?,Ireland,Poland,Greenland,Scotland,A,True,0.993545123512685,0.0064548764873149644,4.691517554231677e-44,4.691517554231677e-44
During which of the following processes within the hydrologic cycle do water molecules absorb energy?,Formation of ice from water,Formation of a cloud from water vapor,Runoff along the land surface,Evaporation from the ocean surface,D,True,0.031790077103371436,0.11188858510363395,4.1341320909055563e-44,0.8563213377929946
What French city is home to a famous international film festival each spring?,Cannes,Marseille,Dijon,Lyon,A,True,1.0,4.144631953400813e-44,4.144631953400813e-44,4.144631953400813e-44
What do you call three consecutive strikes in bowling?,yahtzee,mulligan,turkey,ace,C,True,0.024785547666583953,5.312623816845244e-44,0.975214452333416,5.312623816845244e-44
Which of the boys on the TV show 'My Three Sons' is adopted?,Mike,Ernie,Chip,Robbie,B,False,0.09670387303703094,0.1377805571257703,0.3595154504144299,0.40600011942276876
Which of these horror films spawned the most sequels?,Scream',Jaws',Halloween',Friday the 13th',D,True,0.055990561141985674,0.0711875131188221,0.16635907015303336,0.7064628555861587
What is the name of the female character played by comedian Flip Wilson on his 1970s TV show?,Miss Jackie,Elizabeth Sanford,Geraldine Jones,Gladys Knight,C,True,4.0829888498005654e-44,0.016732224463190754,0.9647632251500022,0.018504550386806845
What kind of animal is a peregrine?,moose,cat,bird,fish,C,True,4.656589958667617e-44,4.656589958667617e-44,1.0,4.656589958667617e-44
What part of the human body does a gastroenterologist examine?,Brain,Skeleton,Stomach,Nose,C,True,4.2101074154943606e-44,4.2101074154943606e-44,1.0,4.2101074154943606e-44
A piece of paper that appears blue in sunlight is illuminated solely by a red light that is passed through a green filter. What color does the paper appear under this illumination?,Blue,Green,Red,Black,D,False,0.35170341370872105,0.20164621394024215,0.22844346133647703,0.21820691101455983
Meat should be kept frozen at what temperature in degrees Fahrenheit?,0 degrees or below,between 10 and 20 degrees,between 20 and 30 degrees,just below 32 degrees,A,True,1.0,4.181624827577043e-44,4.181624827577043e-44,4.181624827577043e-44
What kind of animal is cartoon character Tennessee Tuxedo?,cat,skunk,walrus,penguin,D,True,0.1619059336779718,0.07805550766112823,0.0866979475310566,0.6733406111298433
What US president is mentioned by name in the opening theme song of TV's 'All in the Family'?,Calvin Coolidge,Harry Truman,Herbert Hoover,Richard Nixon,C,False,0.05362567750182014,0.15280570481847883,0.14825643023964152,0.6453121874400596
What is the heaviest confirmed noble gas?,Xenon,Argon,Radon,Krypton,C,False,0.4330302431002127,0.05633188247605845,0.2329357981231362,0.2777020763005927
How many moles of HCl must be added to sufficient water to form 3 liters of a 2 M HCI solution?,1 mol,2 mol,3 mol,6 mol,D,False,0.15581514607898136,0.1591991037360788,0.34544745358037304,0.33953829660456675
Who led the 1831 slave insurrection in SouthamptonVirginia?,John Brown,Dred Scott,Nat Turner,Harriet Tubman,C,True,5.233032696737817e-44,5.233032696737817e-44,0.9916813568150951,0.008318643184905002
For what purpose would you use an awl?,to shoot ducks,to polish floors,to make holes,to weigh fruit,C,True,4.704722030698119e-44,4.704722030698119e-44,1.0,4.704722030698119e-44
Which of these bones is located in the wrist?,Patella,Humerus,Carpals,Coccyx,C,True,3.99782980740248e-44,3.99782980740248e-44,1.0,3.99782980740248e-44
What do you call a young cow?,mare,lamb,kid,calf,D,True,4.722038320334804e-44,4.722038320334804e-44,0.024597153900680672,0.9754028460993193
Which of these is an Italian Design firm?,Escada,Fendi,Ghost,Mainbocher,B,True,0.020440586270036674,0.5970886813950935,0.29114325970168525,0.0913274726331846
Operant conditioning would be most useful for,determining whether a toddler is securely attached,increasing on-task behavior in the classroom,measuring a dependent variable,preventing anterograde amnesia,B,True,0.00710010475762026,0.9928998952423798,4.103950520094916e-44,4.103950520094916e-44
Which of these countries was not a member of the Axis alliance during World War II?,Germany,Italy,Spain,Japan,C,True,0.030233476561380396,0.029763330208253946,0.8620428555674097,0.07796033766295601
The demand for labor is called derived demand because it is,dependent on the demand for the final product that the labor is used to produce,inversely related to the wage rate,dependent on the availability of capital goods,directly related to the marginal utility of working,A,True,1.0,3.9915982784631817e-44,3.9915982784631817e-44,3.9915982784631817e-44
Which of the following actions is most important before removing the blade from a gas-powered lawn mower?,Adjusting the wheels to their highest level,Removing the spark plug,Emptying the gas tank,Removing the air filter,B,True,4.120215919728179e-44,0.7874356530379728,0.08261495826542271,0.1299493886966046
Which of the following is a force that is most responsible for causing a fixed-wing aircraft to move forward?,Lift,Drag,Thrust,Weight,C,True,0.044361897221251535,0.0183864545969843,0.9201089806964926,0.017142667485271535
Which of the following heavenly bodies have never had a spacecraft landed on it?,Venus,Mars,The Moon,Jupiter,D,False,0.5276442436634792,0.09073267770790765,0.1248812362514724,0.25674184237714065
The labor force primarily consists of all,employed workers under the age of 16,persons classified as unemployed or employed,persons who are employed as full-time workers,"unemployed, employed, and discouraged workers",B,True,4.1492580473401953e-44,0.664348646515971,0.01673009881989861,0.3189212546641303
Which of the following is an example of persuasive speech?,A campaign manager's introduction of a mayoral candidate,A professor's lecture on the structure of the heart,A company president's yearly sales report,A tour guide's discussion of an art museum installation,A,True,0.5587619370109299,0.0336462446470305,0.036096393217597146,0.3714954251244425
What is the name of the POW camp where 'Hogan's Heroes' are held?,Stalag 13,Alcatraz 17,Devil's Island,Leavenworth,A,True,0.9894536826242183,4.186440908688233e-44,0.010546317375781761,4.186440908688233e-44
Which value is the most reasonable estimate of the volume of air an adult breathes in one day?,100 liters,"1,000 liters","10,000 liters","100,000 liters",C,False,0.2369583696779875,0.23604176750949907,0.2387357926437201,0.2882640701687933
What is a Dutch oven?,a toaster oven,a microwave,a kettle pot,a sauna,C,True,0.2007357190106409,4.3078585516388594e-44,0.4437842727253267,0.35548000826403237
What does it mean to work 'probono'?,work overtime,work without pay,work as your own boss,not work at all,B,True,4.1569498314131474e-44,1.0,4.1569498314131474e-44,4.1569498314131474e-44
What is the largest animal ever to live on Earth?,blue whale,giant squid,woolly mammoth,Tyrannosaurus,A,True,1.0,4.874382070946012e-44,4.874382070946012e-44,4.874382070946012e-44
Which of these is not a Hindudeity?,Shiva,Vishnu,Sanskrit,Brahma,C,True,0.033048794208899515,0.03249455971003484,0.8435704181508581,0.09088622793020756
What kind of angle is formed where two perpendicular lines meet?,obtuse,acute,right,invisible,C,True,0.022791162863840968,0.03761819214897439,0.9241867458648361,0.015403899122348587
The nineteenth-century photographic process used to create a daguerreotype was notable for its,quick exposure time,ability to capture sharp detail,capacity to be reproduced multiple times,use of paper negatives,B,True,0.20225399643565067,0.5131551908111208,0.26758854358516215,0.017002269168066415
A business teacher has students analyze a scenario in which a few firms in the gas industry produce a homogeneous product and dominate the market. This situation would primarily produce a market structure representative of,an oligopoly,a pure monopoly,monopolistic competition,pure competition,A,True,0.9950248929157492,4.0365352297342226e-44,4.0365352297342226e-44,0.004975107084250774
In traditional English puppet shows who is married to the character Punch?,Debbie,Victoria,Judy,Barbara,C,False,0.17362233340164557,0.14028220484111623,0.22215360179086688,0.4639418599663712
In what sport do athletes compete for the Walker Cup?,cricket,tennis,squash,golf,D,True,4.095210834180349e-44,4.095210834180349e-44,4.095210834180349e-44,1.0
A pita is a type of what?,Fresh Fruit,flat bread,French tart,fried bean dip,B,True,4.394926562804376e-44,1.0,4.394926562804376e-44,4.394926562804376e-44
What is the oldest permanent European settlement in the United States?,St Augustine Florida,Plymouth Massachusetts,Newport News Virginia,Charlotte North Carolina,B,False,1.0,4.958598556591425e-44,4.958598556591425e-44,4.958598556591425e-44
"As seen from Earth, the Moon goes through a series of phases due to changes in which of the following?",The amount of the Moon's surface that is in Earth's shadow,The amount of the illuminated side of the Moon that can be seen from Earth,The part of the Moon that faces Earth as the Moon rotates on its axis,The tilt of the Moon on its axis,B,True,4.242860678884372e-44,0.9740934244841454,0.025906575515854523,4.242860678884372e-44
In which of the following fields did Islamic civilization most influence Europeans at the time of the Crusades?,Music,Theology,Mathematics,Law,C,True,0.029166209801980286,4.272220234704206e-44,0.9533969566280667,0.017436833569953084
Which of the following is not a flavor of Ben & Jerry's Ice Cream?,Wavy Gravy,Bovinity Divinity,Cutie Patootie,Chubby Hubby,C,True,0.12599247977035663,0.12264187471935269,0.5634659810263681,0.1878996644839226
Which of the following terms refers to the use of distortion to create the illusion of an object extending into space?,Cantilevering,Contrapposto,Sfumato,Foreshortening,D,True,0.009785788934594787,4.141077572957233e-44,4.141077572957233e-44,0.9902142110654052
How much energy do Americans waste each year by throwing out the unused ice in their drinks?,6*10^8 J,6*10^11 J,6*10^14 J,6*10^17 J,C,False,0.1791306523970219,0.28814748255070316,0.24508366480519578,0.28763820024707915
Who wrote 'A Tale of Two Cities'?,Charles Dickens,Nathaniel Hawthorne,Washington Irving,Mark Twain,A,True,0.9926792090927183,4.0804945011547905e-44,4.0804945011547905e-44,0.007320790907281563
What is your astrological sign if you were born on Halloween?,Scorpio,Capricorn,Libra,Cancer,A,False,0.2271804391988212,0.21836107240166064,0.24239293023314665,0.3120655581663715
In an adult human how long is the large intestine?,one foot,five feet,twelve feet,twenty feet,B,False,0.06777096700955539,0.17532729565303828,0.3000974298319912,0.4568043075054152
The purpose of an amicus curiae brief is to,influence the outcome of a Supreme Court case,explain the reasoning of a Supreme Court decision,request a writ of habeas corpus from the Supreme Court,order a party to comply with a Supreme Court decision,A,True,0.9756671756080257,0.009763269710647865,4.011319214603766e-44,0.014569554681326452
What are the names of the two primary M&M's spokes-candies?,Peanut and Plain,Red and Yellow,Mort and Marty,They don't have names,B,True,0.2553673894421493,0.32419524787652837,0.23923885620064503,0.1811985064806773
The accumulation of stress along the boundaries of lithospheric plates results in which of the following?,Earthquakes,Magnetic reversals,Hurricanes,Increased deposition of deep-sea sediments,A,True,1.0,4.076765591065918e-44,4.076765591065918e-44,4.076765591065918e-44
In bowling how many pins must you knock down to get a strike?,zero,8,10,12,C,True,0.189163160356603,0.1621879138374469,0.3421068191377849,0.3065421066681653
Which of the following geometric shapes is most commonly used to give strength to the structure of truss bridges?,Circle,Triangle,Hexagon,Rectangle,B,True,4.007594683261045e-44,1.0,4.007594683261045e-44,4.007594683261045e-44
What kind of item is a ginsu?,radio,knife,toothbrush,martial arts weapon,B,True,0.009379703094242705,0.9906202969057573,4.3235958218795514e-44,4.3235958218795514e-44
Which of these words is a synonym for 'perambulate'?,kiss,shout,stroll,heal,C,True,0.006658662500836818,4.379987854502251e-44,0.9933413374991633,4.379987854502251e-44
"After a visit to a rescue squad, Ms. Espinosa asks her 3-year-old students to help her write a thank-you letter to the rescue squad employees. She records the students' responses on a large sheet of chart paper as the students share their ideas. While writing, Ms. Espinosa focuses the students' attention on several early literacy skills. Which of the following is the most appropriate focus for 3-year-old students?",Paraphrasing ideas,Spelling words correctly,Expressing speech in print,Capitalizing proper nouns,C,True,0.0584320241833508,4.3116562524093787e-44,0.8018287519696081,0.13973922384704124
What's the third letter of the Greek alphabet?,delta,gamma,phi,theta,B,False,0.39292705279733076,0.09087648513636513,0.09392301697194706,0.42227344509435705
"A well on the side of a hill penetrates the water table at an elevation of 550 feet above sea level. If someone plans to drill on the top of the hill, where would the water table most likely be found?",The water table would be found at sea level.,The water table would be found at an elevation lower than 550 feet above sea level but above sea level.,The water table would be found at an elevation higher than 550 feet above sea level but many feet below the land surface.,"The water table would intersect with the land surface at the top of the hill, forming a spring.",C,True,0.08936173621701672,0.28423972494810473,0.43707861853869145,0.18931992029618713
Before he went into coaching Phil Jackson played for which of the following NBA teams?,Boston Celtics,Los Angeles Lakers,New York Knicks,Philadelphia 76ers,C,True,0.13027563761411337,0.2611519691493174,0.47842874912409616,0.13014364411247314
Old-fashioned steam engines were powered by coal transferred from the tender to the engine by human stokers using a shovel. What is the maximum power such an engine could attain?,6*10^3 W,6*10^5 W,6*10^7 W,6*10^11 W,B,False,0.24000460667889628,0.2171472549530513,0.3060022386126332,0.23684589975541923
People are supposed to drive on the left-hand side of the road in which country?,France,Italy,England,Germany,C,True,0.14677241011427972,0.16070186152307356,0.5290343991624592,0.16349132920018758
In the famous ballet 'The Nutcracker' who does the hero defeat?,Sugar Plum Fairy,Rat King,Snow Queen,Marzipan,B,True,0.02056232743985184,0.9586256810289774,0.020811991531170842,4.327046247312311e-44
An airplane's black box is usually what color?,black,white,orange,purple,C,True,0.07518368686234074,4.630493223401103e-44,0.9248163131376593,4.630493223401103e-44
Which of these sentences is written in the subjunctive?,I am not your man,I wish I were your man,Wherefore art your man?,Your man is where?,D,False,0.03970031752699037,0.9503691858834862,0.009930496589523453,4.057691835715206e-44
Which of the following terms refers to the process of using thick applications of paint?,Scumbling,Alla prima,Impasto,Frottage,C,True,4.2489343743721416e-44,4.2489343743721416e-44,0.9779247294292789,0.022075270570720968
What was Richard Nixon's middle name?,Michael,Milhous,Mortimer,Matthew,B,True,4.204499365344219e-44,0.9816367549248283,0.0183632450751718,4.204499365344219e-44
In what country did Pokemon originate?,France,Hungary,Japan,Canada,C,True,4.161177696853832e-44,0.05715927799348327,0.9295363018626676,0.013304420143849081
What important food crop is grown in fields called paddies?,wheat,rye,corn,rice,D,True,3.9557606849740293e-44,3.9557606849740293e-44,3.9557606849740293e-44,1.0
A triad on a color wheel can be described as,three analogous colors,three colors equally spaced apart,three colors of equal value,a complementary set,B,True,0.17406549175755776,0.4883948598966601,0.03154717100117055,0.3059924773446117
Which of these famous baseball figures was once acquitted at court-martial for insubordination?,Abner Doubleday,Ty Cobb,Jackie Robinson,Billy Martin,C,True,0.1640932147087249,0.1255450864612184,0.3873294212797012,0.3230322775503555
Which of the following best describes an effect of the green revolution in the 1960s?,Increased varieties of each crop planted,Increased use of fertilizers,Decreased use of mechanization,Decreased use of pesticides,B,True,0.031380049872928834,0.9686199501270712,3.988656866851439e-44,3.988656866851439e-44
In what forest did Robin Hood live?,Black Forest,Petrified Forest,Nottingham Forest,Sherwood Forest,D,True,4.3701845065349185e-44,0.012883435502051002,0.027310357248536657,0.9598062072494123
If a piece of music is in 'common time' how many quarter notes are there per measure?,one,four,five,ten,B,True,0.22381176511734105,0.46920138296872865,0.10230016279227601,0.20468668912165425
Which of these countries does not participate in NAFTA?,United States,Canada,Mexico,Guatemala,D,True,0.07080737679137851,0.017583477579725316,0.059011095599957424,0.8525980500289388
President Abraham Lincoln's Emancipation Proclamation declared free only those slaves who,were living in the areas still in rebellion,were serving in the Union armies,were living in the border states,had escaped to Northern states,A,True,0.9792276015225783,4.064957232141806e-44,4.064957232141806e-44,0.020772398477421725
Which of the following terms refers to Archaic Greek statues whose poses‚Äîrigidly frontal with clenched fists‚Äîrecall the stance of ancient Egyptian statues?,Caryatids,Telamones,Discoboloi,Kouroi,D,True,4.0365332004291976e-44,0.02810311409588201,0.04601222362268931,0.9258846622814286
In 1978 who became the youngest jockey ever to win horse racing's triple crown?,Jerry Bailey,Steve Cauthen,Willie Shoemaker,Pasquale Devito,B,True,0.014675765805415368,0.8741388485958194,0.11118538559876541,4.324946461502459e-44
What does the Latin phrase 'e pluribus unum' mean?,What a crazy life,In God we trust,from many one,for the greater good,C,True,4.628599005659223e-44,4.628599005659223e-44,1.0,4.628599005659223e-44
In the United States what is the first day of spring?,21-Feb,21-Mar,21-Apr,21-May,B,True,0.053556973349604395,0.8278315649321717,0.07326739614220251,0.04534406557602151
Which of the following is an example of a concurrent power?,The printing and coining of money,The power to declare war,The process of naturalization,The levying of taxes,D,False,0.5087433608768653,0.056172200797971236,0.029306692027814576,0.40577774629734886
Which of these animals shares its name with a luxury car?,yak,gazelle,sloth,jaguar,D,True,0.09208576334395749,0.0215727954950311,0.022884912555797204,0.8634565286052142
Who were the Know-Nothings?,a '60's comedy troupe,computer designers,a political party,a spy ring,C,True,0.013616731577418908,3.998139437925769e-44,0.9786148755954143,0.007768392827166838
Which of the following poses the greatest safety risk while being heated in a school laboratory?,A mixture of iron and sulfur,Mercury(II) oxide,Sodium chloride,Copper(II) sulfate hydrate,B,False,0.12587928097715304,0.15325448805220462,0.03397093004464472,0.6868953009259976
Who is the star of the TV show 'Everybody Loves Raymond'?,Ray Liotta,Ray Romano,Ray Parker Jr,Sugar Ray Leonard,B,True,5.985850476173078e-44,0.9896353257507349,0.010364674249265193,5.985850476173078e-44
In what sport do you find 'steel cage' matches?,boxing,fencing,pro wrestling,college basketball,C,True,4.735055552833995e-44,0.029352333415472553,0.9706476665845274,4.735055552833995e-44
Which of the following best helps explain why volcanoes tend to form along subduction zones?,Rock material carried deep below Earth's surface results in material melting and rising to the surface.,"Two plates pull away from each other, and magma oozes out.",The friction resulting from the collision of two continents causes rock to melt.,There is a row of hot spots at these boundaries.,A,True,1.0,4.0421818648133577e-44,4.0421818648133577e-44,4.0421818648133577e-44
How many sides does a rhombus have?,4,6,8,10,A,True,0.5145309645727595,0.13566243942750567,0.16389392786795995,0.1859126681317748
Which of the following degrees can be awarded by the local chapter of the FFA? I. Greenhand FFA Degree II. Chapter FFA Degree III. State FFA Degree IV. American FFA Degree,I only,II only,I and II only,"I , II , III , and IV",C,False,0.14242522046479344,0.072107134576625,0.2565091902237486,0.528958454734833
From whom does the Lutheran Church get its name?,Martin Luther King Jr,Martin Luther,Luther Vandross,Lex Luthor,B,True,4.2866222896797553e-44,0.9911604862895872,0.008839513710412871,4.2866222896797553e-44
What is the only metal that is a liquid at normal atmospheric pressure and temperature?,lead,antimony,uranium,mercury,D,True,4.314662697563423e-44,4.314662697563423e-44,4.314662697563423e-44,1.0
"Which of the following has provided the most information about the structure of Earth's core, mantle, and lower crust?",Measurement of the intensity and fluctuations of Earth's magnetic field,Examination of flowing lava,Collection of samples from deep boreholes drilled into Earth,Studies of the speeds and travel paths of seismic waves passing through Earth,D,True,0.03315291705294346,4.0646556199856856e-44,0.017097846301987407,0.949749236645069
"When the production of a good generates negative externalities, the private market will",overproduce the good relative to the socially optimal level of output,underproduce the good relative to the socially optimal level of output,compensate the third parties harmed by the negative externality,charge lower than the market equilibrium price to compensate for the externality,A,True,0.5081194429840677,0.45715334603715235,0.016363748714028306,0.018363462264751627
Some observers argue that a limitation of the official unemployment rate is that it understates the true unemployment level because it fails to include which of the following?,New entrants to the labor market,People who are laid off and are looking for new jobs,Discouraged people who have given up looking for jobs,Full-time students looking for part-time jobs,C,True,0.047741084537262155,0.037696785977460276,0.8582793319628419,0.05628279752243563
Which fast food chain used the advertising slogan 'Where's the beef?',Wendy's,Kentucky Fried Chicken,Burger King,McDonald's,A,True,1.0,4.196441909080376e-44,4.196441909080376e-44,4.196441909080376e-44
What city is known as 'the rubber capital of the world'?,Omaha Nebraska,Rockford Illinois,Grand Rapids Michigan,Akron Ohio,D,True,3.9609193033082356e-44,0.0093477683238332,0.008972984427844296,0.9816792472483225
What was the first American college to become coeducational?,Oberlin College,Dartmouth College,Grinnell College,Antioch College,A,True,0.6868916821712829,4.832266415034519e-44,0.05850740233761151,0.25460091549110564
What color is Uncle Sam's goatee?,brown,black,white,dishwater blond,C,True,0.19031165290755886,0.21904526694445994,0.43873126228872716,0.15191181785925398
According to a famous line from the existentialist play 'No Exit' what is hell?,oneself,other people,little made,large hued in green and blue,B,False,0.8406785831144437,0.14164495826721124,0.01767645861834507,4.1943611735976273e-44
"A passage from Zora Neale Hurston's Their Eyes Were Watching God is as follows. The people all saw her come because it was sundown. The sun was gone, but he had left his footprints in the sky. It was the time for sitting on porches beside the road. It was the time to hear things and talk. These sitters had been tongueless, earless, eyeless conveniences all day long. Mules and other brutes had occupied their skins. But now, the sun and the bossman were gone, so the skins felt powerful and human. They became lords of sounds and lesser things. They passed nations through their mouths. They sat in judgment. Zora Neale Hurston is associated with which of the following literary movements?",New England Puritanism,Transcendentalism,Naturalism,Harlem Renaissance,D,True,4.263130457752041e-44,0.027384312882213997,4.263130457752041e-44,0.9726156871177861
What is the 7-Eleven company's trademarked name for its super-large sodas?,Big Slurp,Big Gulp,Big Drink,Big Sip,B,True,0.03327676755037609,0.9416179248398379,0.025105307609786052,4.435766786129902e-44
The sport of judo comes from what Asian country?,Japan,Vietnam,Laos,Philippines,A,True,1.0,4.707029321495866e-44,4.707029321495866e-44,4.707029321495866e-44
The demand for which of the following products is likely to be the most elastic?,Water,Bread,Salt,Pork,D,False,0.5392645102255605,0.18984797932138694,0.05752280299804826,0.21336470745500433
What country is the rock group U2 from?,England,Ireland,Belgium,Germany,B,True,4.1791020243100526e-44,1.0,4.1791020243100526e-44,4.1791020243100526e-44
Elephant tusks are made of what material?,Coral,Ivory,Bone,Calcium,B,True,4.217771937561991e-44,1.0,4.217771937561991e-44,4.217771937561991e-44
What city did the Beatles originally call home?,London,Leeds,Liverpool,Manchester,C,True,4.2428155766461433e-44,0.03097306597159972,0.9690269340284003,4.2428155766461433e-44
Which of these is not one of the three branches of the US government?,Judicial,Executive,Parliamentary,Legislative,C,True,0.022871831448837324,0.03410663314211743,0.8885740489650051,0.05444748644404011
In British currency how many pence make a pound?,10,100,500,1000,B,False,0.20002002228099636,0.2503552659589036,0.14385593867416993,0.40576877308593
How are actors Charlie Sheen and Emilio Estevez related?,They're cousins,They're brothers,They're father and son,They're uncle and nephew,B,True,0.10492210538680047,0.5688437895590241,0.2529048222706216,0.07332928278355381
Which of the following requires the use of at least two needles?,macrame,braiding,crocheting,hand knitting,D,True,0.0929363468107411,0.23069168358569286,0.10049543623992467,0.5758765333636414
In 1909 Frederick Cook claimed to be the first explorer to reach what location?,Mount Everest,Bermuda Triangle,Atlantis,North Pole,D,True,0.01840370402266589,4.2164467149869933e-44,4.2164467149869933e-44,0.9815962959773341
A clothes dryer that is set to run for 30 minutes is an example of which of the following control systems?,Open loop,Closed loop,Negative feedback,Positive feedback,A,True,0.5287479387489322,0.28841057195574027,0.08824397857190616,0.09459751072342137
How many stars are on the American flag?,13,48,50,51,C,True,4.49932008313012e-44,0.038976998105494105,0.8981559706984541,0.06286703119605187
Who was the English king at the time of the American Revolution?,Charles I,James I,Edward III,George III,D,True,4.0081766204555473e-44,0.007347621218032547,4.0081766204555473e-44,0.9926523787819675
Which of these animals lays eggs?,cow,gerbil,frog,elephant,C,True,0.03766880940381234,0.03126638363923711,0.8719129363187528,0.059151870638197795
"An enterprise analysis shows an average return of $151 for each $100 of feed fed to hogs last year and a return of $130 for each $100 of feed fed to hogs this year. Assuming that feed costs are stable and there are no major death losses, which of the following is the most likely explanation for the difference in returns?",Lower feed efficiency,Poor record keeping,Lower market prices,Lower purchase prices,C,False,0.6118285704516148,0.10717448739906048,0.09281212880967832,0.18818481333964654
"If tickets to a baseball game generally cost between $10 and $30, a season has about 150 games, and each game is attended by 50,000-75,000 people, which of the following is a good estimate for ticket sales revenue for the 150 games combined?","$20,000,000","$200,000,000","$2,000,000,000","$20,000,000,000",B,False,0.11922223896402248,0.2234466103652217,0.372382780740057,0.28494836993069883
Which of these is not a breed of cat?,Persian,Turkish Angora,Bichon Frise,Maine Coon,C,True,0.022508450828448833,0.16095955642017726,0.6153415509642919,0.20119044178708215
Approximately how many movies are watched in homes in the United States in one year?,"200,000,000","2,000,000,000","20,000,000,000","200,000,000,000",C,False,0.07382963664902388,0.170906330506698,0.22815420352706756,0.5271098293172105
Which of these is not found in a Snickers candy bar?,almonds,chocolate,nougat,caramel,A,True,0.4521878688851644,0.09845793416099277,0.221156101234572,0.22819809571927094
In the children's game what color is 'Rover'?,Green,black,red,blue,C,True,0.21121939507209336,0.13790169556596887,0.4092600120522044,0.24161889730973332
Which of the following breakfast cereals is shaped like the letter O?,Life Corn,Chex,Cheerios,Raisin Bran,C,True,0.12638886707389171,0.25766294108286336,0.45581799719673505,0.16013019464650982
"Normally, S-P arrival intervals from a minimum of how many seismic stations are required to uniquely locate the epicenter of an earthquake?",1,2,3,4,C,True,0.0506342765339372,0.2674502181963767,0.46852122218995745,0.21339428307972863
Which character on the TV show 'Friends' is a chef?,Joey,Monica,Ross,Rachel,B,True,0.26200627202535165,0.5550143906462495,0.08052551916932725,0.10245381815907156
"If the tax rate for a single person with $25,000 in taxable income is 24 percent, and the tax rate for a single person with $20,000 in taxable income is 20 percent, the tax rate over this income range is",regressive,progressive,proportional,revenue-neutral,B,True,0.18974036905667058,0.33433769966631594,0.3267005685960394,0.14922136268097413
The aesthetic philosophy that claims that the value of a work of art is determined by museums and galleries is known as,capitalism,conceptualism,structuralism,institutionalism,D,True,4.1297845969873793e-44,0.010132716408633252,4.1297845969873793e-44,0.9898672835913669
What is your hallux?,earlobe,tongue,eyelid,big toe,D,True,0.03150519575304415,0.026792097557322238,4.292235915225796e-44,0.9417027066896337
What metal device is used by police to immobilize the wheels of repeat parking offenders?,Brooklyn clamp,Denver boot,LoJack,The Club,B,False,0.07104005622770941,0.25254791426463313,0.04214085046968521,0.6342711790379723
What disease is sometimes referred to as the 'royaldisease'?,rickets,measles,hemophilia,tuberculosis,C,True,0.03472353410877385,4.696727953741108e-44,0.9652764658912262,4.696727953741108e-44
Which of the following statements accurately describes a JPEG compressed digital photograph?,The JPEG format is used only for color photos.,A JPEG compression alters the proportions of the original image by rearranging data.,A JPEG compression sharpens the details in an image.,The JPEG format compresses file size by selectively discarding data.,D,True,0.009163249169792,0.022650382260948395,0.006906421483844541,0.9612799470854151
What do herpetologists study?,Herpes,Blood,Insects,Reptiles and amphibians,D,True,4.0747370534219727e-44,4.0747370534219727e-44,0.005340468616856421,0.9946595313831436
Which of these is a virus?,Staphylococcus,Leukemia,Scoliosis,Chicken pox,D,True,0.011692567291624883,0.012472090222225198,4.517876933260544e-44,0.9758353424861499
What new token was recently added to the Monopoly board game?,piggybank,sack of money,globe,telephone,B,False,0.29298844254328793,0.2563904974659131,0.2529724685875936,0.1976485914032055
What is considered the proper way to address a duke?,Your Majesty',Your Eminence',Your Excellency',Your Grace',D,True,0.006732791351453293,4.097718407737468e-44,4.097718407737468e-44,0.9932672086485467
Which of the following is about the Watergate scandal?,All the King's Men',All the Pretty Horses',All the President's Men',All the Right Moves',C,True,4.502437252111546e-44,4.502437252111546e-44,1.0,4.502437252111546e-44
What causes the disease toxoplasmosis?,a bacterium,a protozoan,a virus,a prion,B,True,0.006399450035282956,0.9936005499647171,4.001677176805813e-44,4.001677176805813e-44
Which of these rock guitarists designed a colorful line of men's neckties?,Eric Clapton,Jerry Garcia,Jeff Beck,Keith Richards,B,True,0.055088108163240355,0.4161626918800421,0.13217079266384657,0.39657840729287086
In mobster lingo if you 'sing like a canary' what are you doing?,impersonating Sinatra,talking to the cops,killing an enemy,betting on horses,B,True,4.3162813447901395e-44,1.0,4.3162813447901395e-44,4.3162813447901395e-44
Where did Lewis and Clark begin their famous expedition in 1804?,Seattle,St Louis,New Orleans,Washington DC,B,True,4.4703839535834314e-44,0.9466459588910467,0.036053288779029476,0.017300752329923903
According to a popular slogan what state should people not 'mess with'?,New York,Texas,Montana,Rhode Island,B,True,4.311815465491283e-44,0.9709602442590426,0.01405673477520776,0.014983020965749676
Each year in pro baseball the player voted as the best fielder at his position wins what?,a brand new car,the Gold Glove,the Silver Bat,the Brass Baseball,B,True,0.02718319776225972,0.9728168022377403,4.1915100627975626e-44,4.1915100627975626e-44
"Of the following objectives, which is most appropriate for a technology education program that has a goal of enabling students to develop creative technical solutions to present and future societal problems?","Design and construct a threedimensional model of a low-income, multifamily dwelling unit",Describe several construction careers that are related to home building,Categorize the components of a technical system,Identify the major tools and equipment used in highway construction,A,False,0.28012568779612906,0.06951089392689051,0.4591877590076307,0.19117565926934973
Who was the first US president to resign from that office?,Martin Van Buren,Andrew Jackson,Andrew Johnson,Richard Nixon,D,True,0.016250327625477744,0.014591841485169023,0.03545909824573412,0.933698732643619
How much kale would be needed to provide enough calories for a person for an entire year?,2*10^3 kg/yr,2*10^4 kg/yr,2*10^5 kg/yr,2*10^6 kg/yr,A,False,0.22366763183469998,0.21995673402780141,0.31422125247779564,0.24215438165970288
How long has the average United States citizen spent as president?,1 seconds,10 seconds,1 minute,10 minutes,B,False,0.1885601185511331,0.20573136972607575,0.32179084581730427,0.2839176659054867
What is the proletariat?,the homeless,the royalty,the upper class,the working class,D,True,4.187740388606986e-44,4.187740388606986e-44,4.187740388606986e-44,1.0
According to the proverb necessity is the mother of what?,Invention,Luck,Problems,Procrastination,A,True,1.0,4.2781827218929246e-44,4.2781827218929246e-44,4.2781827218929246e-44
What rank entitles a general in the US Army to wear three stars?,brigadier general,corporal general,lieutenant general,major general,C,False,0.05990377963528467,0.01285557156528157,0.3517290385134622,0.5755116102859715
What is another way of writing-'six feet'?,6',6,6'',6#,A,True,0.5384958027967711,0.24220528999587973,0.21929890720734913,4.613122156149981e-44
"In construction, the plates are horizontal structures at the top and bottom of a wall. Which of the following are the vertical structures?",Rafters,Studs,Headers,Joists,B,True,0.0800644562943963,0.7985426300935176,0.0386072820934701,0.08278563151861607
What part of the world was once known as Cathay?,China,India,Iran,Indonesia,A,True,1.0,4.0812016117437053e-44,4.0812016117437053e-44,4.0812016117437053e-44
What is a shaddock?,a fish the offspring of a male shad and a female haddock,"a crystal such as quartz, that sticks out from a mineral vein",a plant that is a member of the nightshade family,a grapefruit,D,True,0.013011074445294257,3.9590008704119356e-44,0.006387850809183537,0.9806010747455222
How many innings are there in a regular Major League Baseball game?,seven,eight,nine,ten,C,True,0.10806636940816063,0.06490549377244945,0.7819900290855762,0.04503810773381362
"Which of the following statements is correct about a trophic structure in which a leaf-eating grasshopper is eaten by a frog, which in turn is eaten by a snake?",The frog is a herbivore.,The snake is a secondary consumer.,The grasshopper is a primary consumer.,The snakes outnumber the grasshoppers in the community.,C,False,0.14793506283127897,0.4217996814485538,0.3927348541590927,0.03753040156107447
"People who believe their political views are important, that government will respect these views, and that their views can influence political affairs are said to have a strong sense of",political partisanship,political alienation,political allegiance,political efficacy,D,True,4.4542729178703864e-44,4.4542729178703864e-44,4.4542729178703864e-44,1.0
What was the average life expectancy of white males born in the U.S. just before the Civil War?,40 years,50 years,60 years,70 years,A,False,0.2342564161200861,0.15868384250668882,0.33286137459433596,0.2741983667788891
"What does the Yiddish word""'meshuga' mean?",crazy,sacred,stingy,sweet,A,True,1.0,4.271288515276328e-44,4.271288515276328e-44,4.271288515276328e-44
What is the last letter of the Greek alphabet?,omicron,omega,upsilon,zeta,B,True,4.102828862703388e-44,0.9287645383186045,0.025418109427014755,0.04581735225438079
An elementary school student is able to follow fast and slow songs by playing appropriate rhythm patterns on the drum. Which of the following attributes of music does the student understand?,Dynamics,Pitch,Tempo,Harmony,C,True,0.05235549948219772,0.026752686119686942,0.9208918143981153,4.171229334270301e-44
When FDR carried states in the presidential election of 1932 how many states did he not carry?,six,seven,eight,ten,A,False,0.21151794159140877,0.2807724135852717,0.24972867415345523,0.2579809706698643
Which of these is a member of the cucumber family?,green pepper,watermelon,potato,green bean,B,False,0.07723205541431359,0.36206237239674793,0.08547749256402155,0.47522807962491703
"I became what I am today at the age of twelve, on a frigid overcast day in the winter of 1975. I remember the precise moment, crouching behind a crumbling mud wall, peeking into the alley near the frozen creek. That was a long time ago, but it's wrong what they say about the past, I've learned, about how you can bury it. Because the past claws its way out. Looking back now, I realize I have been peeking into that deserted alley for the last twenty-six years. The excerpt is an example of which of the following types of writing?",Informative,Persuasive,Descriptive,Narrative,D,True,0.010159536010566409,0.04630570505613023,0.013475677217440472,0.9300590817158629
Which of the following defenses may NOT be used to legally avoid payment on a negotiable instrument?,Breach of contract,Diminished economic resources,Fraud in the inducement,Mental incapacity,B,False,0.4847948773059089,0.22021225310510523,0.08783120680628258,0.20716166278270315
"Simple accompaniments, light texture and smooth melodies are qualities of",galant style,partitas,Sturm und Drang,serenade,A,True,0.9655161202441576,0.008624377168778903,0.00939876923253518,0.016460733354528523
Which of the following is true about a monopoly?,It competes with many firms selling the same product in the market.,It has to lower its price on all units to sell more output.,Its marginal revenue increases as output sold increases.,It sets a price below average variable cost to drive its competitors out of the market.,B,False,0.15231521644192753,0.07587665534564239,0.2465308322760388,0.5252772959363913
Which of these names has never belonged to a Pope?,Leo,Lando,Linus,Lawrence,D,False,0.01596154154716125,0.6578908627754667,0.09198154651077897,0.23416604916659303
Which of the following best helps explain why some localities have normally large tidal ranges (up to 60 feet) and others have one- to two-foot tidal ranges?,The position of the Sun is different at different localities.,The Coriolis effect and rotation of Earth tend to enhance tidal flow in the higher latitudes.,Ocean floor topography and the shape of the coastline serve to amplify tidal flow at specific localities.,Trade winds push the water into large tidal bulges near rocky shorelines.,C,True,0.02053992506261026,0.015215764919592416,0.9642443100177974,4.2344094313926017e-44
"Which of these is typically not ""used as a spice?",Dill,Thyme,Hemlock,Marjoram,C,True,0.03679873840348483,0.015330693992383229,0.8059224017063376,0.14194816589779452
Who is the patron saint of animals?,St Isidore of Seville,St Anthony of Padua,St Francis of Assisi,St Joan of Arc,C,True,4.65735246572504e-44,0.026089672164975913,0.9739103278350241,4.65735246572504e-44
The dissolved salts in Earth's oceans are principally derived from,marine biological activity,atmospheric deposition,the weathering of continental rocks,the eruptions of undersea hot-spot volcanoes,C,True,4.2025754761940123e-44,0.01018216879590042,0.9599035908447915,0.029914240359308193
What is the baseball term for a batter who substitutes for another batter?,Switchhitter,Shadow hitter,Clip hitter,Pinch hitter,D,True,0.009464913151643602,4.11487197408881e-44,4.11487197408881e-44,0.9905350868483563
In 1960 Nazi official Adolph Eichmann was finally captured in what country?,Brazil,East Germany,Argentina,Paraguay,C,True,0.09057049697477186,0.07979938674779502,0.710427939077863,0.11920217719957028
What is the square root of 81 squared?,9,27,81,729,C,True,0.18237635310258496,0.23111084089587208,0.3449234216488209,0.24158938435272198
Which of the following has provided evidence that the Sun's atmosphere contains sodium atoms?,Absorption lines in the solar spectrum are consistent with the presence of sodium.,Stars with the same spectral class as the Sun are made mostly of sodium.,Solar samples returned to Earth by the Voyager spacecraft contained sodium.,The Sun gives off energy produced by the nuclear fusion of sodium in its core,A,True,0.9445712460759905,4.064551396872389e-44,0.0391630056069129,0.01626574831709648
What letters are on the '3' button of a touch-tone telephone?,ABC,DEF,GHI,WXY,B,False,0.13630290226883007,0.14013987510378434,0.2386919316879025,0.48486529093948305
"To best encourage student engagement in the classroom, a teacher should select texts based on which of the following?",The instructional objectives,The culture of the local community,The instructional reading level of the class,Topics that are interesting for the students,D,True,0.02164237992862514,0.0868994780694962,0.033474532510539015,0.8579836094913396
When born a Dalmatian puppy is always?,Black,black with white spots,white,white with black spots,C,False,0.04314824289978813,0.5894581328248873,0.06482681930862702,0.3025668049666975
Which of these countries is not in Europe?,Italy,Spain,Greece,Israel,D,True,0.02439437138275604,0.018371128419742574,0.06677657361532649,0.8904579265821749
What famous radio personality was also the voice of Shaggy on the cartoon 'Scooby-Doo'?,Rush Limbaugh,Casey Kasem,Larry King,Howard Stern,B,True,4.035406319400586e-44,0.993403526535748,0.006596473464251968,4.035406319400586e-44
Many scientists think that some of the dinosaurs did not go extinct but rather evolved into what kind of creature?,amphibians,reptiles,birds,mammals,C,True,4.2981605204422563e-44,4.2981605204422563e-44,0.9837507503475877,0.01624924965241227
What are fans of the TV show 'Mystery Science Theater 3000' known as?,Mysterians,MiSTies,Bot Brigade,Gizmonics,B,True,0.008265477866185393,0.9917345221338145,4.070809851641361e-44,4.070809851641361e-44
What automobile company makes the Sonata?,Toyota,Honda,Subaru,Hyundai,D,True,4.010516395031238e-44,0.012197432723404423,4.010516395031238e-44,0.9878025672765957
Force equals mass times what?,Velocity,Distance,Acceleration,Weight,C,False,0.007322512249865153,3.9060017691341974e-44,0.060808067701360886,0.9318694200487739
To create a tapestry one must traditionally engage in what activity?,Weaving,Sculpting,Baking,Singing,A,True,1.0,4.0925766388159174e-44,4.0925766388159174e-44,4.0925766388159174e-44
What element do organic compounds contain?,Carbon,Oxygen,Hydrogen,Nitrogen,A,True,1.0,4.1008056390563434e-44,4.1008056390563434e-44,4.1008056390563434e-44
What is the technical term for someone who studies fish?,entomologist,ichthyologist,marinologist,herpetologist,B,True,4.1685529174022187e-44,0.9910314362999616,0.00896856370003833,4.1685529174022187e-44
A person uses a remote control to change the volume level on a television. The signal that travels from the remote to the television is most likely encoded in a,visible light pulse,radio wave signal,series of infrared pulses,series of intense infrared beams,C,True,0.025926021578225787,0.03238787610493893,0.8145267734101638,0.12715932890667148
When it comes to measuring horses how long is a 'hand'?,four inches,seven inches,ten inches,two feet,A,False,0.11289708467720143,0.1767795981832535,0.434926907682364,0.275396409457181
What is the (approximate) value of lemon juice on the pH scale?,14,2,7,0,B,True,0.02955336776839863,0.40284662477921074,0.3766750599457853,0.19092494750660532
Which of the following best describes the situation after the price is raised on a product that has an inelastic demand?,The quantity demanded will not change.,The quantity demanded will increase.,Total revenue will decrease.,Total revenue will not change.,A,False,0.29234799353413604,0.10427874471628959,0.48218424467092685,0.12118901707864749
Which of the following statements reflects the Confucian worldview that figured prominently in classical Chinese culture?,Having faith in God will be rewarded in the afterlife.,Life's ultimate goal is to escape the suffering inherent in the endless cycle of death and reincarnation.,A life of quiet contemplation and isolation from worldly temptations will result in self-perfection.,Observing rules of proper behavior toward others will ensure social and political harmony.,D,True,0.010981932976225336,4.121985556819326e-44,0.020068033296026515,0.9689500337277482
Which of these Democrats lost to Ronald Reagan in the 1984 presidential elections?,Michael Dukakis,Walter Mondale,Gary Hart,Jimmy Carter,B,True,0.04374050218254343,0.8139202972360222,0.04112654580181045,0.10121265477962393
Real gross domestic product (GDP) is defined as the ratio of nominal GDP to the,money supply,unemployment rate,government's budget deficit,GDP deflator,D,True,0.020220339462094786,0.02066107720312605,0.019161073552242256,0.939957509782537
Which of these is another name for a golf course?,Pitch,Links,Steps,Suite,B,True,0.00540718353463721,0.9945928164653627,4.0518005658233225e-44,4.0518005658233225e-44
"When Corporation X pays out $300,000 in salaries, which of the following is the impact on assets and liabilities?","Salary expense is increased by $300,000; cash is increased by $300,000","Salary expense is increased by $300,000; cash is decreased by $300,000","Salary expense is decreased by $300,000; cash is increased by $300,000","Salary expense is decreased by $300,000; cash is decreased by $300,000",B,False,0.4080155328917602,0.21234511340140172,0.0964103291265947,0.28322902458024335
Who was not one of the Cartwright sons on the TV series 'Bonanza'?,Adam,Little Joe,Hoss,Ben,D,True,0.11447142321446496,0.2805032504440179,0.1339657557157591,0.471059570625758
How long is a single term in the US Senate?,two years,four years,six years,eight years,C,True,0.04725468245816221,0.23318115684807186,0.5431146550085605,0.17644950568520545
On what body part should you wear a babushka?,head,hands,foot,legs,A,True,0.9373621348910917,0.027391368373928714,0.03524649673497961,4.4361254704072483e-44
A kindergarten teacher has students determine the following. ‚Ä¢ How many students are absent that day ‚Ä¢ If there are enough snack cups for each student to have one during snack time ‚Ä¢ How many balls are taken outside during recess and how many are brought back inside after recess. Which of the following concepts is most closely aligned with the determinations the teacher is having the students make?,Classifying,Counting,Patterning,Ordering,B,False,0.3193821091267253,0.23840197515590858,0.032961576025535344,0.40925433969183067
"Grammar may be taught in two main ways‚Äî by experience with discourse that entails the varieties of word forms and sentence construction, or by analyzing dummy sentences and diagramming parts. Plentiful discursive experience is what really teaches grammar, for it exercises judgment and provides language intake, whereas formal grammar study has been proved irrelevant. Politics more than pedagogy retards the changing of the curriculum to fit this truth. The author of the passage above argues that",using language in a wide variety of situations improves grammar,good judgment can be improved by studying the rules of formal grammar,analyzing and diagramming provide exercise in logical thinking,formal study of grammar improves writing ability,A,True,0.7966135938231826,4.4509707486960633e-44,0.0668250095814598,0.13656139659535757
Who was the mother of the Greek god Zeus?,Gaia,Phoebe,Rhea,Hera,C,True,4.602212537126987e-44,0.028259725432201455,0.8347825413684042,0.13695773319939447
Which of these evangelists is a cousin of rocker Jerry Lee Lewis?,Billy Graham,Oral Roberts,Jerry Falwell,Jimmy Swaggart,D,True,0.022580227283322936,0.18759545784450937,0.10471674354777655,0.6851075713243912
Which of the following prescribes standards for wages and overtime pay that affect most private and public employment?,The Employee Retirement Income Security Act,The American Recovery and Reinvestment Act,The Fair Labor Standards Act,The Federal Employees' Compensation Act,C,True,4.129208974541958e-44,4.129208974541958e-44,0.9917647522820799,0.008235247717919997
What organelle is primarily responsible for photosynthesis?,Nucleus,Chloroplast,Mitochondria,Golgi Apparatus,B,True,4.007149905010534e-44,1.0,4.007149905010534e-44,4.007149905010534e-44
In what city is TV's 'The Mary Tyler Moore Show' set?,Dallas,Chicago,New York,Minneapolis,D,True,4.273403142724165e-44,0.11282609895164661,0.028841158629010363,0.858332742419343
What Greek poet wrote 'The Iliad' and 'The Odyssey'?,Sophocles,Plato,Homer,Socrates,C,True,4.12173318856543e-44,4.12173318856543e-44,1.0,4.12173318856543e-44
What is Delta Burke's character's job on the sitcom 'Designing Women'?,fashion designer,graphic designer,interior designer,website designer,C,True,0.3279310962113919,0.017354306932817056,0.6194244706549118,0.03529012620087925
Which of the following activities will best help a teacher collect data that will inform instruction to meet the individual needs of students?,Concentric circles,K-W-L chart,Book pass,Reciprocal teaching,B,False,0.2423958375166482,0.11759138571828374,0.11170850918458301,0.528304267580485
On average what length of time passes between high tides?,3 hours 25 minutes,6 hours 25 minutes,12 hours 25 minutes,24 hours 25 minutes,C,True,0.19474490091523178,0.19315052393467735,0.39412664895253635,0.2179779261975546
An increase in the real interest rate in the United States relative to its trading partners will most likely result in which of the following?,An increase in United States imports,An increase in United States exports,A decrease in the demand for the United States dollar,A decrease in the United States trade deficit,A,False,0.17007686112164952,0.05182165743655257,0.11422166144263105,0.6638798199991669
The legal basis for the escalation of United States involvement in the Vietnam War was the,declaration of war by Congress,passage of the Gulf of Tonkin Resolution by Congress,United Nations resolution condemning the North Vietnamese invasion of South Vietnam,mutual defense provisions of the North Atlantic Treaty Organization (NATO),B,True,3.9264656382046114e-44,0.993358257327144,0.006641742672855979,3.9264656382046114e-44
What professional sports team plays its home games in the Alamodome?,New York Jets,Detroit Tigers,Boston Bruins,San Antonio Spurs,D,True,4.156771979589981e-44,0.00508344048843259,4.156771979589981e-44,0.9949165595115673
What is the name of Howard Stern's female on-air sidekick?,Allison Norris,Jackie Reeses,Jackie Martling,Robin Quivers,D,True,0.023098794490061587,0.04176931293424051,0.06529474312450292,0.8698371494511951
In what decade did Israel become an independent state?,1920s,1940s,1950s,1960s,B,True,0.05975531997669243,0.33578199470923253,0.327797232660202,0.27666545265387293
In cooking the term 'au gratin' is sometimes used to describe a dish with what topping?,cheese,fruit,gravy,whipped cream,A,True,1.0,4.017117026398223e-44,4.017117026398223e-44,4.017117026398223e-44
Which of the following is the most effective way to evaluate the development of a student's drafting skills throughout the school year?,Baseline assessment,Portfolio assessment,Short-answer unit assessment,Teacher-created assessment,B,True,0.08209002441181827,0.7200121621474118,4.3050119619542976e-44,0.19789781344076993
In the sci-fi movie 'Fantastic Voyage' where do the voyagers travel?,through outer space,through a human body,to the ocean floor,to the center of the earth,B,True,4.115422317820465e-44,1.0,4.115422317820465e-44,4.115422317820465e-44
What would be the most likely thing one would do with the compound MgSO4 7H2O?,power a car,blow up a building,soak ones feet,fertilize a lawn,C,True,4.3359069379616743e-44,4.3359069379616743e-44,0.9750475007254857,0.024952499274514352
Who originally proposed the idea of daylight-saving time?,Benjamin Franklin,Henry David Thoreau,Galileo,Albert Einstein,A,True,0.9239530114821461,0.05134195925040134,4.0394762792876436e-44,0.02470502926745258
If you ask for 'gai' at a Thai restaurant what will you get?,shrimp,chicken,beef,pork,B,False,0.18601372749503825,0.12512394108301964,0.14195921169097062,0.5469031197309715
On a set of jumper cables what color designates the negative connector?,black,red,orange,blue,A,True,0.8861846814165132,0.04228138012283057,0.010998914684886474,0.06053502377576965
Which of these is a commonly-known investment account?,CNN,EMC,IRA,IRS,C,True,0.016228795059413593,0.0105912017958968,0.9567761224066431,0.01640388073804652
If you are 'riding fakie' inside a 'half pipe' what are you probably doing?,skiing,biking,snowboarding,surfing,C,True,4.981706131298209e-44,0.4102640251626951,0.47582203879808666,0.11391393603921822
Which of these people was not alive in the 20th century?,Mark Twain,Thomas Edison,Sigmund Freud,Ulysses S Grant,D,True,0.261388113754853,0.12840520511014464,0.14269808843106183,0.4675085927039406
What color is cartoon character Marge Simpson's hair?,yellow,purple,blue,brown,C,False,0.19072815857345807,0.08843136909531231,0.06522081462610567,0.6556196577051241
Which of these is not a fabric?,Velveteen,Celotex,Seersucker,Tencel,B,True,0.051010168473707346,0.6903265832596179,0.18162072692208758,0.07704252134458717
How is 4:00 pm expressed in military time?,1600,4,400,4:00,A,True,0.9742329984507968,0.009631822874830972,0.016135178674372138,4.0695959197635564e-44
Which of the following is most likely to cause a rise in the average temperature of Earth's atmosphere in the future?,Atomic warfare,CO2 from fossil fuels,Dust clouds from volcanoes,Depletion of Earth's ozone layer,B,True,0.01020802236242403,0.9376329276402964,0.01592222317402822,0.03623682682325156
Which of the following activities is likely to have the greatest impact on biodiversity?,Copper mining in Chile,Soil erosion on the slopes of the Rocky Mountains,Large-scale deforestation of the Amazon or Congo basin tropical forests,Increased use of ethanol fuels in the United States,C,True,0.03865516272229583,0.03169018914759397,0.8996671147179248,0.029987533412185303
Whom did Billie Jean King defeat in the famous 'Battle of the Sexes' tennis match?,Jimmy Connors,Pete Sampras,John McEnroe,Bobby Riggs,D,True,0.01421335294581002,4.365600204830464e-44,0.016035032677889555,0.9697516143763005
Which of the following structures is most susceptible to damage by acid precipitation?,A monument made of granite,A roof made of slate,A tombstone made of marble,A statue made of gabbro,C,True,0.1872438429544231,0.2391313399281718,0.5178006074424022,0.05582420967500301
Who is an archenemy of the cartoon superhero Underdog?,OverCat,Muttley,Mr Whoopie,Dick Dastardly,A,False,0.074390227891939,0.11591446954950177,0.05920987217346462,0.7504854303850946
Mohair is made from the fleece of what animal?,camel,llama,goat,mole,C,True,4.3905870871565056e-44,4.3905870871565056e-44,0.991476075658766,0.008523924341233986
"The Burgess Shale is a rock formation in Canada that has a large number of fossils from the Cambrian period preserved in exquisite detail. Many primitive members of modern phyla, including arthropods, mollusks, and chordates, can be found among the fossils exposed in this region. Based on these fossils, it can be concluded that most of the modern groups of animal life first appeared roughly",3 billion years ago,540 million years ago,65 million years ago,"200,000 years ago",B,True,0.009841928872270577,0.9784597537749575,0.011698317352771697,4.1526244344724147e-44
The Strauss family of composers popularized what dance?,waltz,tango,fox-trot,square dance,A,True,1.0,5.097186861382571e-44,5.097186861382571e-44,5.097186861382571e-44
What was Ludwig Van Beethoven's final symphony?,Ninth,Tenth,Eleventh,Twelfth,A,True,0.9297616866892482,4.450592997625773e-44,0.02876861777493571,0.04146969553581618
A portrait that comically exaggerates a person's physical traits is called a what?,Landscape,Caricature,Still life,Impressionism,B,True,3.9788706857680673e-44,1.0,3.9788706857680673e-44,3.9788706857680673e-44
The government establishes a price floor in a market for a good in order to,eliminate a surplus in the market,eliminate a shortage in the market,help buyers of the good,help sellers of the good,D,False,0.35877068684126695,0.2663826820092529,0.030138925102652217,0.34470770604682793
A student is standing in front of the class delivering a presentation. Some students in the back of the room note that they are having trouble hearing what the presenter is saying. Which of the following suggestions to the presenter would best address this problem?,Engage your audience by making eye contact with people in the back of the room,Entertain your audience with exaggerated body language,Emphasize your main points by reading them directly from a paper,Project your voice by relaxing the rib cage and maintaining good posture,D,True,0.03262093877092279,4.2553183987017966e-44,4.2553183987017966e-44,0.9673790612290772
"A passage from Zora Neale Hurston's Their Eyes Were Watching God is as follows. The people all saw her come because it was sundown. The sun was gone, but he had left his footprints in the sky. It was the time for sitting on porches beside the road. It was the time to hear things and talk. These sitters had been tongueless, earless, eyeless conveniences all day long. Mules and other brutes had occupied their skins. But now, the sun and the bossman were gone, so the skins felt powerful and human. They became lords of sounds and lesser things. They passed nations through their mouths. They sat in judgment. The description of the sun in the second sentence contains which of the following literary devices?",Foreshadowing,Irony,Flashback,Personification,D,True,0.010563994888494443,0.012822027759774127,0.012751312539416047,0.9638626648123154
Which of these is not one of the 3 methods of heat transfer?,Conduction,Radiation,Convection,Induction,D,True,0.036437824884338305,0.021394500013473566,0.0280663536604986,0.9141013214416894
Which of these is not an ingredient in Yorkshire pudding?,eggs,milk,chocolate,meat drippings,C,True,0.021838448549549916,4.2818841042426425e-44,0.8600406118766224,0.11812093957382755
"Anna feels that she is confusing ""who"" and ""whom"" in her narrative. She wants to correct her error. Which of the following reference materials will best help Anna accomplish such a task?",A dictionary,A thesaurus,A glossary,A grammar guide,D,True,0.023959439288370393,0.06787054026566644,0.009229894986002673,0.8989401254599605
Where was the chicken First domesticated?,France,India,Peru,Zaire,B,False,0.10377223348971834,0.37102410548440984,0.38190646967632985,0.14329719134954194
Which of the following is not in Nevada?,Liberace Museum,Pikes Peak,Lake Mead,Hoover Dam,B,True,0.12356022165421018,0.6280671967562352,0.13456202725903008,0.1138105543305245
What famous folksinger founded the Institute for the Study of Non-Violence in 1965?,Bob Dylan,Woody Guthrie,Joan Baez,Peter Yarrow,C,True,0.07949743609597398,0.11609555137370713,0.6594394267953188,0.14496758573500013
Phoebe Dione and Helene are moons of what planet?,Jupiter,Saturn,Neptune,Pluto,B,False,0.5819401718324941,0.13588570729948748,0.11175266095731345,0.17042145991070484
Which of these companies is not an online stock brokerage?,E*Trade,EDigital,Datek Online,DLJ Direct,B,True,5.209674520210389e-44,0.66768290580722,0.18618067420388368,0.1461364199888964
Which of these is not the name of one of rock musician Frank Zappa's children?,Dweezil,Ahmet,Moon Unit,Lumpy Gravy,D,True,0.03283431094772979,0.04424487007054995,0.06261845444639609,0.8603023645353243
How much does Peanuts character Lucy charge for her psychiatric advice?,5 cents,10 cents,75 cents,$125,A,False,0.23143667525742126,0.16959419498724293,0.32598204237247064,0.27298708738286515
Which of the following is the most reasonable action to take for an artist whose work requires the use of a specific hazardous product?,Finding a nontoxic product to use and adapting the art-making process as necessary,Reading the product's label and proceeding according to the label directions,Making sure no children are present when using the product,Checking with a qualified toxicologist before using the material,B,False,0.9647040656273116,0.015819324409043146,4.2326152707182636e-44,0.019476609963645187
What children's storybook character believes that the sky is falling?,Chicken Little,Curious George,Jack Sprat,Tom Thumb,A,True,1.0,4.188519129452113e-44,4.188519129452113e-44,4.188519129452113e-44
Pop icon Tiny Tim was famous for playing what musical instrument?,ukulele,kazoo,accordion,fiddle,A,True,1.0,4.304045015248598e-44,4.304045015248598e-44,4.304045015248598e-44
Which of the following is the highest level taxonomic rank?,Domain,Class,Phylum,Kingdom,A,True,0.5820909057551734,4.2940491420586064e-44,4.2940491420586064e-44,0.4179090942448266
When daylight-saving time arrives in the spring how do most Americans turn their clocks?,one hour forward,one hour backward,two hours forward,two hours backward,A,True,0.8900613849807752,0.0906941758969436,4.1298469781541204e-44,0.019244439122281125
Which of these fashion designers was born in the United States?,Laura Ashley,Helmut Lang,Donna Karan,Christian Dior,C,True,0.0761883401312418,0.2051783568583373,0.5207228770223236,0.1979104259880973
Who was on the $500 bill?,Calvin Coolidge,Andrew Jackson,Aaron Burr,William McKinley,D,False,0.29055750765802985,0.29338986377677645,0.22870240516561224,0.18735022339958146
For a man and woman on a date 'dutch treat' means what?,The man pays,The woman pays,The Dutch pay,Each pays their own way,D,True,0.06713311248086674,0.10256286235415187,0.04869337100609946,0.781610654158882
What city's residents are known as 'Knickerbockers'?,Boston,Philadelphia,New York City,London,C,True,4.245989967262664e-44,0.04000549771939721,0.9599945022806028,4.245989967262664e-44
Which of these college football programs has produced the most Heisman Trophy winners?,Notre Dame,USC,Oklahoma,Michigan,A,False,0.19437856766386985,0.297093183070371,0.39647589203851163,0.11205235722724756
What does a pH level measure?,acidity,density,wavelength,humidity,A,True,1.0,4.186105813849025e-44,4.186105813849025e-44,4.186105813849025e-44
If a hertz is equal to one cylce per second how many cycles per second does a megahertz equal?,-328716,1000,1000000,1000000000,C,True,4.242321166374666e-44,0.032506255625373924,0.9128720164136173,0.05462172796100891
"Every day was a happy day, and every night was peaceful. The sentence above can best be classified as",simple,compound,complex,compound-complex,B,False,0.1765073920996165,0.11656662023576563,0.1216582831690674,0.5852677044955505
Which of these holidays is not attached to a specific date?,Independence Day,New Year's Day,Thanksgiving,Christmas,C,False,0.09372845395954559,0.3908408383250207,0.19110343271409394,0.3243272750013398
Where is the Louvre museum?,Paris,Lyon,Geneva,Vichy,A,True,1.0,4.2435840276926865e-44,4.2435840276926865e-44,4.2435840276926865e-44
Which of the following guidance systems is principally a materials-handling device?,Escalator,Conveyor,Highway,Railroad,B,True,4.1448899356838623e-44,0.9711371961383946,0.012278139711658198,0.016584664149947234
"A preschool teacher is teaching students about a color wheel, which is an organization of hues around a circle. Red, yellow, and blue are examples of which of the following kinds of colors on the color wheel?",Complementary,Primary,Secondary,Tertiary,B,True,0.025182271906950535,0.8250821615984036,0.13683474422470357,0.012900822269942278
A second-grade teacher has each student select a card at random that is marked with a three-digit number. Students then model their numbers with base ten blocks on a place value mat. Which of the following whole number concepts does the lesson best reinforce?,Comparing quantities,Describing quantities,Ordering quantities,Decomposing quantities,D,True,0.1524969071878834,0.09592896936016627,0.3587556855268147,0.3928184379251357
Which brand of cat food claims it's so tasty that 'cats ask for it by name'?,Fancy Feast,Cat Chow,Meow Mix,9-Lives,C,False,0.8907698336787143,4.954633816637517e-44,0.02768695740510772,0.08154320891617807
In the phrase 'Y2K' what does 'K' stand for?,millennium,computer code,catastrophe,thousand,D,True,0.0737464855610424,0.17980183732038382,0.02557297272036446,0.7208787043982093
What is the approximate speed of light?,165 miles per hour,122000 miles per hour,186000 miles per second,293000 miles per second,C,True,4.3317825258358195e-44,0.09018513502582895,0.686715174660863,0.22309969031330812
Which of these people was buried in the Valley of the Kings?,Louis XIV,Elvis Presley,Julius Caesar,King Tut,D,True,0.010959973027982175,0.04940166956901073,0.015167506669636488,0.9244708507333707
After Prince Charles who is next in line to be the king of England?,Prince William,Prince Andrew,Prince Edward,Fresh Prince,A,True,0.9929169386123713,4.2561543864212073e-44,0.007083061387628649,4.2561543864212073e-44
The disco band ABBA comes from what country?,Norway,Sweden,Switzerland,The Netherlands,B,True,4.492672839065226e-44,1.0,4.492672839065226e-44,4.492672839065226e-44
When it's noon in New York during daylight-saving time what time is it in Honolulu?,6:00 AM,6:30 AM,7:00 AM,8:00 AM,A,False,0.17023854356655838,0.13537504678802967,0.37910277821297117,0.31528363143244087
"The total retail market value of all the goods and services produced in a nation, usually stated in annual terms, is the",ratio of profit to sales,current ratio,gross domestic product,trade surplus,C,True,3.967839489117348e-44,3.967839489117348e-44,0.9962860354254978,0.0037139645745021487
What is the world‚Äôs most venomous fish?,Scorpion fish,Lion fish,Stonefish,Toadfish,C,True,0.05715834124365222,0.054657504970633035,0.7876556272739852,0.10052852651172964
What force causes an ice cream cone to fly off of a spinning merry-go-round?,centrifugal,Vehicular,Gravitational,Torsal,A,True,0.9754643355900794,4.812529175405862e-44,0.024535664409920718,4.812529175405862e-44
Which of these words is spelled correctly?,decieve,foriegn,hygiene,wierd,C,False,0.1731831852799944,0.12285212652356356,0.1504925691778594,0.5534721190185826
The term 'chili con carne' refers to chili with what?,beans,meat,cheese,chili peppers,B,True,0.12639687720186532,0.8018028428011432,4.2037584260455006e-44,0.07180027999699143
At what age can someone first attend an R-rated movie without an accompanying adult?,15,17,18,21,B,False,0.13154260875220758,0.18444778587936722,0.44982958905939624,0.23418001630902902
On TV's 'Seinfeld' what type of doctor did Mr Costanza go to when he sat on 'fusilli Jerry'?,ophthalmologist,cardiologist,neurologist,proctologist,D,True,0.07949182601740626,0.06957875656497295,0.0929976848709922,0.7579317325466286
In the comic strip 'Peanuts' what is Schroeder known for doing?,Dancing,playing football,playing the piano,Flying an imaginary plane,C,True,5.338286875862197e-44,5.338286875862197e-44,1.0,5.338286875862197e-44
How is the Arabic numeral for '2' written?,2,II,I,ii,A,False,0.037754854843226236,0.8254110234773149,0.06484396675224313,0.07199015492721583
What country gave us the fashionable headgear called the beret?,Switzerland,China,Mexico,France,D,True,4.0809276447212997e-44,4.0809276447212997e-44,0.010714966620616285,0.9892850333793837
How many spikes are on the Statue of Liberty's crown?,five,seven,nine,thirteen,B,False,0.1235815046276599,0.1973051657492351,0.41159748551524367,0.2675158441078613
In a game with no wild cards what is the highest possible poker hand?,straight flush,royal flush,full house,four of a kind,B,True,0.3999204076889573,0.40024015183152273,4.793303593966192e-44,0.19983944047951993
Moderate and frequent irrigation is normally most appropriate for a corn crop growing in a,dispersed alluvial fan soil,"heavy-textured soil, such as silty clay","light-textured soil, such as loamy sand",region of low humidity,C,True,0.23010807747401182,0.2855235751418794,0.3960228971285959,0.0883454502555129
What is the capital of North Dakota?,Bismarck,Fargo,Sioux Falls,Pierre,A,True,0.8626721732924693,0.048901628089603875,3.9954116010039093e-44,0.08842619861792678
A fiscal policy to combat a recession would call for,an increase in taxes,an increase in government spending,a decrease in the reserve requirement,a decrease in the discount rate,B,True,0.020504195780768848,0.9445617255574398,0.010334627371066028,0.024599451290725383
An electric fence installed to keep both mature cattle and sheep in a field should have a wire placed at which of the following heights? I. 6 inches II. 18 inches III. 40 inches IV. 60 inches,I only,II only,II and III only,III and IV only,C,True,0.18773943561723194,0.16565008149400912,0.37290150410489753,0.2737089787838615
How much chicken excrement is produced in the United States every year?,4*10^10 kg,4*10^12 kg,4*10^14 kg,4*10^16 kg,A,False,0.21624752518369583,0.25605296087707813,0.2477850413389772,0.27991447260024893
According to the American Kennel Club what is the most popular breed Of dog in the US as of 1999?,Poodle,Beagle,German shepherd,Labrador retriever,D,True,4.265650588086399e-44,4.265650588086399e-44,0.015456957069069301,0.9845430429309308
What singer appeared in the 1992 baseball film 'A League of Their Own'?,Brandy,Madonna,Garth Brooks,Whitney Houston,B,True,4.4352495186511347e-44,0.9466128882385085,0.04067425197612317,0.012712859785368154
How is the word 'ambulance' normally written on the front of American ambulances?,in French,in reverse,in braille,in gibberish,B,True,0.27335795017156916,0.35128087218882936,0.07577973503931046,0.2995814426002909
What is the colored part of the eye called?,iris,pupil,retina,cochlea,A,True,0.9713458953750663,4.633727471030805e-44,0.02865410462493379,4.633727471030805e-44
If you work as a 'dolly grip' what business are you in?,sheep farming,film production,construction,moving,B,False,4.2272774863177455e-44,0.2522696241989862,4.2272774863177455e-44,0.7477303758010138
Who was the longest reigning monarch in French history?,Louis XIII,Louis XIV,Louis XV,Louis XVI,B,True,0.029148291620937038,0.8497462747185976,0.06141087302623483,0.059694560634230634
The principles of xeriscaping are best exemplified by a homeowner who,installs an in-ground sprinkler system that operates on a timer,lowers the cutting height on the lawn mower to reduce the surface area in contact with the cutting blade,increases the use of fertilizer on the turfgrass to promote growth,replaces nonnative ornamentals with native shrubs that do not require irrigation,D,True,0.007457078766025584,4.048737337370172e-44,4.048737337370172e-44,0.9925429212339745
What was the revenue for flat screen televisions sold in Australia in the past 12 months (as of 2013)?,$120 million annual Revenue,$1.2 billion annual Revenue,$12 billion annual Revenue,$120 billion annual Revenue,B,True,0.07925262843746043,0.5314971516080761,0.2773458486866213,0.1119043712678422
What native empire controlled Large areas of South African Territory during the 19th century?,Hutu,Zulu,Aztec,Masai,B,True,4.3306364468844535e-44,0.9803016533883154,0.019698346611684646,4.3306364468844535e-44
How many keys are on a Standard piano?,20,54,88,100,C,True,4.238301663173407e-44,0.024160032665332464,0.9592671668729467,0.016572800461721056
The most important consideration in designing successful messages to be transmitted through graphic communications is knowledge and understanding of,current technologies,the capabilities of the designer,the limitations of the printer,the nature of the audience,D,True,4.0913889759911045e-44,0.03947006366136717,0.03222771196881214,0.9283022243698206
Which one of these world leaders was assassinated?,Indira Gandhi,Ferdinand Marcos,Golda Meir,Neville Chamberlain,A,True,0.6889861453417879,0.08913723625141597,0.11834931670755432,0.10352730169924161
Which of these candy bars was named for a baseball player?,Baby Ruth,Clark Bar,Reggie Bar,Butterfinger,C,False,1.0,4.2921618413646244e-44,4.2921618413646244e-44,4.2921618413646244e-44
The common term for someone who has difficulty seeing objects in the distance is what?,farsighted,nearsighted,hindsighted,hypermetropic,B,False,0.6937756581144497,0.02526383936019837,4.0281894692735485e-44,0.2809605025253519
Where did jazz great Sun Ra claim he was born?,Atlantis,Mount Olympus,Saturn,in a saxophone,C,True,0.1982699944402291,0.13715163109699396,0.6194303777127249,0.04514799675005195
By what name is Bob Keeshan better known?,Bozo the Clown,Pee Wee Herman,Captain Kangaroo,Buffalo Bob,C,True,0.030449652857057596,0.0469334149321693,0.9226169322107731,4.2856404598426193e-44
Where would you typically find a bailiff?,grocery store,courtroom,football stadium,doctor's office,B,True,4.3050520390693737e-44,0.9846678272750666,0.01533217272493332,4.3050520390693737e-44
Girls of what religious community traditionally wear bonnets?,Amish,Sikh,Roman Catholic,Christian,A,True,1.0,4.21860874215887e-44,4.21860874215887e-44,4.21860874215887e-44
What New Age musician released a 1998 album titled 'King of the Pan3Flute'?,Zamfir,Yanni,Vangelis,Kenny G,A,False,0.24714236959697491,0.326507123324638,0.13427341958100847,0.2920770874973787
Which of these is a fish?,sea horse,sea cow,sea snake,sea lion,A,True,0.4096023146960603,7.996576699835867e-44,0.3216808885565768,0.26871679674736304
How many airplanes are in the air worldwide right now (as of 2014)?,"5,000","20,000","80,000","320,000",B,False,0.05063831601687805,0.1149883964999304,0.33096883712023856,0.503404450362953
Reindeer herding as an economic activity of the Sami in Norway is an example of which of the following types of diffusion?,Stimulus,Hierarchical,Relocation,Contagious,A,False,0.22006281685733797,0.3584899179480913,0.29131018775490974,0.13013707743966116
"When cool air flows from a high mountain region to a region of lower elevation, the air will",increase in moisture content,"condense, forming large amounts of dew",undergo adiabatic warming,undergo adiabatic cooling,C,False,0.06415626723217208,0.0707771906488311,0.29668301604870834,0.5683835260702885
In Greek mythology what is the name of Zeus' father?,Apollo,Cronus,Prometheus,Hercules,B,True,4.08387599388314e-44,0.9789504449276831,0.021049555072317025,4.08387599388314e-44
What disease does a carcinogen cause?,cancer,influenza,emphysema,heart disease,A,True,1.0,4.245269574441785e-44,4.245269574441785e-44,4.245269574441785e-44
Who sang lead vocals for the band Big Brother and the Holding Company?,Grace Slick,Janis Joplin,Mama Cass,Karen Carpenter,B,False,0.9751874902788211,0.02481250972117885,4.750660034328626e-44,4.750660034328626e-44
Which Pope immediately preceded John Paul II?,John XXIII,Paul VI,John Paul I,Hank II,C,False,0.31915091696747544,0.4674467997154026,0.1772766461235612,0.03612563719356088
Which of these is not a spice?,dill,aniseed,cucumber,cayenne,C,True,0.05116379519889999,0.03840977009899056,0.8347561338234616,0.07567030087864778
Which of the following protocols is used to transport HTML pages from Web servers to Web browsers?,BOOTP,HTTP,SNMP,SMTP,B,True,3.81703126456583e-44,0.9973037682451211,3.81703126456583e-44,0.0026962317548787423
What is the correct spelling of New Mexico's largest city?,Albuqerque,Albuquerque,Albequerque,Santa Fe,B,True,0.07484576657064665,0.8963655506626469,0.02878868276670649,4.4728364644239143e-44
Which of the following best defines federalism?,A government in which the political leader is also the religious leader,The concentration of government power in the hands of a small group of people,The division of national power into different branches of government,The division of a country's power into national and subnational units,D,True,4.1895348044148067e-44,4.1895348044148067e-44,0.14140549156689497,0.8585945084331049
What sport is known as 'The Sport of Kings'?,polo,archery,yachting,horse racing,D,True,0.01802484364880102,1.0030227882033254e-43,1.0030227882033254e-43,0.9819751563511989
Which of the following is matched with its correct function?,Ovule ..... production of pollen,Vascular cambium ..... formation of apical meristem,Xylem ..... transport of sugars,Guard cell ..... regulation of transpiration rate,D,True,0.042789223601941526,4.14022402478078e-44,0.022640818055671228,0.9345699583423872
Which of the following protocols is usually associated with hyperinflation?,A rapid decrease in total spending,A rapid increase in money supply,A slow increase in exports,A slow increase in labor productivity,B,True,0.29243972087667697,0.510933356025219,0.09389902126163323,0.1027279018364706
In which century was the greatest number of chemical elements discovered?,17th,18th,19th,20th,C,True,0.06442036880494478,0.1414560359623806,0.4772147212122965,0.31690887402037804
"The term ""Cold War"" refers to the",race between the United States and the Soviet Union to claim ownership of Antarctica,contest between the United States and the European Union for economic domination in the West,struggle between the United States and the Soviet Union to gain political hegemony in world affairs,competition between the Soviet Union and China for the resources of the Pacific Rim,C,True,4.1416585224361327e-44,4.1416585224361327e-44,0.9898880185379236,0.010111981462076374
Which of the following articles of clothing has a hood?,Parka,kilt,lederhosen,sarong,A,True,1.0,4.991116647274504e-44,4.991116647274504e-44,4.991116647274504e-44
Which of these measurements is equal to one square foot?,50 square inches,77 square inches,100 square inches,144 square inches,D,True,0.09481034920021357,0.024922840497668092,0.10427567069876033,0.7759911396033581
Which of the following is a disorder in ruminants that is characterized by an excessive accumulation of gas in the rumen?,Agalactia,Bloat,Bovine pleuropneumonia,Grass tetany,B,True,4.0212443186489463e-44,1.0,4.0212443186489463e-44,4.0212443186489463e-44
"_Whenever the mood strikes her_, Angela takes a short walk around the block. In the sentence above, the underlined portion can best be described as",an adjective clause,a relative clause,a subordinate clause,an independent clause,C,True,0.232384958158538,0.20777145445655296,0.4828436276482886,0.07699995973662035
"What term is used to describe a""group of geese?",gaggle,gang,gander,grist,A,True,0.9086633497829052,4.510069420923028e-44,0.09133665021709489,4.510069420923028e-44
If you dial '411' on a telephone who are you calling?,the police,the White House,directory assistance,Moviefone,C,True,4.399983503611627e-44,4.399983503611627e-44,1.0,4.399983503611627e-44
Which of these are not legumes?,beans,peas,radishes,peanuts,C,True,0.05090670059230264,0.015036444041820455,0.7250549732679891,0.20900188209788784
"In 1989 scientists from Norway discovered that there are far more viruses in oceans lakes, and streams than previously believed. How many viruses did they find that a milliliter of natural water might contain?",up to 250,up to 25000,up to 2500000,up to 250000000,D,False,0.16509661880901125,0.2206537368157653,0.3913272126702716,0.22292243170495193
Which company holds an annual self-named 'Bake-Off'?,Betty Crocker,Duncan Hines,Pillsbury,Keebler,C,True,0.09038834895324419,0.19408062700278092,0.6011801715200829,0.11435085252389196
Which of the following fiscal policy actions is most expansionary?,Increasing both government spending and taxes,Increasing government spending and decreasing taxes,Decreasing government spending and increasing taxes,Decreasing both government spending and taxes,B,True,0.17284513562463047,0.5696520602284414,0.07302325293577581,0.1844795512111523
Which of the following steps should be taken first to effectively present new information to coworkers?,Analyzing the audience,Determining the objective,Creating three to five key messages,Choosing a communication tool,B,False,0.5326852344566042,0.20255584680776323,0.09848453543866201,0.1662743832969705
What is the name of the character Played by Woody Allen in the 1967 James Bond film 'Casino Royale'?,Dr Evil,Q,Little Jimmy Bond,M,C,True,0.043627906103194725,0.08733078138205483,0.6013801681368838,0.26766114437786653
Which of the following is generally the first step taken in a large-scale commercial construction venture?,Filing applications for building permits and variances,Ordering the materials needed for the building foundation,Drafting a contract that spells out the details of the building plan,Holding a discussion between the developer and the designer/contractor about the scope of the construction,D,True,0.1872884525774564,0.04859813985248668,0.06891830761257779,0.6951950999574792
How many eyes does a Giraffe have?,one,two,three,four,B,False,0.12720638737366108,0.3263076881257093,0.21982079909249347,0.3266651254081361
What pro wrestler grapples with Sylvester Stallone in the movie-'Rocky III'?,Dolph Lundgren,Hulk Hogan,Andre the Giant,The Iron Sheik,B,True,0.0337106588019232,0.8049022586931309,0.1042160941987025,0.05717098830624327
Which of the following activities will be most effective in introducing kindergartners to the concept of how plants transport water?,Demonstrating that a celery stalk can be peeled lengthwise but not crosswise,Placing celery stalks in water colored with a dye and observing the results,Collecting rainwater in a rain gauge and comparing the amount of rainfall to a plant's growth rate,"Planting bean seeds in paper cups, placing them on the windowsill, and watering them daily",B,True,0.03187031072664576,0.8395999414392006,4.620324732086226e-44,0.1285297478341536
What is the function of mitochondria in the cell?,To generate energy,To process waste,To kill viruses or other antigens,To repair damage,A,True,1.0,4.0819466377929435e-44,4.0819466377929435e-44,4.0819466377929435e-44
Which of these is not one of the four basic forces in nature?,electromagnetic,gravitational,nuclear,centrifugal,D,True,0.03631836654730844,4.060942102149819e-44,0.02051367380781362,0.943167959644878
Which of these is a slang term for 'police'?,fuzz,shrinks,bean counters,aardvarks,A,True,1.0,4.0119236990585155e-44,4.0119236990585155e-44,4.0119236990585155e-44
What is the name of the fruit that is half tangerine and half grapefruit?,graperine,tangefruit,tangelo,kumquat,C,True,0.021814555308532973,0.01770982413894486,0.9259381332812029,0.0345374872713195
What are the Smothers Brothers'(first names?,Frank and Bill,Tom and Dick,Dave and George,Ed and Pete,B,True,0.015090142914126614,0.9726135246309552,0.012296332454918136,4.4450163901171826e-44
Which of the following great apes (the Hominidae) is NOT native to Africa?,Gorilla,Human,Chimpanzee,Orangutan,D,False,0.06388787713702028,0.5694390350606229,0.08518542296348859,0.2814876648388683
In the movie 'Star Wars' what kind of creature is Chewbacca?,Woolie,Woobie,Wookiee,Klingon,C,True,0.049046582583195324,0.03229894320164549,0.9186544742151592,4.3677928996462747e-44
In the film 'Easy Rider' what emblem is on the back of Peter Fonda's leather jacket?,peace symbol,American flag,two white doves,Harley-Davidson logo,B,False,0.3815503163550261,0.21701759492704278,0.14682955626450825,0.2546025324534228
What are the tallest trees on Earth?,Coast Redwood,Coast Douglas Fir,Giant Sequoia,Sitka Spruce,A,True,0.675465840839982,0.03286284628584783,0.29167131287417014,4.752536807268163e-44
Which of these painting tools has bristles on it?,Easel,Knife,Brush,Palette,C,True,4.220411293611428e-44,0.08257668472943624,0.8918724093323885,0.02555090593817525
Astronaut John Glenn served as a pilot in what branch of the military?,Army,Air Force,Marines,Navy,C,False,0.10955259628629646,0.6013171296397655,0.048575343429017315,0.2405549306449209
On the TV show 'CHiPs' what was Officer Frank Poncherello's-nickname?,Franky,Ponch,Chipper,Hot Dog,B,True,4.0469469645249393e-44,0.9826629517264511,0.009640065933421774,0.007696982340127046
Which of the following criteria is the most important when assessing reading comprehension?,Ability to spell inventively,Ability to decode new words,Ability to identify the main idea,Ability to recognize rhyming patterns,C,True,4.1881718402475506e-44,4.1881718402475506e-44,0.9864173599427202,0.013582640057279813
Which of these games is not played with cards?,baccarat,rummy,craps,solitaire,C,True,0.024482004196309404,0.024468256515949825,0.7318068880794731,0.21924285120826753
In American football how many points is a touchdown worth?,two,three,six,seven,C,True,0.06525168639092506,0.02365342893101021,0.8496341634875577,0.061460721190507044
What is the most likely impact of an increase in interest rates?,Investment levels diminish,Employment increases,The value of the U.S. dollar increases,Mortgage rates decline,A,True,0.7445346960014626,0.07839738750253952,0.09089088345498274,0.08617703304101512
Whose profile can you see on the front of dimes that are currently in circulation?,George Washington,Thomas Jefferson,Benjamin Franklin,Franklin Roosevelt,D,False,0.6307088721315298,0.10281793272819957,0.050487737281682925,0.2159854578585877
Who is considered the owner of a 'publicly held' company?,the CEO,the stockholders,the president,the government,B,True,4.2160498776786275e-44,1.0,4.2160498776786275e-44,4.2160498776786275e-44
Which of the following candies is traditionally fruit flavored?,M&M's,Skittles,Reese's Pieces,Junior Mints,B,True,0.05083144703783335,0.7379456369651513,0.10602239010776084,0.1052005258892544
In 1926 the Harlem Globetrotters basketball team was formed in what city?,Boston,Philadelphia,Chicago,New York City,C,False,0.03976169960602039,0.03958345894167813,0.36477525620162327,0.5558795852506782
Which of the following steps in the design of a dog house would be earliest?,Acquiring all the tools necessary for the building,Purchasing all the materials for building the structure,"Identifying the color, shape, and style of the exterior surface",Accessing the measurements of the dog and all the interior materials,D,True,0.22691312428466362,0.2943946846475166,0.07470550108717948,0.4039866899806403
What was the name of the 1999 art exhibit that sparked a national debate about censorship?,Sticks & Stones',Pulsation',Black & White',Sensation',D,True,0.04994877451518784,0.030436698582662798,0.03077243034839622,0.8888420965537531
What was the title of Beethoven's only completed opera?,Faust',The Silence',Immortal Beloved',Fidelio',D,True,4.113902210303461e-44,0.011643789039753327,0.008142756900289249,0.9802134540599575
What is the name of the StarKist tuna mascot?,Charlie,Sam,Al,Morris,A,True,0.8786169907745575,0.060595614339361704,0.029797393397967747,0.030990001488113057
Which of the following groups was converted to Christianity in the tenth century C.E. by missionaries from the Byzantine Empire?,Franks,Visigoths,Russians,Anglo-Saxons,C,True,0.1099729451837746,0.05114173433016505,0.7185342712175704,0.12035104926848984
Which of these words is an adverb?,hurried,fast,speedy,quickly,D,True,0.033085931038581845,0.0789454452826882,0.023246580544787347,0.8647220431339425
On which part of a car would you find the 'caliper'?,battery,engine,radiator,brakes,D,True,4.086927639494932e-44,4.086927639494932e-44,0.014727038921802507,0.9852729610781975
Which of these plants is the national emblem of Scotland?,ivy,thistle,rose,linden,B,True,4.544153227713709e-44,1.0,4.544153227713709e-44,4.544153227713709e-44
How much does it cost to air condition all American automobiles for a year (as of 2018)?,$10m,$100m,$1 billion,$10 billion,C,False,0.07121395586884065,0.13468487743179605,0.28674769241588643,0.507353474283477
What fictional character claims to be 'smarter than the average bear'?,Paddington Bear,Fozzie Bear,Smokey Bear,Yogi Bear,D,True,0.030626784895049032,0.09446678105315305,0.018072341027065224,0.8568340930247326
If you are truly afraid of the dark what do you suffer from?,hypnophobia,cryptophobia,hadephobia,nyctophobia,D,True,4.591883483012139e-44,4.591883483012139e-44,0.016842213986096203,0.9831577860139037
Which of the following is a way in which Congress can influence the federal bureaucracy?,Increasing or decreasing departmental salaries,Appropriating funds,Appointing agency heads,Dismissing cabinet secretaries,B,True,0.09619097130339778,0.686959837539401,0.1970336447861217,0.019815546371079535
What country was once ruled by shoguns?,China,Japan,North Korea,Taiwan,B,True,4.175234572431409e-44,1.0,4.175234572431409e-44,4.175234572431409e-44
On what continent can you find tigers in the wild?,Africa,Asia,Europe,South America,B,True,4.083850860906134e-44,1.0,4.083850860906134e-44,4.083850860906134e-44
"The construction of a transportation network that included roads, canals, and steamboats that took shape in the United States in the early decades of the nineteenth century had which of the following effects in the years before the Civil War?",It decreased the need for immigrant labor.,It stimulated the development of a market revolution.,It weakened the plantation system in the southern states.,It transformed the United States into an international military power.,B,True,0.007053288846562521,0.9771019152680294,0.01584479588540809,3.9958823717731797e-44
What is the more common name for the disease 'pertussis'?,whooping cough,tennis elbow,black lung,German measles,A,True,1.0,4.2744935252225426e-44,4.2744935252225426e-44,4.2744935252225426e-44
The primary purpose of a Supervised Agricultural Experience ( SAE ) program is to,provide a basis for students to apply for and win proficiency awards,provide students with an income to be used to learn money management skills,"give students a chance to earn enough money to qualify for local, state, and national FFA degrees",allow students to apply skills learned in the classroom and learn new skills in a specialized area,D,True,0.030209306377310403,0.012793427149589191,4.1175150897804677e-44,0.9569972664731003
An early-nineteenth-century railroad steam engine is an excellent example of which of the following power systems?,Internal combustion engine,External combustion engine,Rotary engine,Reaction engine,B,True,0.007651171261443072,0.9771087267531813,4.006552135760935e-44,0.015240101985375709
With which of the following statements would both Thomas Hobbes and John Locke most probably have agreed?,Government authority is created as the result of a social contract.,Government must enforce religious law to prevent moral decay.,Government must enforce the majority's will regardless of the wishes of the minority.,Government must bend to the will of the educated minority.,A,True,1.0,4.107443977403898e-44,4.107443977403898e-44,4.107443977403898e-44
In the classic song 'Take Me Out to the Ballgame' for whom do we 'root root root'?,the umpire,the home team,the bat boy,Mighty Casey,B,True,0.014022379054217594,0.9002499862365457,0.022393986371071716,0.06333364833816481
Who was Charlie McCarthy?,a US senator,a Chicago gangster,a famous baseball pitcher,a wooden dummy,D,True,0.005947675319180449,0.008419101737486874,3.9294271555507745e-44,0.9856332229433327
How many states were in the Confederate States of America?,11,13,16,22,A,False,0.13955726316178124,0.47620572471850825,0.22370607066346307,0.16053094145624736
Who were the Chicago Seven?,war protesters,bluegrass musicians,bank robbers,mobsters,A,True,1.0,4.2628341893846243e-44,4.2628341893846243e-44,4.2628341893846243e-44
Which dwarf planet is closest to the Sun?,Pluto,Eris,Ceres,Makemake,C,False,0.4136265000231766,0.15268477359763982,0.28407889326330843,0.1496098331158752
What company makes perfumes called 'Beautiful' and 'Pleasures'?,Estee Lauder,Ralph Lauren,Elizabeth Arden,Calvin Klein,A,True,0.7272537230124331,0.03594048646229293,0.07168864140130975,0.1651171491239644
What nationality was Karl Marx?,Russian,German,Danish,English,B,True,0.018264692439049393,0.9260046083843538,0.03934369452716712,0.016387004649429736
In America what is the main ingredient in pepperoni?,Fish,pepper,wheat,meat,D,True,4.4140500663698544e-44,0.019281861544213946,4.4140500663698544e-44,0.9807181384557859
A student in the process of solving a fabrication problem in the manufacturing laboratory asks the teacher what assembly procedures should be used. The teacher's best response would be to,give an opinion as to the best assembly procedure for the particular problem,suggest two or three possible assembly procedures and have the student select one,place the responsibility completely on the student for making the judgment,use leading questions to help the student review and analyze the relative merits of several assembly procedures,D,True,0.06258728374676352,0.4108786528803858,0.10650537170643895,0.4200286916664118
"If the government places a price ceiling on leather garments that is below the equilibrium price, which of the following will occur in the market for leather garments?",There will be a shortage.,There will be a surplus.,The demand curve for leather garments will shift leftward.,The supply curve for leather garments will shift rightward.,A,True,0.9614376415991351,0.025216190732504234,4.0986108136239107e-44,0.013346167668360772
"During President Dwight Eisenhower's administration in the 1950s, the federal government promoted significant changes in transportation in the United States by",establishing generous subsidies for urban mass transit,sponsoring research to develop less polluting automobiles,funding the construction of the interstate highway system,funding the establishment of a national railroad passenger system,C,True,4.2176391520685414e-44,4.2176391520685414e-44,0.987929536732459,0.01207046326754095
Animals in which of the following groups may have a backbone and a spinal cord?,Mollusks,Chordates,Invertebrates,Echinoderms,B,True,4.046783623279265e-44,0.9251037244379132,0.04008274272722541,0.034813532834861355
Which of the following statements best illustrates active listening on the part of a second-grade teacher who is helping a student solve a personal problem?,"I have gathered the facts, and I know what really happened.","I understand you, and I know what is best for you.",I believe you understood the class rules.,I respect you as a person with your own ideas and feelings.,D,True,0.041168535859490714,4.2098056579375007e-44,0.03133666982980486,0.9274947943107045
Which of the following stages is the first step in the writing cycle?,Outlining,Brainstorming,Publishing,Editing,B,False,0.4993779058510842,0.28232268095520535,4.1895544352149003e-44,0.21829941319371035
Which of these is a government agency established to protect investors?,AAA,NBA,SEC,MADD,C,True,4.4079987211838427e-44,4.4079987211838427e-44,1.0,4.4079987211838427e-44
What character did Woody replace on the TV show 'Cheers'?,Coach,Diane,Norm,Frasier,A,True,0.33081150203548226,0.2357572638977306,0.20236707128666925,0.2310641627801179
Which of the following rocks would most likely form from the metamorphism of a shale?,Granite,Quartzite,Schist,Marble,C,True,4.042634350402187e-44,0.11790502572451847,0.6143728390894755,0.26772213518600607
"Which of the following states of matter is characterized by a closely packed arrangement of particles, resulting in a stable, definite shape and definite volume?",Solid,Liquid,Gas,Plasma,A,True,1.0,4.1585565535368515e-44,4.1585565535368515e-44,4.1585565535368515e-44
How old is the Earth approximately?,"50,000 years",300 million years,4.5 billion years,no one knows,C,True,4.3189467099330197e-44,0.009385267219045446,0.9906147327809546,4.3189467099330197e-44
"As part of a staffing strategy, a human resources manager hires new personnel through a hidden market. Which of the following best represents the use of a hidden market?",Posting the job opening to a social media Web site,Advertising the job opening on job posting Web sites,Receiving a recommendation from a current employee,Participating in a career fair at a local community college,C,True,0.008588649041658455,3.898080550062039e-44,0.9753347725979509,0.01607657836039065
What liqueur is used to make a Pink Lady cocktail pink?,grenadine,schnapps,triple sec,pernod,A,False,0.3813709845186993,0.1325083171001626,0.38400597563785155,0.10211472274328665
What is the proper nautical use of an anchor?,to catch large fish,to calculate water depth,to hold a ship in place,to damage other boats,C,True,4.122555762492813e-44,4.122555762492813e-44,1.0,4.122555762492813e-44
In ice hockey which of the following is not a penalty?,hooking,charging,carving,butt-ending,C,True,0.0294958486452163,0.02661877861152164,0.6809857150870998,0.2628996576561623
"Ethan, a new preschool student, does not talk or play with other students during center time. Which of the following strategies will best help him develop interpersonal relationships?",Demonstrating empathy for Ethan when there is a conflict during center time,Modeling how to show appropriate affection in the classroom,Encouraging students to name and discuss their feelings throughout the day,Identifying a student to be Ethan's partner and participate in center time with him,D,True,0.06542264404525458,0.05674425613507693,0.1424478599635634,0.7353852398561052
If a business files under Chapter 11 what is it doing?,declaring bankruptcy,selling stock,buying a smaller,company suing the government,A,True,0.9761947437057061,4.3922100196706916e-44,0.02380525629429396,4.3922100196706916e-44
How many $100 bills does it take to equal one million dollars?,one thousand,five thousand,ten thousand,one hundred thousand,C,False,0.15334030721508995,0.09915342337669407,0.36598691508130615,0.3815193543269098
A prekindergarten teacher is planning a lesson with a teaching objective of categorizing geometric objects by type of shape. Which of the following actions must children be able to perform successfully before the teacher teaches the lesson?,Identifying attributes of objects,Recognizing the position of whole numbers,Creating sets of objects using counters,Matching values with their numerical representatives,A,True,0.918758608358191,4.2740843951673174e-44,0.03935016193586567,0.041891229705943396
What former 'Today' show personality played a neighbor on the TV sitcom 'The Hogan Family'?,Jane Pauley,Willard Scott,Deborah Norville,Joe Garagiola,B,True,0.16273292759068736,0.4075206376710022,0.1246079334892773,0.305138501249033
"If one party to a contract is forced to sign, the contract is defined as",enforceable,executory,unilateral,voidable,D,True,4.0140426601609143e-44,0.01655715054154943,0.010495980406115298,0.9729468690523353
What was the name of the first ship to sail around the world?,Triton,Victoria,Magellan,Elizabeth II,B,False,0.014423113915417115,0.2661055282221903,0.7037172294436617,0.01575412841873074
Which of the following was a direct result of the First Opium War of 1839-1842?,The Chinese commissioner of trade in Canton (Guangzhou) banned the opium trade in that city.,China was forced to open some of its ports to international trade.,Chinese revolutionaries toppled the Qing dynasty.,Chinese leaders set out to remake their economy along Western lines.,B,True,0.010340765455630023,0.9699827568840333,4.0397576707527293e-44,0.019676477660336818
What animal is considered sacred in India?,Sheep,Cow,Chicken,Dog,B,True,0.013709027196994801,0.9862909728030052,4.2271484823310667e-44,4.2271484823310667e-44
In computer terminology what does the acronym 'FTP' stand for?,file transfer protocol,full time portal,full text processor,free to print,A,True,1.0,4.221512143629101e-44,4.221512143629101e-44,4.221512143629101e-44
What is the art of elegant handwriting called?,calligraphy,engraving,decoupage,lithography,A,True,1.0,4.43738416916738e-44,4.43738416916738e-44,4.43738416916738e-44
By what collective name do Christians refer to God the Father God the Son and the Holy Ghost?,the Trio,the Troika,the Triumvirate,the Trinity,D,True,0.006153263100399552,4.1804142282506855e-44,4.1804142282506855e-44,0.9938467368996003
In what year did the United States last win an Olympic gold medal in men's ice hockey?,1976,1980,1984,1988,B,True,0.028386046922963194,0.8913872159850934,0.06379002428190568,0.016436712810037703
What term describes the passing of genetic traits from one generation to the next?,heredity,heresy,homogeneity,hemoglobin,A,True,1.0,4.4145424428779386e-44,4.4145424428779386e-44,4.4145424428779386e-44
Modern computer microchips are primarily composed of what element?,Sodium,Silicon,Aluminum,Silver,B,True,4.2949840926456264e-44,1.0,4.2949840926456264e-44,4.2949840926456264e-44
The film 'Stand By Me' is based on a novel by what author?,Anne Proulx,Stephen King,Dean Koontz,Frank McCourt,B,True,4.671629775942759e-44,0.9933604473683489,0.00663955263165106,4.671629775942759e-44
What kind of car did Burt Reynolds drive in the movie 'Smokey and the Bandit'?,Lamborghini,Camaro,Corvette,Transam,D,True,4.1129278879938177e-44,0.18473532844106139,0.0684446331760658,0.7468200383828728
Which of the following is the best description of traditional phonics instruction?,Students study lists of high-frequency words in order to increase reading speed and comprehension.,"Students are taught individual letter sounds first, followed by letter combination sounds and the rules of putting these combinations together to make words.","Students are immersed in written language, and encouraged to decode entire words using context clues.",Students analyze patterns of organization and syntax as a way of learning to recognize common structures.,B,True,4.0902339155913063e-44,0.9912646357066226,0.00873536429337732,4.0902339155913063e-44
Who composed the 'Moonlight Sonata'?,Mozart,Handel,Bach,Beethoven,D,True,4.0938458452155006e-44,0.01688558028166537,0.018907421556635277,0.9642069981616993
The first commercial radio station was located in what city?,Chicago,Austin,Pittsburgh,Cleveland,C,False,0.286290979152927,0.028428296456417534,0.18390282686352794,0.5013778975271275
Which of these is not a position on an American football team?,quarterback,tight end,striker,free safety,C,True,0.013800237821339692,0.02011359240242388,0.8870661665789423,0.07902000319729408
Which of these is not a type of primate?,baboon,marmot,orangutan,chimpanzee,B,True,4.318289510408584e-44,0.8852513928852086,0.08209836195463803,0.032650245160153454
In 1986 Libyan leader Muammar Qaddafi drew a so-called 'Line of Death' overwhat body of water?,Gulf of Sidra,Gulf of Oman,Red Sea,Persian Gulf,A,True,1.0,4.0025881194067157e-44,4.0025881194067157e-44,4.0025881194067157e-44
What is the nickname of Florida's controversial death row electric chair?,Old Yeller,Old Geezer,Old Smoky,Old Sparky,D,True,4.43432516152145e-44,0.014200989274884201,0.2469610493925711,0.7388379613325448
The dance known as the 'fandango' is of what origin?,Australian,African,Native American,Spanish,D,True,4.0259772459124254e-44,0.030160612842971037,0.00940499623713056,0.9604343909198984
In what restaurant can you order a Grand Slam breakfast?,Denny's,McDonald's,Burger King,Hardee's,A,True,0.8788964764308498,4.108138717937774e-44,4.108138717937774e-44,0.12110352356915012
Which of these minerals is hardest on the Mohs scale?,Corundum,Quartz,Apatite,Calcite,A,True,1.0,4.871292302446137e-44,4.871292302446137e-44,4.871292302446137e-44
Which of the following beverages is brewed from the leaves of a plant?,tea,coffee,ginger ale,wine,A,True,1.0,6.631579371477625e-44,6.631579371477625e-44,6.631579371477625e-44
"According to Erik Erikson, the primary dilemma faced in adolescence is",industry vs. inferiority,identity vs. identity confusion,generativity vs. stagnation,integrity vs. despair,B,True,3.9858902341100974e-44,0.9920072213058678,3.9858902341100974e-44,0.007992778694132263
What literary work is the source of the quote 'Abandon every hope all you who enter here'?,Paradise Lost',The Wizard of Oz',The Divine Comedy',Beowulf',C,True,4.8894208052524835e-44,4.8894208052524835e-44,1.0,4.8894208052524835e-44
What's the popular name of the breakfast meal consisting of sausages wrapped in pancakes?,ducks in a pond,pigs in a blanket,cows in a pasture,dogs in the oven,B,True,4.355559659700845e-44,1.0,4.355559659700845e-44,4.355559659700845e-44
Which of the following is not a TV cartoon duo?,Chip and Dale,Beavis and Butt-head,Simon and Garfunkel,Tom and Jerry,C,True,0.035820970698673314,0.05802175901441486,0.8273523609924658,0.07880490929444604
Which of these is not a 'lock' function on a standard desktop computer keyboard?,print lock,number lock,scroll lock,caps lock,A,True,0.5081304505883184,0.13247335980151612,0.12209744642644363,0.23729874318372188
The American patriot Paul Revere was named for his father whose original name was what?,John Paul Revere,Paul Silver,Apollos Rivoire,Paolo Reverini,C,False,0.6650634591635285,0.05941285418727275,0.18526640262039973,0.09025728402879907
Which of these movies does not star Jim Carrey?,Patch Adams',The Truman Show',Dumb and Dumber',The Mask',A,False,0.1511136874932539,0.14504355125934987,0.22379081430820938,0.48005194693918685
What is the name of Mario's brother in the 'Super Mario' video games?,Louis,Luigi,Luciano,Zelda,B,True,4.453198949099379e-44,0.9951203256302483,0.0048796743697516656,4.453198949099379e-44
Who wrote the lyrics of the Frank Sinatra anthem 'My Way'?,Frank Sinatra,Kris Krist offerson,Carole King,Paul Anka,D,True,0.03643573784336805,0.09409846197404056,0.09730318299537544,0.7721626171872159
In the movie Austin Powers: The Spy Who Shagged Me what is the name of Dr Evil's diminutive clone?,Little Buddy,Mini-Me,Small Fry,Dr Evil Jr,B,True,4.212289336305298e-44,0.9878637787533612,0.012136221246638898,4.212289336305298e-44
What is the chemical process wherein a solid is turned to a liquid via the application of heat?,distillation,photosynthesis,freezing,melting,D,True,3.9592085844654154e-44,3.9592085844654154e-44,0.012177327731375535,0.9878226722686244
In what state is the 1999 movie Magnolia' set?,California,South Carolina,Georgia,Texas,A,True,0.5298100984582846,0.1278015458270982,0.08188672072016641,0.2605016349944507
How long is the time on an NBA shot clock?,18 seconds,24 seconds,30 seconds,35 seconds,B,True,0.1701056249449015,0.4364507621003514,0.2629514113297648,0.1304922016249823
The Pointillist paintings of Georges Seurat are most notable for containing which of the following characteristics?,An expressionistic use of broad brushstrokes and tactile surface texture,Lively figures created through the use of forceful lines,Static figures and a sense of optical surface movement,An emotional use of strident colors with a high degree of simplification,C,True,4.3690382685332075e-44,4.3690382685332075e-44,0.9495647923196378,0.050435207680362276
Backgammon is a how many player game?,Two,Three,Four,Six,A,True,0.9345739313795841,0.03727231280853371,0.028153755811882255,4.3658739191419223e-44
According to the children's nursery rhyme what type of ocean did Columbus sail in 1492?,calm,blue,windy,really big,B,False,0.08664091457575912,0.03837893950243353,0.0223867498364449,0.8525933960853623
Which of these refers to an alcoholic drink laced with a knockout drug?,Zombie,Kamikaze,Mickey Finn,Molotov cocktail,C,True,0.031054574382872492,4.041000595271367e-44,0.9583210821598142,0.010624343457313251
"Students are reading the following passage from the National Park Service's Web site. Ten miles long and nearly 500 feet deep (152.4 m meters), Lake McDonald, the largest lake in the park, is a direct result of glacial carving. High peaks surrounding the lake all show evidence of the power of glaciers to carve even the hardest of rock. The powerful glaciers that carved the broad U-shaped valley that Lake McDonald sits in also carved smaller hanging valleys with wonderful waterfalls that are accessible by numerous hiking trails. Which of the following best identifies the intended audience of the passage?",Scientists researching glacier development,Teachers interested in creating virtual park field trips,Academics studying the historical context of national parks,Families interested in visiting Lake McDonald,D,True,0.060467195905112285,0.1268292510026416,0.01427344762103387,0.7984301054712123
How do you express 3/4 as a decimal?,0.25,0.5,0.75,0.9,C,True,0.17947692979502067,0.026727972464695725,0.6727352570084165,0.12105984073186708
What tea is known for its distinctive bergamot flavor?,Earl,Grey Darjeeling,English Breakfast,Prince of Wales,A,True,0.46173579729885134,0.1794017959034634,0.1788807101940091,0.17998169660367622
"Science fiction: readers claim to either love it or loathe it; either they avoid it like poison or they devour favorite works and authors like chocolate addicts gulping down fudge truffles. The author of the passage compares certain readers with ""chocolate addicts"" primarily in order to",suggest that science fiction is not a serious literary genre,indicate the depth of certain readers' feelings about science fiction,explain why some readers consider science fiction to be dangerous,contrast the characteristics of science fiction with those of other literary genres,B,True,0.029390359373039368,0.7532291579192406,0.025589392447288646,0.1917910902604313
Which of these foods could contain small amounts of naturally occurring opium?,chocolate truffles,poppy seed bagels,carbonated soda,sesame chicken,B,True,0.4050739480877187,0.4676546697095385,0.06264865660846321,0.0646227255942797
What is the slowest wind speed a hurricane can have according to the Saffir-Simpson scale?,50 m.p.h.,74 m.p.h.,96 m.p.h.,110 m.p.h.,B,False,0.22995667168025014,0.24325585901722493,0.2690428087238643,0.25774466057866063
In which of the following bands did Jimmy Page not play guitar?,Bad Company,The Firm,Led Zeppelin,The Yardbirds,A,True,0.5375462421182754,0.18036633698712287,0.16134263771120624,0.12074478318339545
Which of these magazines does not focus on natural science?,Tiger Beat,Outside,National Geographic,Smithsonian,A,True,0.6285119368711141,0.2104713334019477,0.07560141957716883,0.08541531014976948
Which of the following artists is an English landscape painter who created a poetic sense of changing atmospheric effects by using tiny applications of local color?,John Constable,William Morris,William Hogarth,Joshua Reynolds,A,True,1.0,4.222719710997225e-44,4.222719710997225e-44,4.222719710997225e-44
A flashing red traffic light signifies that a driver should do what?,stop,speed up,proceed with caution,honk the horn,A,True,1.0,4.036543577825331e-44,4.036543577825331e-44,4.036543577825331e-44
Which composer was famous for writing approximately 600 lieder?,Schubert,Beethoven,Liszt,Mozart,A,True,1.0,4.2009138784955033e-44,4.2009138784955033e-44,4.2009138784955033e-44
"Students in a fourth-grade science class are learning about processes that change Earth's surface. Which of the following is the best example of an agent that gradually shapes Earth's surface by taking bits of rock, soil, and other substances away from their original locations and depositing them in other locations?",Fire,Lightning,Water,Sunlight,C,True,4.4183387076347566e-44,4.4183387076347566e-44,0.9899392174020744,0.010060782597925621
What country does Bordeaux wine come from?,France,Spain,Australia,United States,A,True,1.0,3.9508242014350595e-44,3.9508242014350595e-44,3.9508242014350595e-44
What is the loudest animal on earth?,African elephant,sperm whale,blue whale,Indian elephant,C,False,0.13470733379142105,0.4419053537252307,0.28326802303349324,0.14011928944985513
Which of these household pets should be vaccinated for parvovirus?,hamster,cat,dog,bird,C,True,0.016022620045204418,0.03504310855692557,0.9261779498585744,0.022756321539295472
Which color is not considered to be one of the primary colors of light?,red,yellow,green,blue,B,True,0.11589588036658176,0.5291392210338098,0.23990149581598097,0.11506340278362734
If someone has cataracts what part of their body might need an operation?,ear,hand,eye,knee,C,True,4.26569188515206e-44,4.26569188515206e-44,1.0,4.26569188515206e-44
"""I counted seven ministers all preaching at once . . . . Some of the people were singing, others praying, some crying for mercy in the most piteous accents."" The quotation above describes group participation in an event that was most characteristic of which of the following?",A meeting of the Pennsylvania Quakers during the time of the Revolution,A frontier camp meeting of the Second Great Awakening during the early nineteenth century,A presentation to a Chautauqua Assembly during the late nineteenth century,A convention of the Women's Christian Temperance Union during the late nineteenth century,B,True,0.034769317390320256,0.8585573783436952,0.06874719348534626,0.037926110780638476
In baseball how many balls make a walk?,one,two,three,four,D,False,0.23451968616578087,0.07350908719605243,0.3474461656104472,0.3445250610277194
What term describes a tribe that has no set homeland and wanders from place to place?,Nomadic,Pedantic,Schematic,Cathartic,A,True,1.0,4.055864635080554e-44,4.055864635080554e-44,4.055864635080554e-44
What is the official language of The Netherlands?,Danish,Swedish,German,Dutch,D,True,4.203308152596002e-44,0.013276745654442373,0.015762103681898752,0.970961150663659
Which of these foods is not traditionally considered kosher?,citrus fruits,barley,chicken,shellfish,D,True,4.563283154802779e-44,0.10067635258301731,0.0903868725582888,0.808936774858694
The use of inexpensive labor in Asian countries by footwear companies based in the United States and Europe is an example of which of the following?,Primary economic activity,Global division of labor,Intervening opportunity,Global-local continuum,B,True,4.0578762543362847e-44,0.8220401465374827,0.023535194378259128,0.15442465908425823
Which one of the following instruments is used to measure humidity?,anemometer,ammeter,hygrometer,barometer,C,True,4.353503754684093e-44,4.353503754684093e-44,1.0,4.353503754684093e-44
"Jacques, Hedwig, and Reyes want to form a business entity through which they can raise capital by selling equity shares to the public. Which of the following business structures should they adopt?",LLC,PC,Corporation,LLP,C,True,0.021853303973005278,0.02812489765794861,0.9371646542208594,0.01285714414818673
In the Arthurian legend who is married to Guinevere?,Merlin,King Arthur,Lancelot,Camelot,B,False,0.019402753356787462,0.4474483676953233,0.4810713431221781,0.052077535825711105
What does the 'ROM' in CD-ROM stand for?,Really Obscure Memory,Run-Other Memory,Random Object Memory,Read-Only Memory,D,True,0.004849625080094791,3.9358147464986247e-44,0.00819708906266941,0.9869532858572359
In the card game blackjack how much are a queen and a king worth-together?,11,15,20,21,C,False,0.2662963805655646,0.06751545274002513,0.12886280369544129,0.5373253629989689
Which of these performers made her film debut in Spike Lee's 'Dothe Right Thing'?,Jennifer Lopez,Rosie Perez,Paula Abdul,Tisha Campbell,B,True,0.1523441339997675,0.5466695307115493,0.054541937503854186,0.24644439778482893
"A farmer buys a new tractor for $40,000 and expects to use it for 20 years, after which the tractor will have a salvage value of $10,000. What is the straight-line depreciation that can be taken for the first year of ownership?",1500,1667,2000,2250,A,False,0.09255998316363247,0.34964802337774964,0.33206359473796504,0.2257283987206528
In which kind of geometry is the sum of the angles inside a triangle exactly equal to 180 degrees?,elliptical,euclidean,hyperbolic,linear,B,True,4.496117963885046e-44,0.9766353490504492,0.023364650949550737,4.496117963885046e-44
Which of the following short-run costs always increases as output increases?,Average total cost,Marginal cost,Total fixed cost,Total variable cost,D,True,0.17289291173926735,0.20069111716318158,0.20978640531319884,0.41662956578435223
"The book announced an insane world of dehumanization through terror in which the individual was systematically obliterated by an all-powerful elite. Its key phrases‚ÄîBig Brother, doublethink, Newspeak, the Ministry of Peace (devoted to war), the Ministry of Truth (devoted to lies), the Ministry of Love (devoted to torture)‚Äîburned their way at once into the modern consciousness. The passage above discusses",E.M. Forster's A Passage to India,Thomas Pynchon's V.,George Orwell's 1984,Flannery O'Connor's The Violent Bear It Away,C,True,4.2948311080369556e-44,4.2948311080369556e-44,1.0,4.2948311080369556e-44
What is the capital of New Zealand?,Sydney,Wellington,Auckland,Melbourne,B,True,4.1925167816581905e-44,0.9637949212941807,0.036205078705819446,4.1925167816581905e-44
What popular toy is featured in the film 'The Hudsucker Proxy'?,Beanie Babies,Hula Hoop,Lincoln Logs,Lite Brite,B,True,0.06338016085304556,0.46113013523538027,0.21865829012224286,0.2568314137893314
What is the most popular month for weddings in America?,January,May,August,November,C,False,0.05406883935951297,0.45726227749919274,0.3525757658178969,0.1360931173233973
Which of the Three Stooges was not related to the others?,Moe,Larry,Curly,Shemp,B,False,0.01841309214481903,0.057823192019193594,0.11848887107754683,0.8052748447584405
What is the name for the thin board used to mix colors while painting?,pestle,easel,shoe,palette,D,True,7.3499432472916e-44,7.3499432472916e-44,7.3499432472916e-44,1.0
Which of these foods could you catch at sea?,shallot,stollen,scallop,scone,C,True,4.895867753815308e-44,4.895867753815308e-44,0.9921418797725765,0.00785812022742348
If a ring has the number 925 stamped into it it is most likely made of what material?,platinum,gold,steel,silver,D,True,0.009102623182429026,4.184592997586629e-44,4.184592997586629e-44,0.990897376817571
Which of the following questions can a student ask to best determine whether an author is using the persuasive technique of pathos in a passage?,Does the author use tone and style to convey authority on the subject to the audience?,Does the author use credible and reliable sources to convince the audience of the argument?,Does the author use facts and sound reasoning to substantiate claims made to the audience?,Does the author use personal connections and stories to appeal to the audience's emotions?,D,True,0.015539337271776105,0.00837224189437191,4.2167408118219704e-44,0.9760884208338519
During which war did US troops fight the Battle of New Orleans?,American Revolution,Civil War,Mexican War,War of 1812,D,True,4.1470647228246936e-44,4.1470647228246936e-44,0.023446744911899478,0.9765532550881004
What animal is used to make lard?,pig,cow,snake,chicken,A,True,1.0,4.281138940291053e-44,4.281138940291053e-44,4.281138940291053e-44
"If the permeability of subsoil is rapid, the subsoil texture is most likely classified as",coarse,medium,fine,silty,A,True,0.3727551203582361,0.18664908259861374,0.3532770842546631,0.0873187127884872
"A passage Jane Eyre is as follows. This was all the account I got from Mrs. Fairfax of her employer and mine. There are people who seem to have no notion of sketching a character, or observing and describing salient points, either in persons or things: the good lady evidently belonged to this class; my queries puzzled, but did not draw her out. Mr. Rochester was Mr. Rochester in her eyes, a gentleman, a landed proprietor‚Äìnothing more: she inquired and searched no further, and evidently wondered at my wish to gain a more definite notion of his identity. Mrs. Fairfax differs from the speaker in that Mrs. Fairfax",has more interest in the complexities of people's personalities,judges people by their social station in life,is more willing to take people at face value,has a more positive opinion of Mr. Rochester,C,True,0.08808198183377938,0.21305669255930657,0.48350523519782035,0.21535609040909368
Earth's seasons are caused by which of the following?,The tilt of Earth's axis of rotation relative to the ecliptic as Earth revolves around the Sun,The varying amount of sunspot activity,Earth's orbit about the Sun as an ellipse rather than a circle,The rotation of Earth during a 24-hour day,A,True,1.0,4.1069601900709957e-44,4.1069601900709957e-44,4.1069601900709957e-44
According to the Bible Moses and Aaron had a sister named what?,Jochebed,Ruth,Leah,Miriam,D,True,0.026927494025496587,4.2960988216740504e-44,4.2960988216740504e-44,0.9730725059745035
Where is the Frank Lloyd Wright-designed house known as Falling Water?,Connecticut,Pennsylvania,Illinois,New York,B,True,4.236129555800281e-44,1.0,4.236129555800281e-44,4.236129555800281e-44
In the story 'Jack and the Beanstalk' what does Jack trade to get the magic beans?,a cow,a hat,a harp,a goose,A,True,0.866980533150113,4.323778687748528e-44,0.023448733934022463,0.10957073291586444
Which of these vitamins was the first to be named?,Vitamin A,Vitamin-12,Vitamin E,Vitameat avegimen,A,False,0.31040560040415466,0.10282212264396362,0.08617959482548986,0.500592682126392
How many water molecules are in a human head?,8*10^21,8*10^23,8*10^25,8*10^27,C,True,0.18969020947646115,0.2841391449113791,0.30158429576923734,0.2245863498429224
Who wrote musicals with Oscar Hammerstein II?,Richard Rodgers,Rogers Hornsby,Gilbert O' Sullivan,George Rogers Clark,A,True,0.9774161998844121,4.1706376672342356e-44,0.014980751281972115,0.00760304883361587
If Christmas Day is on a Saturday then the following New Year's Day falls on what day of the week?,Sunday,Monday,Friday,Saturday,D,False,0.3352380922719518,0.25283990517912563,0.18948015623110745,0.2224418463178151
What Mexican holiday takes place on May 5th?,Mexican Independence Day,Santa Anna's Birthday,Cinco de Mayo,Christmas,C,True,4.725445634100612e-44,0.010396266567863322,0.9798304121250042,0.009773321307132484
Which of the following is a type of bacterium that produces a toxin in food under anaerobic conditions?,Clostridium botulinum,Clostridium tetani,Mycobacterium bovis,Staphylococcus aureus,A,True,0.7978247393107452,4.435182483599495e-44,4.435182483599495e-44,0.20217526068925487
Which of the following lists the gases that were most likely the largest components of Earth's early atmosphere?,N_2 and O_3,C_2H_4 and O_2,"Ne, Ar, Kr, and Rn","N_2, H_2O, CO_2, CH_4, and NH_3",D,True,0.06014180223787366,4.316691089416273e-44,0.062158641099414005,0.8776995566627124
What disease is characterized by a body's inability to properly metabolize glucose?,Influenza,Septicemia,Diabetes,Arthritis,C,True,4.123613405660512e-44,4.123613405660512e-44,0.9926502499456225,0.007349750054377526
Who co-founded Microsoft with Bill Gates?,Steve Jobs,Steve Wozniak,Paul Williams,Paul Allen,D,True,4.0149329651083475e-44,0.02272890899815197,0.014361669802786253,0.9629094211990619
Who was the first First Lady to run for political office?,Hillary Clinton,Rosalynn Carter,Bess Truman,Eleanor Roosevelt,A,False,0.23950362998321614,0.1664482704638542,0.07548097767928917,0.5185671218736405
Who or what was Big Bertha?,a comet,a World War I gun,a pro wrestling champion,a giant Muppet,B,True,0.04920796196810217,0.8756483636802523,0.07514367435164553,4.639986476939682e-44
To ward off bad luck what do many people do to wood?,knock on it,kiss it,thank it,scratch it,A,True,0.6051744791159116,0.0590758051157916,0.026966750702737928,0.3087829650655589
What kind of flying contraption is featured in the movie 'Chitty Chitty Bang Bang'?,boat,car,truck,bike,B,True,0.017926813820224548,0.9122519572003834,0.05210160064182233,0.01771962833756961
"What is the name of the disease that has been referred to as the ""disease of kings""?",hemophilia,jaundice,rubella,syphilis,A,False,0.21977704909985502,0.014532590083267495,4.312658486070813e-44,0.7656903608168776
Among these elements which one has the highest atomic mass?,Helium,Sodium,Uranium,Copper,C,True,0.0957373304930988,0.03675719176121439,0.7100601613177302,0.15744531642795664
What car company once manufactured and sold the 'Datsun' line of automobiles?,Nissan,Mazda,Toyota,Daihatsu,A,True,0.9921868322104409,3.9975565070727706e-44,3.9975565070727706e-44,0.007813167789559185
Which part of the electromagnetic spectrum has the shortest wavelength?,Gamma rays,X-rays,Radio waves,Microwaves,A,True,0.9819184693752091,0.018081530624790926,5.18129084232745e-44,5.18129084232745e-44
Which of the following is a renewable energy source?,Wood,Oil,Natural gas,Coal,A,True,1.0,4.4637900481031605e-44,4.4637900481031605e-44,4.4637900481031605e-44
A _ is a plant cell that helps control the passage of materials into and out of the stomates.,Cell membrane,Cytoplasm,Guard cell,Cellulose,C,True,0.0070430667118751965,4.1563770798455005e-44,0.9929569332881248,4.1563770798455005e-44
Which of the following has reduced the power of political parties?,An increase in the number of direct primary elections,A surge in soft-money campaign contributions,Stricter voter registration requirements,A decline in the number of political action committees,A,True,0.868780463782775,0.0495077786903874,4.505903001440008e-44,0.08171175752683782
Poverty as defined by the United States government is best understood as,the index value of government services such as Medicaid and public housing,the concept of relative deprivation and is based on changes in the distribution of income,an absolute level set in the 1960s and since adjusted to reflect inflation at the consumer level,a concept based on lifestyle and measured on a sliding scale based on the needs of an individual,C,True,0.03417080451689121,0.0385350035128079,0.8895236906206662,0.03777050134963473
What internet company goes by the acronym AOL?,America Over Lines,America Online,Americans On Links,Americans On LOR,B,True,0.026999380173716017,0.973000619826284,4.297755552817792e-44,4.297755552817792e-44
What was the original name of the Apple Macintosh XL computer?,Lisa 2,Mac Daddy,Granny Smith,Orange XL,A,True,0.5816537370493973,0.088628811160843,0.2812921719960846,0.04842527979367535
What country is famous for making wooden shoes?,Russia,Thailand,The Netherlands,Australia,C,True,4.558479184031978e-44,0.007376455530857041,0.9926235444691429,4.558479184031978e-44
A knish is traditionally stuffed with what filling?,potato,creamed corn,lemon custard,raspberry jelly,A,True,1.0,4.2735320860459553e-44,4.2735320860459553e-44,4.2735320860459553e-44
Including the bottom how many sides are on a square-based pyramid?,three,four,five,six,C,False,0.09919186521456765,0.4092463129981009,0.2768438716536452,0.2147179501336863
Which of these is not a traditional Greek dish?,sukiyaki,souvlaki,moussaka,finikia,A,True,0.953443325117601,4.0248139944506363e-44,0.019478550474542392,0.027078124407856636
What color is Pepto-Bismol liquid?,pink,blue,clear,green,A,True,1.0,4.3943557868093815e-44,4.3943557868093815e-44,4.3943557868093815e-44
Which of the following groups was converted to Christianity in the tenth century AD by missionaries from the Byzantine Empire?,Franks,Visigoths,Russians,Anglo-Saxons,C,True,0.08485826454025122,0.05174356045278697,0.7008850465992446,0.1625131284077174
"A passage from Zora Neale Hurston's Their Eyes Were Watching God is as follows. The people all saw her come because it was sundown. The sun was gone, but he had left his footprints in the sky. It was the time for sitting on porches beside the road. It was the time to hear things and talk. These sitters had been tongueless, earless, eyeless conveniences all day long. Mules and other brutes had occupied their skins. But now, the sun and the bossman were gone, so the skins felt powerful and human. They became lords of sounds and lesser things. They passed nations through their mouths. They sat in judgment. Which of the following is the best way of describing the last three sentences of the passage (""They became . . . in judgment"") ?",The sentences emphasize the weariness the sitters feel after a long day's work.,The sentences are used to paint a picture of the way in which the sitters wish they spent their evenings.,The sentences are a vivid way of describing the ease and authority the sitters feel during the evening.,The sentences highlight the contrast between the feelings of the sitters and the feelings of the bossman.,C,True,4.3949284207110583e-44,4.3949284207110583e-44,0.8319520539701883,0.1680479460298116
What Native American tribe did chief Crazy Horse lead?,Apache,Comanche,Sioux,Iroquois,C,True,4.056240590041877e-44,0.009769234089287147,0.9902307659107128,4.056240590041877e-44
Which of the following people would benefit most if the value of the United States dollar increased relative to the Japanese yen?,A United States car dealer importing Japanese cars,A Japanese tourist vacationing in the United States,A worker in the United States beer industry,A Japanese baker buying United States wheat,A,True,0.8234389838651295,0.12808956210746633,0.02560220609108172,0.0228692479363224
What is the fundamental basis of competition in a market with poorly differentiated products?,Promotion,Product placement,Price,Value proposition,C,True,4.2590908645462625e-44,4.2590908645462625e-44,0.9339386330255117,0.06606136697448821
The phrase 'hospital corners' refers to what?,bed sheets,paint,landscaping,scissors,A,True,1.0,4.203917933353775e-44,4.203917933353775e-44,4.203917933353775e-44
What sporting event is held annually on Memorial Day weekend?,Iditarod,Kentucky Derby,Indianapolis 500,Super Bowl,C,True,4.411945283092238e-44,0.28439234655535045,0.7156076534446495,4.411945283092238e-44
"A student comes across the unfamiliar words ""intercontinental,"" ""interglacial,"" ""interface,"" and ""intercept"" in his reading. The student can use his knowledge of affixes to understand that all of the words share which meaning?",between; among,not; opposite of,earth; environment,under; too little,A,True,0.7890719941882699,0.07361664051034325,0.06213394724393429,0.07517741805745258
"Ballad opera, opera buffa and opéra comique shared which feature?",They contained da capo arias,They began with a French overture.,They focused on everyday problems.,They contained obbligato recitative.,C,True,0.05508552936630582,0.042420589964470616,0.8294091723220288,0.07308470834719488
What is the national animal of Australia?,koala,kangaroo,platypus,alligator,B,True,4.874954878465522e-44,0.9861751107579448,0.013824889242055164,4.874954878465522e-44
"In weaving, the vertical and horizontal threads in a loom are called the",bobbin and quill,shuttle and paddle,ply and twist,warp and weft,D,True,0.005074287405531169,0.006420596347238059,3.9924757017775974e-44,0.9885051162472307
The majority of calcium in the human body is found where?,Hair,Blood,Bones,Digestive tract,C,True,4.2231150526292613e-44,0.012477444908857618,0.9875225550911424,4.2231150526292613e-44
Which of these is made from cacao seeds?,marzipan,soy sauce,chocolate,anchovies,C,True,4.527049428247121e-44,4.527049428247121e-44,0.9928199160572543,0.007180083942745631
Which of the following charts is used in advanced manufacturing to record results data for a preproduction process?,R chart,Run chart,X-bar chart,Pareto chart,B,True,0.1580520425104466,0.47795864488411766,0.1357383671247042,0.22825094548073152
A first-grade teacher is planning activities to introduce students to nonstandard units of measurement. Which of the following activities will best meet the teacher's goal?,"Asking students to stand in a line, from the shortest person to the tallest",Asking students to use pencils to measure the length of a desk,Asking students to determine how many one-liter bottles of water can fill a onegallon container,Asking students to use a measuring tape to measure the length of the classroom door,B,False,0.3263458045511755,0.290700919125359,0.09267899625894024,0.2902742800645251
"When scanning a drive for viruses, it is typically important to check files having which of the following extensions?",.jpg,.pdf,.wav,.exe,D,True,0.009504481182983474,0.029475528917052518,0.007448488239005207,0.9535715016609587
What term describes a word created by rearranging the letters of another word?,onomatopoeia,malapropism,anagram,antonym,C,True,4.0953363543160003e-44,4.0953363543160003e-44,1.0,4.0953363543160003e-44
What biological process replicates DNA?,molting,mitosis,diffusion,peristalsis,B,True,4.341850204807999e-44,1.0,4.341850204807999e-44,4.341850204807999e-44
Louis Pasteur developed which vaccine?,polio,rabies,smallpox,anthrax,B,True,4.0968347491195226e-44,0.9912270304664423,0.00877296953355771,4.0968347491195226e-44
Which of these planets has no known moon?,Neptune,Mercury,Mars,Saturn,B,False,0.30678137177238807,0.26868592967978105,0.20978190634136923,0.21475079220646173
According to a Yale University study what smell is the most recognizable to American adults?,tuna,laundry,popcorn,coffee,D,True,0.07898974725886718,0.283985466487323,0.23099989650960906,0.40602488974420076
According to the USDA which food group should you eat the most servings of per day?,vegetables,dairy,meats,breads,D,False,0.4439356868596798,0.139988230682984,0.010342131122409486,0.4057339513349266
Which of these organs comes in A pair?,liver,kidney,stomach,gallbladder,B,True,0.2071183573357506,0.492632620434792,6.043328384393149e-44,0.30024902222945743
"Carmen spends her entire weekly income on two goods: X and Y. At her current consumption level of the two goods, the marginal utility of the last dollar spent on good X is 5 and the marginal utility of the last dollar she spent on good Y is 10. To maximize her utility, Carmen should",maintain her current consumption level of the two goods,buy fewer units of X and more units of Y,buy fewer units of Y and more units of X,buy fewer units of both X and Y,B,False,0.2535752185304737,0.24714897662981922,0.20024547702663806,0.29903032781306893
The British dish 'bangers and mash' is made up of sausage and what?,eggs,bacon,liver,potatoes,D,True,4.088959451931014e-44,0.03499298847725764,0.01413949594246359,0.9508675155802788
Where are fireworks first known to have been developed?,Italy,China,Great Britain,Greece,B,True,0.02886347993676001,0.9549406443211322,0.016195875742107693,4.737219872105523e-44
What is the name of the Swedish company that specializes in affordable furniture?,Gambro,Electrolux,Saab,IKEA,D,True,4.626539946444313e-44,0.030829186785755767,4.626539946444313e-44,0.9691708132142443
A committee of middle school teachers is meeting to begin the process of finding a software program to improve students' drafting skills. Which of the following steps should the committee take first in the process?,Downloading a trial version of the most popular software for evaluation,Conducting a survey to determine the importance of drafting skills in the classroom,Defining the learning objectives they would like the software to meet,Deciding what type of user interface would be most appropriate,C,True,4.3044357290868487e-44,0.024868079745413253,0.9377363691414711,0.03739555111311578
Which of the following words cannot be decoded through knowledge of letter-sound relationships?,Flight,Said,Things,Lamp,B,False,0.1286888812807512,0.17087490145487147,0.2506116220632903,0.44982459520108703
In what country are police officers referred to as 'bobbies'?,Israel,Greece,England,France,C,True,4.4536353260055374e-44,0.009108753526077765,0.9908912464739222,4.4536353260055374e-44
The ability to do which of the following is a characteristic of all living organisms?,Move from place to place,Detect and respond to changes in the environment,Produce sugars by photosynthesis,Produce heat to maintain a constant internal temperature,B,True,0.020213442403324722,0.9641899980415539,4.131170006274812e-44,0.01559655955512127
In 1924 the United States Congress passed a bill that significantly altered immigration patterns by,suspending further immigration from Latin America,making it illegal for employers to hire or recruit undocumented workers,"promoting family unification, enabling close relatives of people already resident in the United States to be admitted","reducing immigration quotas sharply, leading to a dramatic decline in immigration",D,False,0.027108151206972384,4.245532178903427e-44,0.8450882545896901,0.12780359420333756
Astronomers have proposed that the solar system formed from a vast rotating cloud of gas and dust. This explanation is known as which of the following?,Kepler's laws,Big bang theory,Cosmic string theory,Nebular hypothesis,D,True,4.539522597271106e-44,4.539522597271106e-44,4.539522597271106e-44,1.0
"The term that best describes an artwork that incorporates theatrical elements such as body movement, audience participation, music, and projected images is",mimesis,installation art,performance art,digital collage,C,True,4.192937891912981e-44,4.192937891912981e-44,0.9942638489134982,0.005736151086501818
What substance was used for blood in the famous shower scene from the movie 'Psycho'?,tomato juice,red wine,chocolate syrup,ketchup,C,False,0.22967107019645494,5.16126842708337e-44,0.215617575716084,0.554711354087461
What is actor Antonio Banderas native language?,Spanish,Russian,German,French,A,True,1.0,3.9373612945015237e-44,3.9373612945015237e-44,3.9373612945015237e-44
A preschool teacher is teaching students to forward roll. Which of the following is a problem most characteristic of preschoolers' forward rolling?,Keeping the chin tucked,Keeping the knees and hips flexed,Losing the curl,Using the hands to cushion the head contact,C,False,0.1622481792596316,0.27763017816714364,0.22309552293264046,0.3370261196405843
John Rockefeller made his fortune in what industry?,automobile,oil,steel,railroad,B,True,4.246251406550831e-44,1.0,4.246251406550831e-44,4.246251406550831e-44
What is the name of the South African political party that was headed by Nelson Mandela?,African National Congress,South African Democrats,Inkatha Freedom Party,Aryan National Assembly,A,True,1.0,4.2435822029519465e-44,4.2435822029519465e-44,4.2435822029519465e-44
A kindergarten teacher notices that a new student who is from a foreign country is being excluded from play by a majority of the other students. Which of the following activities is best to help the class become aware of the common interests they share with the new student?,Inviting a member of the new student's family to discuss the family's culture with the class,Creating a chart with the class that shows the many ways students in the class are similar,Using a globe to show the class which country the new student's family comes from,Asking the class to help the new student learn the classroom rules by having students role-play,B,True,0.03717936544880523,0.8726534173679557,4.654027751976896e-44,0.09016721718323917
How many periods are there in an ice hockey game?,One,Two,Three,Four,C,True,0.04800538649846355,0.17419236304977848,0.5645620305211817,0.21324021993057643
Which of the following parts of the Sun is easily visible only during a total solar eclipse?,Core,Photosphere,Sunspots,Corona,D,True,0.016031153021394934,0.041889562588835555,0.040475380201324795,0.9016039041884447
In what decade was the Hula-Hoop invented?,1890s,1920s,1950s,1970s,C,True,4.1397699663859383e-44,0.07636006192838193,0.8571276435988993,0.0665122944727188
Which of the following sequences of events is consistent with the presence of a layer of sandstone in bedrock just above a layer of shale?,"A volcano erupted, sending lava out over a layer of shale. The lava cooled and hardened into sandstone.",The water level of a large lake lowered. A beach then formed where previously there had been lake bottom.,"One-celled organisms developed a colony on the seafloor. Shells made by these organisms accumulated and lithified, forming the sandstone.",Mud was deposited and lithified. Subsequent contact metamorphism resulted in localized recrystallization of the shale into sandstone.,B,False,0.25576034814210336,0.22100885441841991,0.38621054184457915,0.13702025559489767
In what US city can you find the Basketball Hall of Fame?,Canton Ohio,Cooperstown New York,Springfield Massachusetts,Lawrence Kansas,C,True,4.119987593820399e-44,0.014775228661150113,0.9852247713388499,4.119987593820399e-44
Which of the following concepts in Robert's Rules of Order requires that motions be dealt with in order of importance?,Order of business,Orders of the day,Order of precedence,Point of order,C,True,0.12255661092816227,0.07862961056685916,0.7508197377020623,0.04799404080291616
When it first appeared on the Internet amazoncom sold only what?,Books,Compact discs,Cars,Clothes,A,True,1.0,4.190811337140722e-44,4.190811337140722e-44,4.190811337140722e-44
How many digits are in a standard Visa credit card number?,12,15,16,20,C,True,0.18943225215327886,0.3179028878988569,0.4167392190437597,0.0759256409041046
"A passage Jane Eyre is as follows. This was all the account I got from Mrs. Fairfax of her employer and mine. There are people who seem to have no notion of sketching a character, or observing and describing salient points, either in persons or things: the good lady evidently belonged to this class; my queries puzzled, but did not draw her out. Mr. Rochester was Mr. Rochester in her eyes, a gentleman, a landed proprietor‚Äìnothing more: she inquired and searched no further, and evidently wondered at my wish to gain a more definite notion of his identity. The passage suggests that the speaker would describe the ""account"" mentioned in the first sentence as",enlightening,mystifying,deficient,erroneous,C,True,0.042088797094994135,0.26848286731226473,0.5812357863552323,0.10819254923750879
What is the birthstone for the month of January?,topaz,garnet,opal,diamond,B,True,0.08045937880861762,0.580812186753309,0.0409286352318826,0.2977997992061908
Who kills Tony at the end of the film 'West Side Story'?,Riff,Chino,Bernardo,He kills himself,B,True,0.08076969024935657,0.4205010071249477,0.09129399145936315,0.4074353111663326
In what country did Magic Johnson play professional basketball during the 1999 season?,United States,Sweden,Israel,Turkey,B,False,0.11390505441333026,0.07496753441510219,0.30089682904759696,0.5102305821239707
According to the Mother Goose nursery rhyme which child is full of woe?,Monday's child,Wednesday's child,Thursday's child,Saturday's child,B,False,0.20299244108051137,0.1532138782483378,0.3142827449285707,0.3295109357425801
What is called a 'lorry' in Britain?,a toaster,a truck,a babysitter,an elevator,B,True,0.014287188068222654,0.9857128119317774,4.1146279180059585e-44,4.1146279180059585e-44
What newspaper do Lois Lane and Clark Kent work for?,The Bugle,The Daily Planet,The Metropolis Tribune,The New York Times,B,True,5.906104371389064e-44,0.8870817853427373,0.06026475523201372,0.05265345942524898
Which of the following should a computer user do to prevent screen-induced eyestrain?,Use eye drops regularly,Change choice of software programs,Limit the resolution on the monitor,Take periodic breaks to view natural lighting,D,True,3.9348586104028645e-44,0.009899612720018472,0.00959518909749097,0.9805051981824905
What percent of the observable universe has received radio transmissions from Earth?,10^-24 %,10^-29 %,10^-34 %,10^-39 %,A,False,0.18134984586985048,0.23643412214346546,0.31612323312986595,0.2660927988568182
Where is Ghirardelli Square located?,Milan,Rome,Washington DC,San Francisco,D,True,4.3121916931927525e-44,0.007160712417061554,4.3121916931927525e-44,0.9928392875829384
"A research report states that a special education program for children aged 3-5 under study increases their chances of success in future schooling. Therefore, implementing a similar education program for all children will improve them in the future opportunities for success in school education. Which of the following best illustrates the logical loopholes summarized above?",Children's cognitive abilities are constantly changing at the age of 3-5,Establishing such education and training programs on a national basis requires a special public expenditure,Many parents mistakenly believe that early formal education will occupy the time that children would have been able to better explore the world independently,Investigators are unaware that they include a large group of children who have previously received another education,A,False,0.11820245451917523,0.2281109812902274,0.40130172290385907,0.2523848412867383
"The traitor is a traitor, so you are a traitor, so I am a patriot.The words of a patriot are the most valuable, so my words are good.Since my words are good, you are undoubtedly a traitor! Which of the following makes the same logical mistake as above?","Literature and art are not worthy of attention. Modernization must relies on science and technology, so science and technology are worthy of our attention. But literature and art are not science and technology.","Non-university can also become an outstanding talent. Gorky, Edison, Faraday, Franklin, etc. have not attended college, but they have all become outstanding talents.","The earth is a sphere, which can be proved from the fact that when we stand at a height and watch the sailing boat in the sea, we always see the mast first and then the hull. The reason for this is because the earth is a sphere.",I saw them coming out of this chemical plant several times before I realized that this young man who was eager to help patients was originally a worker in this chemical plant.,C,False,0.33127030510423466,0.22493032191137102,0.2686221308013338,0.17517724218306038
"The tobacco industry has a lot of money, and it is expected to continue to do so. Last year, the total amount of tobacco sold by American tobacco farmers increased significantly, but the number of smokers in the country continued to decline. If the following are true, they can be the reason for the above phenomenon, except:",More women start smoking this year than men who have quit.,People who continue to smoke consume more tobacco than in previous years.,The number of people who started smoking grass or taking snuff this year is more than the number who have given up smoking.,More cigarettes produced in the U.S. are exported to other countries this year than last year.,A,False,0.2127424691202829,0.20999559809333457,0.3027410952254005,0.274520837560982
Which of the following is most characteristic of gesture drawing?,An outline,Action and movement,Gradual shading,Carefully observed details,B,True,0.015538316195756883,0.9702861191099887,4.005086582600085e-44,0.014175564694254423
What type of meat is on a traditional Reuben sandwich?,turkey,bologna,corned beef,pepperoni,C,True,5.425900745809698e-44,5.425900745809698e-44,1.0,5.425900745809698e-44
Which of the following is the best source of objective information about a prospective employer that is publicly traded?,Annual reports,Press releases,Newspaper articles,10-K filings with the SEC,D,True,0.130605408622334,0.027279146058163794,0.025076118264220647,0.8170393270552816
What children's TV character is known as 'Da Niao' in China?,Barney,Big Bird,Mickey Mouse,Tinky Winky,B,True,0.04246383144777269,0.41250898561432225,0.22011056512234708,0.324916617815558
On Valentine's Day 2000 NASA's NEAR spacecraft began a yearlong orbit of what asteroid?,Eros,Cupid,Aphrodite,Venus,A,True,1.0,4.259835871567519e-44,4.259835871567519e-44,4.259835871567519e-44
"The gasoline tank in a car holds 15 gallons when full. If there are 7 gallons of gasoline in the tank, how many gallons of gasoline are needed to fill the tank? Which of the following is most appropriate to use to correctly answer the question shown?",Multiplication,Subtraction,Estimation,Division,B,False,0.22591179214183463,0.12110594279757589,0.07211043928819501,0.5808718257723945
What cartoon character traveled in a time machine with Mr Peabody?,Rocky,Jonny Quest,Underdog,Sherman,D,True,0.03885234842697987,0.11036593468121943,0.04093303028504138,0.8098486866067593
Which of these is a type of a artwork consisting of pieces of wood inlaid in geometric patterns?,marquetry,parquetry,harquetry,sharquetry,B,False,0.8845563379749809,0.11544366202501916,4.917462517781157e-44,4.917462517781157e-44
What term describes someone who does not believe in the existence of God?,hedonist,deist,agnostic,atheist,D,True,4.0994737957513673e-44,0.014629723425186718,0.016157636887941088,0.9692126396868722
What animated character has a crush on the Little Red Haired Girl?,Richie Rich,Charlie Brown,Bugs Bunny,Jonny Quest,B,True,0.02287947000777797,0.49603870712948633,0.4060978344999962,0.07498398836273942
Which of these dishes is made from pig intestines?,haggis,chitlins,grits,chop suey,B,True,0.3892140438781095,0.5477361723065929,5.066554224368271e-44,0.06304978381529766
Water's high heat capacity allows it to,change density significantly as its temperature changes,gain and lose large amounts of heat without significantly changing the temperature of the water,conduct sound efficiently without significant loss of velocity as the sound waves travel long distances,cause the ocean's surface temperature to fluctuate rapidly as the seasons change,B,True,0.01684216635492309,0.9725455650766971,0.010612268568379898,4.076308325761595e-44
Which of the following is the government regulator for all securities firms operating in the United States?,Federal Trade Commission,Federal Deposit Insurance Corporation,Federal Reserve Board,Financial Industry Regulatory Authority,D,True,4.003714129252583e-44,0.00914023091945656,4.003714129252583e-44,0.9908597690805434
Which of the following elements is a metal?,S,Se,I,Ga,D,True,0.31832688197119985,0.04227932033527488,0.0982427528362828,0.5411510448572425
How many ribs are there in the human body?,18,24,30,42,B,False,0.058842005875967864,0.15313016104249774,0.49024889714556485,0.2977789359359696
Which of these snakes is poisonous?,anaconda,boa constrictor,copperhead,python,C,False,0.16897939269994305,0.06547135840846623,0.3813529677501681,0.3841962811414227
What's unique about a skeleton key?,It opens many locks,It's made of bone,It's extremely old,It hangs in a closet,A,True,1.0,4.1428247906118436e-44,4.1428247906118436e-44,4.1428247906118436e-44
What color is a ruby?,red,black,yellow,blue,A,True,1.0,4.3503298148753447e-44,4.3503298148753447e-44,4.3503298148753447e-44
In the 1960s 'Batman' TV series who was not a guest villain?,The Minstrel,The Archer,The Bookworm,The Squeegee Guy,D,True,0.051516843533313206,0.05293858208980029,0.1860307556678545,0.7095138187090321
Which of these is commonly used to treat allergies?,antimatter,anticoagulants,antiseptics,antihistamines,D,True,4.246722766616915e-44,4.246722766616915e-44,4.246722766616915e-44,1.0
"How many ships did Columbus set sail with on his initial voyage to ""the New World""?",Two,Three,Five,Ten,B,True,0.16372321541694204,0.3411787014410562,0.31692358599113774,0.17817449715086411
What does the acronym 'REM' stand for?,random energy module,rapid eye movement,red entertainment machine,really energetic music,B,True,0.003986064924462003,0.9924605957736218,0.003553339301916047,3.92822874213486e-44
Where did the Exxon Valdez run aground in March of 1989?,Monterey Bay,Prince William Sound,Cape Cod,Gulf of Mexico,B,True,4.159400035921934e-44,1.0,4.159400035921934e-44,4.159400035921934e-44
What is the name of the baby who appears in cartoons and comic strips with Popeye the Sailor?,Pun'kin,Lamikins,Suga'baby,Swee'pea,D,True,4.298308438840438e-44,0.022830106974531958,0.01767207033669606,0.959497822688772
A geographer beginning a study of the cultural landscape within a specific region would most likely benefit from which of the following activities?,Describing and mapping the building types on a plat map,Determining how many cars travel along the highway system,Establishing the percentage of adults with a college education,Graphing and analyzing economic data for the past century,A,True,0.6521823411061626,0.03909006282926214,0.09224410579896129,0.216483490265614
Fragile works of sculpture can be displayed most securely by placing the works,in glass-paneled cases,on a series of pedestals,on wall-mounted shelves with sturdier works around them,"in shadow boxes with signs that read ""Do Not Touch""",A,True,0.935455520155808,0.045403389369832466,0.019141090474359662,4.282106968146502e-44
In the Jimmy Buffet song 'Margaritaville' what is the singer searching for?,a lime,a shaker of salt,his car keys,the bartender,B,False,0.17530369257577655,0.14188365006923376,0.22350313840332572,0.45930951895166394
Which of the following actions by the Federal Reserve System would be most likely to increase consumer spending?,Increasing the discount rate to member banks,Decreasing the discount rate to member banks,Selling large amounts of government securities,Keeping reserve requirements of member banks constant,B,False,0.03749205428320274,0.07539199669444345,0.8367355533453648,0.05038039567698911
Which one of these is NOT a mineral?,Quartz,Lithium,Diamond,Calcite,B,True,0.014373862257462202,0.9072124679807962,0.044450274447780415,0.033963395313961274
According to the title of a popular children's TV show what color is Bear's big house?,red,green,purple,blue,D,True,0.12529117449693428,0.17088354898700564,0.10398103476058193,0.5998442417554781
Which of these rocks will float In water?,granite,limestone,shale,pumice,D,True,0.02549633632924785,4.477150886291743e-44,4.477150886291743e-44,0.974503663670752
Who is the twin sister of 'Dear Abby' columnist Abigail VanBuren?,Martha Stewart,Dr Ruth Westheimer,Ann Landers,Miss Manners,C,True,0.05018062235668689,0.044002521687085024,0.7974261937434949,0.10839066221273312
Which of the following would be provided in the marketing segment of a business plan?,How the products and services will be priced,The organizational structure of the business,Any factors that could affect employee retention,The details of the budget plan,A,True,0.5463388449862022,0.03941818580497987,0.03855062368463249,0.3756923455241855
"From the very beginning, I wrote to explain my own life to myself, and I invited any readers who chose to make the journey with me to join me on the high wire. I would work without a net and without the noise of the crowd to disturb me. The view from on high is dizzying, instructive. I do not record the world exactly as it comes to me but transform it by making it pass through a prism of fabulous stories I have collected on the way. I gather stories the way a lepidopterist hoards his chloroformed specimens of rare moths, or Costa Rican beetles. Stories are like vessels I use to interpret the world to myself. ----------Pat Conroy Which of the following best describes the organization of the passage?",The author provides several explanations for taking a certain course of action.,The author uses analogies to explain his experience of a particular action.,The author makes a comparison between his own experiences and that of others in his profession.,The author chronicles the various phases of his work in a particular discipline.,B,False,0.19491169626173396,0.28634266308470957,0.20744186180041643,0.3113037788531401
What is the normal playback speed of a 12'' long-playing record?,12 1/2 rpm,33 1/3 rpm,45 rpm,100 rpm,B,True,0.03182743093143631,0.771105173343935,0.1844469569354074,0.012620438789221238
During what war did Francis Scott Key write the words to 'The Star-Spangled Banner'?,American Revolution,War of 1812,Civil War,World War I,B,True,4.1577902021854776e-44,1.0,4.1577902021854776e-44,4.1577902021854776e-44
What are the names of Donald Duck's three nephews?,Quick Quack Quock,Alvin Simon Theodore,Robbie Chip Ernie,Huey Dewey Louie,D,True,4.4190172087169463e-44,0.12087636031890236,0.06958505432984993,0.8095385853512477
What company makes Oreo cookies?,General Mills,Nabisco,Keebler,Kraft,B,True,4.1524472188742046e-44,1.0,4.1524472188742046e-44,4.1524472188742046e-44
A student is conducting a research project and has learned of a website that may have useful information. The domain extension for the site is .org. Which of the following assumptions about the website is correct?,All of the information on the site is current.,The site has been evaluated for bias.,The site might belong to a nonprofit agency.,The author of the site is well respected in his or her field.,C,True,4.115692048391861e-44,0.02521420394257121,0.963711816368885,0.011073979688543787
To make an international telephone call from within the US what are the first numbers you should dial?,11,101,888,911,B,False,0.6811443616378576,0.08250911470145941,0.060272856924346155,0.17607366673633684
The 'Arkansas toothpick' is better known by what name?,Scottie Pippen,spare rib,pinkie finger,Bowie knife,D,True,0.011906819831986597,0.018051520709901542,0.020164062404969086,0.9498775970531428
What colors are the two circles in the MasterCard logo?,pink and orange,blue and green,black and white,red and yellow,D,True,0.07901745069068836,0.15410491287355177,0.1746913710380186,0.5921862653977412
Which of the following was a significant reason for the electoral success of Franklin Roosevelt's New Deal coalition during the 1930s?,A major shift of African American voters from the Republican to the Democratic Party,A major shift of urban voters in Northern states from the Republican to the Democratic Party,A focus on a bipartisan approach to major social and economic legislation,A focus on mobilizing young voters,A,False,0.45260706904523307,0.524779089338318,0.00931764013116585,0.013296201485283054
What is the name of the mountain where the mythological Greek gods live?,Jupiter,Olympus,Vesuvius,Valhalla,B,True,4.4104967363252505e-44,1.0,4.4104967363252505e-44,4.4104967363252505e-44
The first sound recording to be made and reproduced was a recitation of what nursery rhyme?,Humpty Dumpty',Mary Had a Little Lamb',Jack Be Nimble',Home Sweet Home',B,False,0.4114047166477511,0.2988309838093026,0.16244741380173724,0.12731688574120917
Which actress played a pointy-eared Vulcan in the movie 'Star Trek II: The Wrath of Khan'?,Whoopi Goldberg,Jennifer Grey,Kirstie Alley,Helen Hunt,D,False,0.04175058861578404,0.07694326636121858,0.8240001152526097,0.05730602977038754
Which of the following is most likely to result from a collision between a continental lithospheric plate and an oceanic lithospheric plate?,A chain of coastal volcanic mountains,A magnetic reversal,A mid-oceanic ridge,A transform fault,A,True,0.7054292533310219,0.016496562856827837,0.23143536819859722,0.04663881561355289
The process of drilling holes in the skull is called what?,bifurcation,trepanation,aeronomy,skullduggery,B,True,4.1854491965518117e-44,0.9599984024294049,0.021024859437105935,0.018976738133489223
Who is the creator of the comic strip 'The Far Side'?,Jim Davis,Gary Larson,Garry Trudeau,Charles Schulz,B,True,4.476669993740538e-44,0.9817189564328638,0.01828104356713624,4.476669993740538e-44
Which of these is not a type of chili pepper?,habanero,cheyenne,jalapero,guajillo,B,True,0.044323704360889365,0.4605502734111251,0.08258344371051457,0.4125425785174711
"In the definition of a public good, the term ""nonrival"" means that",one person's use of the public good does not reduce the amount available to others,the public good is produced by the government without any competition,the public good is produced at zero marginal cost,the public good is mostly consumed by free riders,A,True,1.0,4.139917382573594e-44,4.139917382573594e-44,4.139917382573594e-44
Which of these foods is poisonous to dogs?,peanut butter,bananas,chocolate,olives,C,True,4.631442927121121e-44,4.631442927121121e-44,0.9707484327301767,0.029251567269823257
What type of substance is 'terra-cotta'?,metal,ceramic,wood,glass,B,True,0.007606715192865038,0.9923932848071351,4.0618244635419424e-44,4.0618244635419424e-44
What disease causes a buildup of fluid pressure in the eyeball and damages the optic nerve at the back of the eye?,astigmatism,cataract,glaucoma,retinitis,C,True,4.499942737692169e-44,4.499942737692169e-44,1.0,4.499942737692169e-44
What article of clothing best describes a 'pashmina'?,shoes,pants,scarf,underwear,C,True,0.006621770778783011,4.178410604951947e-44,0.9842945517049516,0.009083677516265223
Who was the first American in space?,John Glenn,Buzz Aldrin,Alan Shepard,Neil Armstrong,C,False,0.18112651488715742,0.03163709626064687,0.3822549385348292,0.40498145031736643
Stevie Wonder and Michael Jackson have both recorded duets with which former Beatle?,Paul McCartney,John Lennon,George Harrison,Ringo Starr,A,True,0.46778680819104385,0.17857174514926422,0.1387231685456865,0.2149182781140055
In which layer of Earth is the geomagnetic field generated?,Outer core,Crust,Mantle,Inner core,A,True,0.880630362948486,4.463747613671664e-44,4.463747613671664e-44,0.11936963705151399
Which of these is not one of Aesop's fables?,The Dog and the Squirrel',The Hare and the Tortoise',The Eagle and the Beetle',The Ox and the Frogs',A,False,0.10437147979621804,0.060752331257836745,0.5387948068350417,0.29608138211090357
An accounts payable entry appears in the,asset section of the balance sheet,liability section of the balance sheet,cost of goods sold section of the income statement,operating expense section of the income statement,B,True,0.04287751082403915,0.8167387900066735,0.02298112128692089,0.11740257788236652
What is a balalaika?,musical instrument,Russian peasant,type of hat,breed of shark,A,True,0.9898240981762081,0.01017590182379187,4.632817301494729e-44,4.632817301494729e-44
From what language does the term 'RSVP' originate?,Russian,Italian,Portuguese,French,D,True,3.924555382898104e-44,0.04285666835485369,0.014279461609996874,0.9428638700351494
Which of the following is a true statement about the flow of energy in an ecosystem?,Smaller organisms need less energy per gram of body weight than do larger organisms.,Energy transfer between organisms normally involves conservation of heat energy.,Energy flow between trophic levels is inefficient.,"Chemical energy is converted into radiant energy, which is then converted into chemical energy at the next trophic level.",C,True,0.03320876433111091,0.01728765783508139,0.8981938260706146,0.051309751763193155
The Federal Reserve implements an expansionary policy by doing which of the following?,Buying Treasury bonds in the open market,Raising the federal funds rate,Raising the discount rate,Raising the required reserve ratio,A,True,0.9944364135341444,4.012569306200207e-44,4.012569306200207e-44,0.005563586465855742
"Determining how a product can be useful, identifying the target price, finding a place to sell the product, and deciding how to promote it best exemplifies using",market research,positioning,marketing mix,segmenting,C,False,0.9308833244469331,4.2622710960072776e-44,0.06911667555306696,4.2622710960072776e-44
In golf what is one stroke overpar called?,eagle,bogey,dormy,birdie,B,True,4.265041870739045e-44,0.9705352131154775,4.265041870739045e-44,0.029464786884522517
What actress starred on 'Charlie's Angels' for the show's entire run?,Cheryl Ladd,Farrah Fawcett,Jaclyn Smith,Kate Jackson,C,True,0.06424082876173384,0.17563025662106596,0.5461995966527168,0.21392931796448347
If you are watching a Shavian play who is the author?,Shakespeare,Aeschylus,George Bernard Shaw,Anton Chekhov,C,True,0.06226641782299378,0.1813012913934602,0.6789490518844064,0.07748323889913977
In which of these sports do competitors use a 'funny car'?,supercross,dogsledding,gymnastics,drag racing,D,True,0.012648489667037301,0.010966463182407607,4.0400360972309324e-44,0.9763850471505552
The TV show 'House of Style' airs on what network?,E,WB,MTV,Home Shopping Network,C,True,0.01978447180913736,0.00894525190359806,0.9712702762872646,3.9975780518698727e-44
By what nickname is the Federal National Mortgage Association known?,Morty,FEMA,Freddie Mac,Fannie Mae,B,False,0.008925971817831113,4.136085138118494e-44,0.00886031138372939,0.9822137167984396
In computer terminology what does the acronym 'ISP' stand for?,Individual Site Privacy,Investment Stability Plan,Internal Security Position,Internet Service Provider,D,True,3.9508486018006737e-44,3.9508486018006737e-44,3.9508486018006737e-44,1.0
Which of these television series was not set in the United States?,Picket Fences',M*A*S*H',Northern Exposure',The Paper Chase',B,False,0.028042603446604576,0.049933164710636996,0.09149835604994197,0.8305258757928164
What day of the week is sometimes called 'hump day'?,Wednesday,Thursday,Friday,Saturday,A,True,0.9658632922345227,0.010711165314734553,0.023425542450742562,4.322055924634131e-44
Which of the following figures is a contemporary installation artist who uses image projection and videos?,Bill Viola,Betye Saar,Damien Hirst,Rachel Whiteread,A,True,0.9178887507740815,0.037626617672254094,0.01210628714909035,0.03237834440457427
Scientists believe that a worldwide catastrophic event occurred during the late Cretaceous period and that this event likely caused which of the following?,The movement of aquatic animals onto land,The sudden demise of the dinosaurs,The emergence of Homo sapiens on the grasslands of Africa,The first appearance of mammals,B,True,4.0387948572404915e-44,0.9668183821592522,0.008321256225296489,0.024860361615451295
"According to Article III, Section 1, of the United States Constitution, judges ""shall hold their offices during good behavior..."" A consequence of this clause is that:",Congress cannot remove federal judges from office,federal judges have political independence to fulfill their duties,the president has no influence over the composition of the Supreme Court,federal judges lack opportunity for advancement or promotion,B,False,0.49948468125132556,0.48458876762088904,0.006910850339378841,0.009015700788406553
How many cups of coffee were consumed in the United States in the past week (as of 2013)?,300 million cups per week,1 billion cups per week,3 billion cups per week,9 billion cups per week,C,False,0.30889311973490474,0.1729451385916954,0.2378424372893812,0.28031930438401864
In what city would you find people studying art and design at the Fashion Institute of Technology?,Paris,New York,Los Angeles,Melbourne,B,True,4.2122883109787154e-44,0.9702805525127363,0.029719447487263777,4.2122883109787154e-44
What is the traditional 20th wedding anniversary gift?,paper,leather,china,silver,C,False,0.02352730100408282,0.24766325771986378,0.10581456672961626,0.6229948745464371
"Many employers rely on temporary workers to provide flexibility in times of fluctuating need. However, an important consideration in hiring temporary workers is that they",are often less experienced and less committed to the job than full-time employees,are limited to 30 days on the job before they must be offered a permanent position,must be offered health care and other benefits like regular full-time employees,are required to receive pay equal to that of regular full-time employees doing the same job,A,True,0.38781644662402714,0.2425380128167374,0.083691971419135,0.28595356914010056
Someone would most likely contract salmonella poisoning from eating which of the following?,carrots,chicken,tofu,rice,B,True,4.250208760034166e-44,1.0,4.250208760034166e-44,4.250208760034166e-44
Amps are a unit of measurement of what?,electric charge,electric current,electric field strength,electric potential,B,True,0.017264754660930567,0.9827352453390694,4.0233875958225e-44,4.0233875958225e-44
The maximum depth that plant roots can readily penetrate without encountering a restrictive soil layer is referred to as the,effective depth,depth to the subsoil,depth to a parent material,O horizon,A,True,0.9958742648770529,4.000386687363114e-44,4.000386687363114e-44,0.004125735122947056
How much more electrical energy will the United States need to generate if everyone drives electric cars?,2*10^19 J,2*10^21 J,2*10^23 J,2*10^25 J,A,False,0.1394056353116141,0.2972447052566541,0.30467057867306835,0.25867908075866347
Which of the following must be obtained by foreigners wishing to permanently reside in the US?,visa,bill of landing,driver's license,carte blanche,A,True,0.9439483467714576,3.9861188172983065e-44,0.013125888707661643,0.042925764520880684
What is the largest moon in the Solar System?,Ganymede,The Earth's Moon,Pluto,Europa,A,True,0.9659763559004703,4.587293553358352e-44,4.587293553358352e-44,0.03402364409952978
Islam first spread to Indonesia through,military conquest by the Mughal empire,mass migrations of African Muslims across the Indian Ocean,Dutch colonization in the 18th century,increased commercial contacts with Indian and Arab merchants,D,True,4.112604220535795e-44,0.05953493870820713,0.021795269381406437,0.9186697919103866
Which of these is not a city in the state of New York?,Perskippity,Kerhonkson,Schenectady,Lackawanna,A,True,0.9108858988447214,4.415502543308464e-44,0.02687923192871768,0.06223486922656074
In the original 'Get Smart' TV series what is agent Maxwell Smart's code name?,Agent 86,Agent 99,Larrabee,The Chief,A,True,0.9962415343341117,0.0037584656658883673,4.0526282420334577e-44,4.0526282420334577e-44
In horse racing what is the term for a wager on the 1st 2nd and 3rd place finishers in a specific race?,triple action,trifecta,exacta,triple crown,B,True,4.4213032860257957e-44,0.7091117999849452,0.2908882000150548,4.4213032860257957e-44
What principle explains why cold food warms up and hot food cools off when stored at room temperature?,entropy,chemical equilibrium,momentum,relativity,A,True,0.9352831052205427,0.036830189282132345,4.249503202380259e-44,0.027886705497325002
How much does our highway gas mileage decrease in a heavy rain?,About 0.1%,About 2%,About 10%,About 50%,C,False,0.13952262609135183,0.2380715556111668,0.30959137484898663,0.3128144434484948
"What quantity of oxygen, O_2 , contains very nearly the same number of molecules as 36.0 grams of water, H_2O ?",64.0 grams,32.0 grams,16.0 grams,8.0 grams,A,False,0.16454308053914393,0.3704953239336766,0.26073420680227205,0.2042273887249075
The loss of water in the form of vapor from plants is referred to as the,transpiration,respiration,oxidation,condensation,A,True,1.0,4.1430150334941925e-44,4.1430150334941925e-44,4.1430150334941925e-44
"In a holistic evaluation of student essays, evaluations are made on the basis of the",number and variety of errors made by each student,average sentence length and the complexity demonstrated in each essay,ability of each student to communicate in a variety of discourse modes,overall quality of each student's essay in relation to the topic,D,True,0.011480177413422017,4.0271267549987726e-44,0.02281371168526875,0.9657061109013093
Which of the following scenarios does not include a producer?,Direct selling,Reverse channels,Indirect channels,Dual distribution,B,False,0.07010036182808663,0.1377071674565999,0.09314321506870969,0.6990492556466038
In soccer which player is allowed to use his or her hands in the field of play?,midfielder,center,sweeper,goalkeeper,D,True,0.007807964501872128,4.060589318732624e-44,4.060589318732624e-44,0.992192035498128
As of 1999 which state has the most Girl Scouts?,California,Illinois,New York,Pennsylvania,D,True,0.22500258055272326,0.09553968121221851,0.3301153937150572,0.34934234452000096
In the 1992 animated film 'Aladdin' what device does the hero use to travel from place to place?,talking car,winged horse,magic carpet,hot air balloon,C,True,4.57952698513433e-44,4.57952698513433e-44,0.9804082746381076,0.019591725361892416
Which one of these World War II leaders was not at the Yalta Conference?,Stalin,Mussolini,Churchill,Roosevelt,B,True,0.058882621007802845,0.6253219191848047,0.16370784198285773,0.1520876178245348
What is the technical term for the offspring of a female donkey and a male horse?,burro,dorse,hinny,honker,C,True,0.014978919098827622,0.01850207372784188,0.9465124451841704,0.020006561989160156
The atmospheric concentration of which of the following gases is most likely to be directly affected by widespread deforestation?,Carbon dioxide,Ozone,Nitrous oxide,Argon,A,True,0.8200493215349102,0.041279891247548404,0.13867078721754147,5.114864965859458e-44
Which of the following words does not appear in the Lewis Carroll poem 'Jabberwocky'?,brillig,bandersnatch,wabe,grelp,D,True,0.03882807129761609,0.028844503996655925,0.06700551115752586,0.8653219135482021
What is the final word of the Pledge of Allegiance?,America,stands,indivisible,all,D,False,0.21690648249427646,0.22552531277223595,0.42871284867476844,0.12885535605871898
Which of the following is a sports award?,Oscar,Emmy,Nobel,Espy,D,True,4.340613448769776e-44,0.01131094875519364,0.02278885436986715,0.9659001968749392
What term is used to describe a group of fish?,Knot,Drape,School,Gaggle,C,True,4.159168321791898e-44,4.159168321791898e-44,0.9916580139886115,0.00834198601138839
"Assume that the marginal propensity to consume increased from 0.75 in year 1 to 0.80 in year 2. Based on this information, which of the following is a correct conclusion?","In year 1, a $100 billion increase in government spending would have increased real output by a maximum of $75 billion.","From year 1 to year 2, the spending multiplier increased from 4 to 5.",A given change in government spending would have had a more powerful effect in year 1 than in year 2.,The marginal propensity to save increased from year 1 to year 2.,B,False,0.27844307756552517,0.1545608313280777,0.5001056115037205,0.06689047960267673
At the equator how fast is the earth's surface turning?,about 100 miles per hour,about 500 miles per hour,about 1000 miles per hour,about 2000 miles per hour,C,False,0.25883055851439146,0.11495717105396148,0.29635925964309273,0.3298530107885544
Which of the following components is present in both pneumatic and hydraulic systems?,Exhaust,Reservoir,Compressor,Control value,D,True,0.14309335646455387,0.25665689644604556,0.10012034972947224,0.5001293973599283
The primary purpose of antitrust laws is to,help businesses that are in financial trouble,encourage business investment,prevent business behavior that hampers competition,establish trust between government and businesses,C,True,4.2047215351541464e-44,4.2047215351541464e-44,0.995316310021718,0.004683689978281975
How many pairs of chromosomes are in the genome of a typical person?,1,23,88,7921,B,True,0.02551589009507252,0.9117922965047377,0.02984942865370087,0.0328423847464888
"What was the acronym for the first computer, made back in 1946?",ENIAC,CASD,CNAC,CSREN,A,True,1.0,4.39844773745406e-44,4.39844773745406e-44,4.39844773745406e-44
"When a gas turns into a liquid, the process is called",condensation,evaporation,deposition,sublimation,A,True,0.9868762121065715,4.060385687374814e-44,0.01312378789342859,4.060385687374814e-44
Which of the following types of stress dominates at divergent boundaries?,Compressional,Left-lateral shear,Right-lateral shear,Tensional,D,True,0.010767550528167961,0.012154223597705181,0.011583633892854344,0.9654945919812725
Which of the following terms refers to pottery that has not been bisque fired?,Raku,Greenware,Terracotta,Stoneware,B,True,0.046105113663531594,0.6201444404085165,0.29526934370991914,0.03848110221803275
In what year did the Great Depression begin?,1884,1929,1953,1975,B,True,4.2021990540037633e-44,0.9915093219659892,0.008490678034010872,4.2021990540037633e-44
Cheddar cheese got its name from a village in what country?,England,France,Switzerland,Denmark,A,True,0.9329259261023303,0.01450664056297151,0.03848493301553656,0.014082500319161705
Who is the mythological Roman goddess of flowers?,Diana,Echo,Flora,Niobe,C,True,0.010444575121506365,4.459659996890514e-44,0.9895554248784937,4.459659996890514e-44
According to legend if you give someone the 'evil eye' what are you doing?,cursing them,blessing a child,counting money,passing time,A,True,0.9675877851029966,0.032412214897003494,4.783292741960967e-44,4.783292741960967e-44
"Which of these rivers flows""through France?",Volga,Seine,Mekong,Allegheny,B,True,4.527233025554784e-44,1.0,4.527233025554784e-44,4.527233025554784e-44
What condition is caused by malfunctioning sebaceous glands?,bad breath,shingles,acne,carpal tunnel syndrome,C,True,4.105309975464826e-44,4.105309975464826e-44,1.0,4.105309975464826e-44
What was the name of Huey Lewis band?,The News,The Attractions,The Silver Bullet Band,Louie and Dewey,A,True,1.0,4.057369721168728e-44,4.057369721168728e-44,4.057369721168728e-44
What high school does the gang from the 'Archie' comic strip attend?,Ridgemont High,Riverdale High,Rumson High,Riker's Island High,B,True,6.663054096580064e-44,0.9159345771004449,0.08406542289955499,6.663054096580064e-44
Cheese is a necessary ingredient in which of these dishes?,sushi,french fries,veal parmigiano,chicken pot pie,C,True,0.038128268567587234,0.04742605988243509,0.6981349793141207,0.21631069223585694
What city's airport uses the code ORD?,Chicago,Orlando,New York City,Portland,A,True,1.0,4.3523098829384193e-44,4.3523098829384193e-44,4.3523098829384193e-44
Which of the following digital camera settings can be used to keep colors accurate under a variety of light conditions?,White balance,Aperture,ISO speed,Shutter speed,A,True,1.0,3.888431106442652e-44,3.888431106442652e-44,3.888431106442652e-44
At what speed will a sedan flip over when it slides sideways into a curb?,10 mph,20 mph,40 mph,80 mpg,B,False,0.1220692723401951,0.2252081283790238,0.48746611954793073,0.16525647973285035
"The intention of making traditional, saleable art objects was abandoned by",Impressionists,Pop artists,Abstract Expressionists,Conceptual artists,D,True,0.10915859995313913,0.06871841206695424,0.11370016706651533,0.7084228209133913
Which of these popular games relies on bluffing?,Outburst,Balderdash,Pictionary,Scattergories,B,False,4.4372414592299714e-44,0.417071628336722,0.028786645383571636,0.5541417262797063
What sport is featured in the 1996 movie 'Kingpin'?,wrestling,golf,chess,bowling,D,True,6.008223113987512e-44,0.02668999663038022,6.008223113987512e-44,0.9733100033696198
Which of the following is an example of a chemical change?,Tearing up a piece of paper,Melting ice,Mixing vinegar with baking soda,Filling a balloon with air,C,True,0.030373398038985457,0.04816122616015975,0.8876407415568618,0.03382463424399304
Soil structure refers to which of the following?,Arrangement of soil particles,"Proportion of sand, silt, and clay",Organic composition,Profile depth,A,True,1.0,4.078773178837798e-44,4.078773178837798e-44,4.078773178837798e-44
"At the border of two countries there is a port where fishermen work. The fishermen do not speak the same language, so they communicate using one that has been invented by them for the purpose of trade. The scenario above most accurately describes which of the following types of language?",A dialect,A creole,A pidgin,A regionalism,C,True,0.030138008428691184,0.032668947652635325,0.9184476828213014,0.01874536109737197
"With what would you use a""wah-wah pedal?",bicycle,stock car,electric guitar,baby,C,True,4.599028114601799e-44,4.599028114601799e-44,1.0,4.599028114601799e-44
Who is the career hit leader among players never elected to Baseball's Hall of Fame?,Steve Garvey,Jim Rice,Pete Rose,Ken Griffey Jr,C,True,0.08686103051304853,0.14215602060764773,0.6154575599567672,0.1555253889225365
Which of these is not one of the official languages of the United Nations?,Japanese,English,Russian,Spanish,A,True,0.4118998616701229,0.04877007783144063,0.2855743928648616,0.25375566763357493
What people ruled the Andes Mountains until they were conquered by the Spanish in 1532?,Pueblo,Aztec,Inca,Apache,C,True,4.088371594979824e-44,4.088371594979824e-44,1.0,4.088371594979824e-44
Which of these organizations is not part of the US government?,NAACP,NASA,CIA,FBI,A,True,0.6634943389828591,0.11594052240030309,0.08232555103768459,0.13823958757915317
Which of these men has never been a head coach in the NFL?,Dick Vermeil,Bill Parcells,Chuck Noll,Pat Riley,D,True,0.023597250274911604,0.06816185458707956,0.07736997546651941,0.8308709196714895
Which of these is not a style of shoe?,gingham,brogan,espadrille,docksider,A,True,0.9261678963698157,0.03795651535768021,4.614393243935528e-44,0.035875588272504005
Which of these words means 'yes'-in French?,qui,oui,ja,okey-dokey,B,True,4.210181050917017e-44,1.0,4.210181050917017e-44,4.210181050917017e-44
Which of these sounds is commonly associated with owls?,chirp,bark,growl,hoot,D,True,4.502927008231111e-44,0.00758805438166634,4.502927008231111e-44,0.9924119456183337
What do the initials 'E E' in poet E E Cummings' name stand for?,Edward Estlin,Edmund Earl,Ernest Eakins,Eugene Evan,A,True,0.7317753593618227,4.32709299799768e-44,4.32709299799768e-44,0.2682246406381773
"The true length of a block of wood is 1.010 cm. Three measurements of this block produced the following values: 1.4 cm, 1.2 cm, and 0.9 cm. Which of the following statements is true concerning these measurements?",They are precise and accurate.,They are precise but not accurate.,They are accurate but not precise.,They are neither precise nor accurate.,D,False,0.11099260925450569,0.35796958181830507,0.32792794874818054,0.20310986017900878
What is the medical term for a doctor's identification of a disease?,Hypnosis,Prognosis,Trichinosis,Diagnosis,D,True,4.0607296060853513e-44,0.015617957134965731,4.0607296060853513e-44,0.9843820428650343
Gerry Adams is the president of what organization?,Greenpeace,NASCAR,Sinn Fein,PLO,C,True,0.0068849132713281495,4.908826190233089e-44,0.9931150867286719,4.908826190233089e-44
What was the birth name of civil rights leader Malcolm?,Michael Brown,Malcolm Little,Malcolm Lincoln,Michael Lloyd,B,True,0.01695318287850843,0.9716991952340215,0.011347621887470237,4.1616365959584073e-44
Which of the following dental topics is developmentally appropriate for toddlers?,Growth of permanent teeth,Correct use of incisors while eating,Correct toothbrushing technique,Evolution of the human tooth,C,False,0.15913310588051813,0.35011504340343763,0.332869791139271,0.15788205957677326
What topic does Spin magazine primarily cover?,politics,washing machines,books,music,D,True,4.3142066439476648e-44,0.009457993290669282,4.3142066439476648e-44,0.9905420067093307
What is the name of Raggedy Ann's doll brother?,Red,Freckles,Randy,Andy,D,True,0.05714572646885331,0.07978582124196826,0.07452709943107712,0.7885413528581013
Which of the following tools is LEAST likely to be used in the process of creating a wood sculpture?,A rasp,A gouge,A lathe,An extruder,D,True,0.04188383385589677,0.0160217155776831,0.08278381122338249,0.8593106393430375
What exercise apparatus is used during a 'Spinning' class?,stationary bicycle,treadmill,rowing machine,barbells,A,True,1.0,4.1785844703956355e-44,4.1785844703956355e-44,4.1785844703956355e-44
In the 1976 remake of the classic film 'KingKong' what New York landmark does the giant ape climb?,Statue of Liberty,Empire State Building,World Trade Center,Chrysler Building,C,False,4.613485674683587e-44,0.9100807302981243,0.0562688654250302,0.033650404276845514
Which of these items is useful for removing ink stains?,baking soda,nail polish,hair spray,butter,C,False,0.5930669547761265,0.10997995272009685,0.0851121331978349,0.21184095930594177
How much angular momentum did Hurricane Florence have when it hit land?,L = 10^16 kg * m^2 / s,L = 10^19 kg * m^2 / s,L = 10^22 kg * m^2 / s,L = 10^25 kg * m^2 / s,B,False,0.22897409340867084,0.2229254181885041,0.25382152636457395,0.29427896203825105
Which of the following responsibilities of a human resources manager would have the most negative impact on a company if performed incorrectly?,Recruiting and hiring new employees,Providing professional development opportunities for employees,Ensuring company compliance with laws and regulations,Filing employee compensation and benefits forms,C,True,0.21150942468303963,0.01531347038904252,0.7296598441604558,0.043517260767462165
A car-manufacturing factory is considering a new site for its next plant. Which of the following would community planners be most concerned with before allowing the plant to be built?,The amount of materials stored in the plant,The hours of operations of the new plant,The effect the plant will have on the environment,The work environment for the employees at the plant,C,True,0.012635532430968061,4.2900427249254714e-44,0.987364467569032,4.2900427249254714e-44
What team has won the most World Series?,Chicago Cubs,Los Angeles Dodgers,New York Yankees,San Francisco Giants,C,True,0.0206838793209572,0.058020895917441466,0.8883158974487785,0.03297932731282291
What is the name of the Newtonian law that states 'An object in Motion tends to stay in motion'?,Law of Inertia,Law of Thermodynamics,Law of Relativity,Law of Gravitation,A,True,1.0,5.011980526935222e-44,5.011980526935222e-44,5.011980526935222e-44
Who was the WNBA's Most Valuable Player of 1999?,Rebecca Lobo,Sheryl Swoopes,Lisa Leslie,Yolanda Griffith,D,False,0.08163444512854459,0.323819348706834,0.31973006552506505,0.27481614063955645
Ada Lovelace is credited with being the first person to have made what?,a computer program,a souffle,a brassiere,a mystery novel,A,True,1.0,4.2627720377152365e-44,4.2627720377152365e-44,4.2627720377152365e-44
Which of the following is true of a profitmaximizing firm in the short run?,The firm will shut down to minimize losses if product price falls below average total cost.,The firm will shut down if marginal revenue equals marginal cost but exceeds average variable cost.,"The firm will continue to produce as long as total revenue exceeds total variable cost, even if it incurs loss.",The firm will continue to produce as long as average variable cost is less than average fixed cost.,C,True,0.21712193604508495,0.1267839824919478,0.4054225323384173,0.25067154912454986
From 1971 to 1997 the Democratic Republic of Congo was known as what?,Zaire,Angola,Rhodesia,Belgian Congo,A,True,0.9567625258541274,4.0326083065235185e-44,4.0326083065235185e-44,0.0432374741458726
What is New Mexico's nickname?,The Desert State',Gateway to Paradise',Land of Enchantment',The Garden State',C,True,4.768873682413057e-44,4.768873682413057e-44,1.0,4.768873682413057e-44
A kindergarten teacher sets up a literacy center with an activity that asks students to match pictures of objects with pictures of letters to correctly indicate the beginning sound. Which of the following is the teacher trying to develop in students through the center?,Phonics,Vocabulary,Letter recognition,Phonemic awareness,D,True,0.12466664478829556,4.2188637827769983e-44,0.031282706386798705,0.8440506488249058
Which of the following is the best description of a consumer checking account?,An asset for the consumer and a liability for the bank,A liability for the consumer and an asset for the bank,An asset for both the consumer and the bank,A liability for both the consumer and the bank,A,False,0.31135174925262127,0.33623630436931146,0.16191211687175808,0.19049982950630914
What was the name of the first nuclear-powered submarine?,Nautilus,Neptune,Nordenfelt III,Nicholas,A,True,1.0,4.46546325621404e-44,4.46546325621404e-44,4.46546325621404e-44
What is Andromeda?,The nearest major galaxy to the Milky Way,A bacteria that can cause death,An array of radio telescopes,An element of the Periodic Table,A,True,0.9910929567436423,3.972955013207214e-44,0.008907043256357624,3.972955013207214e-44
Which of these is not one of superhero Captain Marvel's abilities?,the power of Apollo,the strength of Hercules,the courage of Achilles,the wisdom of Solomon,A,True,0.35400756476297923,0.09380292907081644,0.24909465935929614,0.3030948468069082
Which of these animals is a rodent?,Bat,Wolverine,Beaver,Koala,C,True,5.450803767476024e-44,5.450803767476024e-44,0.9687938414326441,0.031206158567355986
Which two planets are most similar in size diameter wise?,Mars and Mercury,Venus and Earth,Uranus and Neptune,Jupiter and Saturn,B,True,0.22753258702255466,0.4549183115568727,0.15069363489198476,0.1668554665285879
Which of these stores is not owned by Gap Inc?,Gap,Banana Republic,Old Navy,J Crew,D,True,0.031994080123445394,0.05397305224701765,0.05794727755891185,0.856085590070625
What is the largest city in Pennsylvania?,Philadelphia,Stewartsville,Harrisburg,Pittsburgh,A,False,0.10515554695981476,0.03965534143298573,0.48356557124825933,0.37162354035894013
A prekindergarten teacher uses a basket of red and yellow apples to reinforce concepts during a mathematics lesson. Which of the following tasks is best targeted at teaching students to compare quantities?,Having students count all the apples in the basket,Having students put one apple in the middle of the place mat on their desks,Having students make a Venn diagram for the color of the apples,Having students determine whether the numbers of red and yellow apples are equal,D,True,0.10084748001937853,0.0920188618988475,0.03241927251527007,0.774714385566504
