0,1,2,3,4,5,correct,A_prob,B_prob,C_prob,D_prob
Nearsightedness results from,too much curvature of the cornea and lens,too little curvature of the cornea and lens,too much curvature of the iris and lens,too little curvature of the iris and lens,A,False,0.32923281906285307,0.4080491599504353,0.013520345935333269,0.2491976750513783
Delusions of grandeur are most characteristic of,OCD.,schizophrenia.,conversion disorder.,antisocial personality disorder.,B,True,4.3326705158530443e-44,0.9852507787252749,4.3326705158530443e-44,0.014749221274725045
Abraham Maslow proposed the idea that some motives are more imperative to survival than others. Which of the following approaches expresses this?,Homeostatic regulation,Goal-setting,Expectancy-value,Hierarchy of needs,D,True,0.018077464422424812,0.0057815748039579,4.058469433698643e-44,0.9761409607736173
"In test construction and evaluation, validity refers to the degree to which a test",measures what it purports to measure,yields consistent results on successive administrations,has been piloted and statistically analyzed,includes norms based on a representative sample of the general population,A,True,1.0,3.9641022537701697e-44,3.9641022537701697e-44,3.9641022537701697e-44
The precedent established in Larry P. v. Riles resulted in,"the provision of a free, appropriate public education for students with disabilities",the provision of bilingual education for English-language learners,schools being held responsible for providing tests that do not discriminate on the basis of race,the assignment of similar funding to athletic activities for boys and girls,C,True,0.03822422171171854,0.017884129346898394,0.943891648941383,4.2037971645642123e-44
The heritability for traits of a cloned population is,0%,25%,50%,75%,A,False,0.2199519737846556,0.11554266105425257,0.3978840859534258,0.2666212792076662
Which of the following statistics provides the most information about how spread out a distribution of scores is?,variance,mean,range,median,A,True,0.635429662664626,4.281472776033195e-44,0.31826359171629215,0.04630674561908174
"According to the position statement Supervision in School Psychology published by the National Association of School Psychologists (NASP), which of the following is most accurate concerning school psychologists who will be supervising in a school district?",They need provide supervision only to school psychologists who are not fully certified or licensed and to any school psychology interns.,They should provide professional but not administrative supervision.,They are eligible to serve as supervisors after one year of experience as a school psychologist.,They should hold the Nationally Certified School Psychologist credential or the state school psychologist credential.,D,True,0.14507503703937777,0.13245219732008245,0.03617862972369635,0.6862941359168435
"Dan read a list of 30 vocabulary words only once. If he is typical and shows the serial position effect, we would expect that the words he remembers two days later are",at the beginning of the list,in the middle of the list,at the end of the list,distributed throughout the list,A,False,0.38886506736958,0.04786779369982206,0.4255560526435722,0.13771108628702583
"Which developmental stage theory explained how experiences in infancy, childhood, adolscence, adulthood, and old age influence later personality characteristics?",Piaget's cognitive development theory,Erikson's psychosocial stage theory,Kohlberg's moral development theory,Ainsworth's social attachment theory,B,True,4.167617896381843e-44,0.9896251271360917,0.010374872863908246,4.167617896381843e-44
The AP Psychology examination given by the College Board in May exemplifies which of the following types of tests?,aptitude,projective,achievement,intelligence,C,True,0.07081659390349014,0.022773002885403855,0.6952272777182317,0.2111831254928744
Our ability to perceive depth depends primarily on what other perceptual abilities?,proximity and similarity,top-down processing and bottom-up processing,binocular and monocular cues,size and shape constancy,C,True,0.019944688484053983,4.1144714420901733e-44,0.962439778571461,0.01761553294448507
A person who sustains major injuries that involve the destruction of the medulla oblongata will,be paralyzed,fall into a coma,suffer severe speech impairment,die,D,True,0.008639182420281954,0.3039970967074995,0.020969358456622143,0.6663943624155965
Which of the following terms applies to IQ tests?,achievement,standardized,projective,triarchic,B,True,0.008823692709739643,0.9911763072902604,4.0559432303483176e-44,4.0559432303483176e-44
"Which classical conditioning term best describes the following scenario: Later in his classical conditioning experiments, Ivan Pavlov's dogs began to salivate whenever they heard any sound similar to a bell, such as a doorbell or someone accidentally clinking a water glass.",discrimination,spontaneous recovery,trace conditioning,generalization,D,True,0.04724885792864336,0.046229710824170454,0.06333017936961864,0.8431912518775675
"Sal meets Petunia for the first time. She is outgoing and funny. He walks away with the opinion that Petunia is a fun person, whereas in actuality Petunia is temporarily gleeful because she just won the lottery. Sal's opinion that Petunia is funny is best explained by",the mere-exposure effect.,self-serving bias.,equipotentiality.,the fundamental attribution error.,D,True,0.40560491584387026,0.03298860741901543,0.021618907351149186,0.5397875693859652
All of the following are examples of punishment EXCEPT,grounding a teenager for staying out past curfew,spanking a child for misbehavior,permanently revoking the driving privileges of a third-time DWI driver,refusing to return the boss' phone call after not getting the expected raise,D,True,0.13555396785958584,0.08536229969918013,0.1225399069325879,0.6565438255086461
Which of the following must be done when universal screening data show that very few students are successfully meeting school competencies?,Changes must be made in the delivery of the core program.,Students who are not meeting competencies must be given strategic or supplemental instruction.,Students must be given more time to develop competencies.,Students who are not meeting competencies must be evaluated for learning disabilities.,A,False,0.07923584688839293,0.8420286911396925,0.010457311602674609,0.06827815036924002
Substances that are toxic to humans often taste,sour,sweet,salty,bitter,D,True,0.00985433280681476,0.04202885210547385,4.407979627308543e-44,0.9481168150877114
All public institutions subscribe to all of the following ethical guidelines EXCEPT,avoiding unnecessary deception to humans,avoiding unnecessary pain to humans and other animals,avoiding use of animals when computers are available,protecting confidentiality,C,True,0.04250412614549269,0.05117461237370793,0.7802425688120934,0.12607869266870603
Which of the following kinds of tests is most likely to be an achievement test?,an IQ test,a classroom test over a chapter in a textbook,an entrance exam for law school,a personality test based on the Big Five personality traits,B,True,0.011672462167522784,0.8060297533846005,0.17287189116662574,0.009425893281251187
A fetus with the genotype XXY will most likely,result in a miscarriage.,suffer from sterility as an adult.,be color blind.,grow into a depressed adult.,B,False,0.2733692207292968,0.2143212672964329,0.30958687218792996,0.2027226397863403
"Susan is a first-grade student who is referred to the school psychologist because she will not remain seated at her desk. Her teacher reports that Susan is ""always getting up and walking around the room."" What observation data is LEAST relevant to the referral concern?",Frequency,Duration,Intensity,Peer comparison,C,False,0.054096284466163186,0.05855130067057434,0.0945422102887877,0.7928102045744748
"In order to prove a psychological theory,",you need to run an experiment.,you need to find statistically significant results.,you must replicate your findings.,it is impossible to prove a theory.,D,False,0.4133333754662827,0.047130986485049375,0.3930143290397475,0.14652130900892057
Research indicates that which of the following factors most influence a person's sexual orientation?,parenting style,masculine/feminine personality traits,hormones released in the womb,sexual orientation of parents,C,True,0.019933942678963326,0.029264308717850716,0.8673619129541666,0.08343983564901915
Which of the following usually increases with age in healthy adults between the ages of 18 and 70?,fluid intelligence,crystallized intelligence,g,speededness,B,False,0.3988953647190666,0.3603313910391993,0.14461215109833547,0.09616109314339866
The left cerebral hemisphere is specialized for which of the following functions?,"verbal, mathematical, and recognizing emotional expressions","mathematical, spatial, and musical","verbal, analytic, and mathematical","mathematical, spatial, and analytic",C,True,0.15712175018737026,0.01979698164127953,0.7301723365310606,0.09290893164028963
Runners in a park were found to pick up their pace when another runner came into view; this finding illustrates the phenomenon of,social facilitation.,conformity.,deindividuation.,norms.,A,True,1.0,4.051726642465683e-44,4.051726642465683e-44,4.051726642465683e-44
"A researcher tests the problem solving skills of twenty 10-year-old, twenty 20-year-old, and twenty 30-year-old participants for a study on age and problem solving. What research method is this researcher using?",longitudinal,stage,developmental,cross-sectional,D,True,4.1117627971963707e-44,0.024660294207643343,0.016883368555376956,0.9584563372369798
"Bessie could barely detect sweetness in a sip of water from a pitcher in which one quarter of a teaspoon of water was mixed into a half gallon of water. For taste, this is Bessie's",absolute threshold,difference threshold,subliminal stimulation,distal stimulus,A,True,0.9878355474406709,0.012164452559329086,4.015075640469306e-44,4.015075640469306e-44
"During assigned seat-work time, Mary, a firstgrade student, sometimes leaves her seat and attempts to play with a block collection. When she leaves her seat, she fails to complete her seat work. Which of the following behavioral intervention strategies will most effectively increase the long-term likelihood that Mary will complete her seat work?",Allowing Mary to read from a teacherselected book for a specific period of time before beginning her seat work,Allowing Mary to play with the blocks afterward if she remains in her seat throughout the assigned seat-work time,Explaining to Mary the value of completing seat work in terms of the objectives of the lesson,Removing the blocks from the classroom during the assigned seat-work time,B,True,0.0291591368424653,0.8475093621377912,0.030989839911161707,0.09234166110858183
Which of the following are most directly designed to help determine whether the findings of a study reflect a truly replicable phenomenon rather than the outcomes of chance processes?,Inferential statistics,Descriptive statistics,Standard deviation,Extraneous variables,A,True,0.6790107329204466,0.0791911614220046,0.04446645987813401,0.19733164577941506
An unjustifiable and usually negative attitude toward a group and its members is called,prejudice,ethnocentrism,in-group bias,discrimination,A,True,0.7319969370046485,4.25389580171783e-44,4.25389580171783e-44,0.26800306299535154
"Calvin's fear of dogs was so great that he could not even visit his friends who had dogs or who lived in a neighborhood that had a lot of dogs. Once he sought help, he worked to overcome this fear first by witnessing his counselor playing with a dog and then, after a while, by actually touching and petting a dog himself. The method used to help Calvin overcome his fears is known as",countertransference,peer-counselor alliance,rational-emotive therapy,systematic desensitization,D,True,4.0133181174610095e-44,4.0133181174610095e-44,0.00797083493563779,0.9920291650643621
"Mr. Gordon suffered damage to the back of his right frontal lobe. As a result, he is unable to",understand information he hears,understand information he reads,speak intelligibly,move his left hand,D,False,0.18258084642281527,0.09635824542377071,0.4374977526687125,0.2835631554847016
"During the manic phase of a bipolar disorder, individuals are most likely to experience",high self-esteem,delusions of persecution,uncontrollable grief and despair,visual hallucinations,A,True,0.9793152198149466,0.009236834793298749,4.003248213213443e-44,0.011447945391754519
"According to Kohlberg, at the third (postconventional) level of moral development, individuals",follow rules in order to obtain reward,follow rules in order to avoid punishment,"define what is right by what they have learned from others, especially authority figures",self-define principles that may or may not match the dominant morals of the times,D,True,0.011486964392244463,0.012144957478894339,0.009956660869576708,0.9664114172592845
"To which perspective are the roles of knowledge, information processing, and their interactions most central?",Psychoanalytic,Cognitive,Behaviorist,Evolutionary,B,True,4.101534995031449e-44,0.983170968173143,0.01682903182685702,4.101534995031449e-44
Which of the following is primarily a chemical sense?,Touch,Vision,Taste,Hearing,C,True,4.0312964595206145e-44,0.004961755023733484,0.9950382449762666,4.0312964595206145e-44
"A 7-year-old student arrived in the United States one year ago from a non-Englishspeaking country, where she achieved high scores in reading. Over the year, she has become fluent in social English. After a few months in a monolingual English second grade, her teacher refers her for evaluation because she has great difficulty with the basal reader used in the class. Two English proficiency tests administered to the student show that she performs above the mean for monolingual English grade peers in speaking and listening but well below the mean in reading and writing. She also performs well above the mean for grade peers on reading tests in her native language. Based on this information alone, which of the following is the most accurate interpretation?",Continued use of the student's native language in her home environment is interfering with her development of English.,The student's reading difficulty is an early indicator that she will have increased academic problems as her coursework requires more reading.,The discrepancy between the student's English social language skills and reading skills is expected given the richer context in which social skills are acquired., The discrepancy between the student's native language reading skills and English reading skills is related to the greater complexity of English.,C,False,0.0543706472230005,0.13811726008708283,0.18105014464482883,0.6264619480450878
The limbic system plays an important role in,maintaining balance.,regulating emotion.,monitoring arousal.,processing sensory information.,B,True,4.0357577647779205e-44,0.9860399975994062,0.013960002400593774,4.0357577647779205e-44
"To demonstrate causation, a researcher must",manipulate the way a participant responds to some aspect of a situation,operationalize dependent and independent variables,develop a hypothesis that predicts the relationship between variables,show that the manipulation of one variable invariably leads to predicted changes in another,D,True,0.0639410242237476,0.019909441411695417,0.020036605227004477,0.8961129291375526
A special diet can prevent the expression of the trait for,Tay-Sachs syndrome,PKU (phenylketonuria),Huntington's disease,Down syndrome,B,True,0.18885516925869128,0.8111448307413087,4.305303065271337e-44,4.305303065271337e-44
Which of the following is an example of an implicit memory?,describing the taste of the cake at your last birthday party,remembering how to tie a tie,recalling the name of your junior high school shop teacher,recognizing a celebrity,B,True,0.2660276916753404,0.3548340116832208,0.0640845629561514,0.3150537336852874
"After collecting and analyzing the responses of 2,000 randomly selected study participants, Adeel finds that college juniors who work at paying jobs 15 hours a week get higher grades than juniors who don't have paying jobs or who work full time. Which of the following research methods did Adeel use?",experimental,naturalistic observation,case study,survey,D,True,0.030772161526359663,0.01675455119867097,0.011055592789500551,0.9414176944854689
"Nat's therapist tells him to relax, close his eyes, and breathe slowly whenever he begins to experience fear associated with being in an enclosed space. The therapist is using a technique that is central to",person-centered therapy,psychoanalysis,rational-emotive therapy,systematic desensitization,D,True,0.007723109543195494,3.987990565057112e-44,0.010035180543912212,0.9822417099128924
Periods of special sensitivity to specific types of learning that shape the capacity for future development are known as,maturation periods,critical periods,primary development periods,secondary development periods,B,True,3.8862768642812084e-44,0.9974377115569162,0.0025622884430838255,3.8862768642812084e-44
Areas of the brain that are damaged are referred to as having,brain lesions,hemispheres,brain lobes,cortical adhesions,A,True,1.0,4.1881545766126684e-44,4.1881545766126684e-44,4.1881545766126684e-44
Which of the following best summarizes a view of classical behaviorism?,"Behavior is under the control of external stimuli that either reinforce or punish actions, thereby affecting the likelihood of the occurrence of these behaviors.",Behavior can be controlled by introspection.,Behavior is the result of competing motives that result from mental events that occur outside of one's awareness.,Behavior is influenced by internal drives and motivation.,A,True,1.0,4.06692264970171e-44,4.06692264970171e-44,4.06692264970171e-44
"A sixth-grade teacher is concerned because Kerry, a student in class, has been hostile to classmates. Which of the following teacher strategies is most likely to encourage Kerry to be more cooperative with classmates?",Preventing Kerry from participating in play or recess activities as a consequence of hostile behavior,Having Kerry memorize rules of behavior and write examples of how they would apply in the classroom,Withholding attention or approval from Kerry in response to hostile behavior,Implementing social skills training to teach Kerry appropriate replacement behaviors for hostile behaviors,D,True,0.1506357569211574,0.0389742712520811,0.16448197947482274,0.6459079923519387
Daniel is a toddler who lags behind his peers in terms of speech development. He avoids eye contact with people and resists alterations to routine. Daniel is most likely to be diagnosed with,Down syndrome.,fetal alcohol syndrome.,mental retardation.,autism.,D,True,3.9423267122231013e-44,0.005711358848655667,0.020455094522200925,0.9738335466291433
Garcia and Koelling's research regarding learned aversions established that which of the following UCS and CS pairs are the most powerful and learned most quickly?,performing a task and receiving a food reward,nausea and food or drink,movement and shock,punishments and rewards,B,True,4.1539035989613555e-44,0.8632456573115712,0.07028086039494924,0.06647348229347938
Which structure is found in the inner ear?,hammer,basilar membrane,tympanic membrane,pinna,B,True,0.03996452824398715,0.8665029787059946,0.03730076988477633,0.05623172316524196
Psychogenic amnesia is an indication of which kind of psychological disorder?,schizophrenic,anxiety,mood,dissociative,D,True,3.932171896032379e-44,0.007823907466423665,0.005111179020959046,0.9870649135126173
"Although a man watched in horror as his wife and children were killed by a speeding truck as they crossed the street, he has no memory of the event and gets upset when people tell him he must remember. The man is most likely suffering from",panic disorder,post-traumatic stress disorder,dissociative amnesia,bipolar disorder,C,True,4.087395594427214e-44,0.012081118514660604,0.9485402752258896,0.039378606259449854
"Michelle watches David Letterman on television, but doesn't recognize him when she walks past him in Manhattan. Which effect on perception does this best illustrate?",convergence,context,proximity,closure,B,False,0.03481568646075477,0.39191526103182955,0.11842555621690858,0.454843496290507
"In a meeting with the school psychologist, Ms. Harcar, a new sixth-grade teacher, expresses some concerns about a student, Anthony. The school psychologist has worked with the boy and knows him well. Anthony has a mild learning disability and receives academic support. He is doing well on a daily basis but has difficulty performing on tests. The school psychologist discusses ways in which Ms. Harcar could incorporate study-skills training into classroom activities. With regard to study-skills training, the school psychologist should stress which of the following principles while advising Ms. Harcar?","The study skills of students with disabilities are improved when they are given a single, specific study strategy to follow for all subjects.",Students with disabilities often develop study skills on their own and need only some guidance and reinforcement by the teacher.,Training in study skills needs to include helping students to guide their own thinking to organize their own study behaviors and to use varied study approaches.,Study strategies are best taught in a small group by having students practice collaborative problem-solving activities modeled by the teacher.,C,True,0.016823594262581922,0.014882121922028424,0.9412777883795032,0.027016495435886304
"In class, John's teacher tells him that she will give him the coin and bill for each picture he can correctly identify on the face of the penny, nickel, dime, quarter, half-dollar, dollar bill, and five-dollar bill. John cannot identify any of them although he has been handling money for 17 years. His inability to remember the pictures most likely results from",confabulation,failure to reconstruct,failure to encode,deep processing,C,True,0.04400518181987596,0.06368485604505399,0.6269401964476361,0.26536976568743403
The somatic nervous system is part of the,central nervous system.,peripheral nervous system.,autonomic nervous system.,parasympathetic nervous system.,B,True,4.093845366394942e-44,1.0,4.093845366394942e-44,4.093845366394942e-44
Professor Ek is interested in studying online bullying behaviors of middle school students. Which of the following research method choices (and the rationale for the choice) is the most appropriate?,Experiment-the most convenient and ethical way to study online bullying is to randomly assign half of the participants to a group who experiences the independent variable (online bullying).,"Correlation-it would be unethical to purposefully expose middle school students to bullying behaviors, so Professor Ek should examine variables that correlate with existing instances of online bullying.","Naturalistic observation-observing instances of online bullying by monitoring middle school students' social networking behavior would provide the most accurate data and not raise important privacy concerns, because social networks are considered ""public"" space.",Survey-self-reports about online bullying behaviors and responses to these behaviors would likely provide the most accurate descriptions of bullying and its impact.,B,False,0.10417322579015548,0.08123641815856086,0.08468100768485325,0.7299093483664304
"In the rock opera Tommy, Tommy becomes deaf and blind after witnessing a terrible murder, although there is nothing organically wrong with his ears or eyes. Tommy is suffering from",panic disorder,post-traumatic stress disorder,conversion disorder,obsessive-compulsive disorder,C,True,4.1918604311669625e-44,4.1918604311669625e-44,0.9848259938894157,0.015174006110584283
"The ""c"" in the word cat is best described as a",phoneme.,morpheme.,holophrase.,syllable.,A,False,0.1693871034172532,0.7032506898892644,4.2564048035261385e-44,0.12736220669348236
"Xavier is beginning his first year of college. He is eager to find a few other freshmen to ""hang out"" with. Psychologists would say that Xavier is motivated by a(n)",fraternization need,assimilation need,attachment need,affiliation need,D,True,0.01048273139224623,3.9129496928145544e-44,0.008874665761410692,0.9806426028463432
Research indicates that a test participant exposed to a list of positive words and then asked to recall the words from that list a week later will be more likely to remember those words if he,is tested by a researcher who deliberately exhibits a positive attitude,is in a positive mood when initially exposed to the words,"considers himself a ""positive"" person, regardless of his mood during the experience",considers the initial testing experience positive,B,True,0.28821399336321457,0.57906303288566,0.06734005542099018,0.06538291833013524
All of the following are characteristic of physiological arousal EXCEPT,dilation of the pupils,increase in salivation,increase in perspiration,increase in secretion of stress hormones,B,True,0.10718197380738882,0.6821538096181067,0.13018787242714455,0.08047634414735995
What color are the shortest electromagnetic waves humans can see?,green,violet,red,orange,B,True,0.14403931772699827,0.522661152476706,0.26878284934095137,0.06451668045534432
One cause of the deinstitutionalization of many psychiatric patients in the mid-1900s was,an increase in government funding.,the movement for the rights of the mentally ill.,the creation of new medications.,an improvement in psychotherapy.,C,True,0.015042168416701671,0.05445919386323379,0.9156161666110434,0.014882471109021172
Which of the following would play a role in quickly alerting you to a gas leak in your car?,olfactory receptors,gustatory receptors,feature detectors,basilar membrane,A,True,1.0,4.121227606565711e-44,4.121227606565711e-44,4.121227606565711e-44
Garcia and Koelling's research regarding learned aversions established that which of the following UCS and CS pairs are the most powerful and learned most quickly?,performing a task and receiving a food reward,nausea and food or drink,movement and shock,punishments and rewards,B,True,4.1539035989613555e-44,0.8632456573115712,0.07028086039494924,0.06647348229347938
"A school psychologist is providing feedback to a student's parents regarding the student's performance on a measure of academic achievement. To explain the concept of grade equivalent, the school psychologist should explain that it is",the average score on that measure obtained by students in a given grade,the average score on that measure obtained by students at a given age,the grade in which a student should be placed in school,utilized to determine accountability among peers,A,True,0.7116588546058162,0.27298382375908853,0.015357321635095218,4.120611408841908e-44
Which of the following types of data involves counting the number of occurrences of a behavior observed during a specified time period?,Duration recording,Latency recording,Event recording,Whole-interval recording,C,True,0.13564914198436592,4.2904744731418696e-44,0.8289540653323383,0.03539679268329582
Which of the following structures is located at the most central and protected part of the brain?,somato-sensory cortex,cerebellum,cerebral cortex,medulla,D,True,0.014357126412710891,0.034942943062629205,0.08066398015415187,0.8700359503705081
Abnormal behavior can be defined as maladaptive behavior according to,biologists,behaviorists,psychoanalysts,humanists,B,False,0.10737849797026609,0.2493838453056624,0.11015325868880532,0.5330843980352662
Which personality theory is criticized for having an unrealistically optimistic view of human nature?,cognitive,biological,humanistic,trait,C,True,0.010255432380733108,0.010350839769341582,0.9576862293563881,0.021707498493537085
"""Get cookie,"" best exemplifies",babbling,cooing,holophrases,telegraphic speech,D,True,0.035626610105405784,0.023941602438718505,0.05510342828262524,0.8853283591732506
"What area of psychology focuses on the study of subjective well-being, optimism, and happiness?",psychometrics,human factors psychology,social psychology,positive psychology,D,True,4.041620848905918e-44,4.041620848905918e-44,4.041620848905918e-44,1.0
"A disorder characterized by delusions of persecution, hallucinations, and disordered thinking is",paranoid schizophrenia,anorexia nervosa,conversion disorder,hypochondriasis,A,True,1.0,4.225396031734381e-44,4.225396031734381e-44,4.225396031734381e-44
Which of the following responses was most likely acquired through classical conditioning?,The anxiety reaction of a woman who is driving on the highway for the first time after being involved in a major accident on that highway,The frightened cry of a baby who is disoriented upon waking up from a nap,The uncontrollable blinking of a contact lens wearer who has just gotten something in his eye,The startled cry of a child who has just been awakened in the middle of the night by a loud clap of thunder,A,True,0.5211706337256836,0.10001592667760394,4.473643838010306e-44,0.3788134395967125
Which of the following disorders is most likely related to the amount of light to which a susceptible person is exposed?,seasonal affective disorder,claustrophobia,Alzheimer's disease,catatonic schizophrenia,A,True,1.0,5.255773736991058e-44,5.255773736991058e-44,5.255773736991058e-44
Which of the following clinicians most likely follows Carl Rogers's approach to psychotherapy?,"Dr. Jones, who emphasizes the need for modification of undesirable behaviors in his patients","Terence Springer, who counsels individuals to find their inner spirituality and develop their relationship with a supreme being","Cathy Cooper, who is an empathic counselor who encourages clients through unconditional support to find their own path to better health and growth","Utrese Leed, who creates a framework for her patients that defines ideal psychological growth and development and who supports their efforts toward professional achievement",C,True,4.18076913179383e-44,0.01794984392078931,0.9622234976058728,0.019826658473337772
Children who suffer brain damage may be able to regain their physical and mental abilities more quickly than older brain damage patients due to which of the following properties of the brain?,contralateral control,Klinefelter's syndrome,effective psychological environment,brain plasticity,D,True,0.012129833285801339,4.206915806370148e-44,4.206915806370148e-44,0.9878701667141987
"Mr. Thomas, a school psychologist, works with Ms. Riddle, a special education teacher, to meet the needs of Mark, a student with autism spectrum disorder. Mr. Thomas does not work with Mark directly; Ms. Riddle acts as his mediator. This collaboration is an example of which consultation model?",Systems,Resource,Triadic,Adaptive learning environments,C,True,0.11686204565111702,0.08293756884019042,0.7338074776037797,0.06639290790491283
Which of the following approaches emphasizes the importance of people's feelings and views human nature as naturally positive and growth seeking?,biological,behavioral,cognitive,humanistic,D,True,0.007374567745154481,4.0970139456907353e-44,4.0970139456907353e-44,0.9926254322548456
A pigeon trained to peck at a green light pecks at a yellow light also. This illustrates,generalization,discrimination,extinction,spontaneous recovery,A,True,0.8118846682122208,0.15457764022658796,0.014788206364698048,0.01874948519649315
The medical model of psychologically disordered behavior is most likely to be criticized for neglecting the importance of,depression,anxiety disorders,neurotransmitters,social circumstances,D,True,0.03190373708278211,0.04099612101587905,0.03371010866819588,0.8933900332331428
"Javier wants to study the effects on achievement of taking a course in chemistry in the afternoon, rather than in the morning. A teacher has chemistry classes with the same number of students at 8:30 A.M. and 1:00 P.M., and volunteers to participate with her classes. A major problem in this study would be",poor replication,lack of a hypothesis,confounding variables,difficulty in obtaining informed consent,C,True,0.052386962362114625,0.02960314928652063,0.8389095976020297,0.07910029074933499
Learned helplessness is most likely to be directly related to,the Barnum effect.,self-serving bias.,an external locus of control.,unconditional positive regard.,C,True,0.013430673195436602,4.2053416905357975e-44,0.9695179076434538,0.017051419161109537
Which of the following is the strongest piece of evidence for the idea that animals are capable of developing and using a sophisticated language?,The discovery of physical structures in animal brains are analogous to the language acquisition device in humans.,Primates quickly learn words that result in food rewards.,Systems of communication have been documented in species from honeybees to dolphins.,Apes have been able to use the words they know to express novel concepts.,D,True,0.018966398558060902,0.07272630267671268,0.2889423873720378,0.6193649113931886
"The scores of Brian's team on the quiz were: 8, 6, 9, 7, 10, 9, 5, 4, 9. The median of the team's scores is",9,8,7.5,7,B,False,0.33161302538084875,0.09079398172875836,0.45662719992174844,0.12096579296864456
Alpha waves are most closely associated with,the hypnagogic state,Stage 2 sleep,Stage 3 sleep,Stage 4 sleep,A,True,0.5250046392293133,0.19689288879641167,0.0847609693022336,0.1933415026720415
Which of the following scans can image brain function?,I only,II only,III only,II and III only,C,False,0.06103998212701149,0.156046570909393,0.099468488366297,0.6834449585972986
Memory research indicates that memories may be physically stored in the brain through strengthened connections between brain neurons. What is this process called?,proactive interference,long-term potentiation,state-dependent memory,semantic memory,B,True,4.0712272178768275e-44,1.0,4.0712272178768275e-44,4.0712272178768275e-44
Human senses can be divided into which two major categories based on what the senses gather from the outside world?,sensation and perception,conduction and transduction,energy and chemical,bichromatic and trichromatic,C,False,0.9227219184221911,0.03367215884774158,0.031719700316975026,0.011886222413092317
"Within a multimethod model of assessment, child interviews are most helpful for which purpose?",Incorporating a strength-based perspective,Meeting legal guidelines for a comprehensive assessment,Providing an accurate timeline of when a problem began and how it changed over time,Establishing rapport to better understand the child's perspective on a problem,D,False,0.05492296361369146,4.16512944586723e-44,0.7734415192733685,0.17163551711294014
Which of the following samples would be considered most representative of male college students?,A group of thirty fraternity brothers from Penn State,A random sample taken between classes in the business wing of various universities,"Sixty male members of each class from Princeton, Yale, Harvard, Dartmouth, and Columbia",Twenty male members of each class from a cross-section of colleges and universities,D,True,0.15645309816899838,0.16139420859041892,0.05969791963775736,0.6224547736028253
A person who experiences flashbacks and nightmares after being involved in a serious car accident is likely to be diagnosed with which psychological disorder?,dissociative identity disorder,bipolar disorder,schizophrenia,post-traumatic stress disorder,D,True,4.1579667249156764e-44,4.1579667249156764e-44,4.1579667249156764e-44,1.0
Hunger and eating are primarily regulated by the,somatosensory cortex,hypothalamus,medulla oblongata,occipital lobes,B,True,4.133774313019546e-44,0.9849308583402775,0.015069141659722507,4.133774313019546e-44
The most widely used self-report inventory for personality assessment is the,MMPI-2,TAT,WAIS-R,Rorschach,A,True,0.9875156440718499,4.078470935673523e-44,4.078470935673523e-44,0.012484355928150049
"In a crisis, the adrenal glands of the body secrete ""emergency"" hormones, while the body prepares for fight-or-flight, directed by",the central nervous system,the somatic nervous system,the sensorimotor nervous system,the sympathetic nervous system,D,True,0.017462192991616176,3.977565529632688e-44,3.977565529632688e-44,0.9825378070083839
"During periods of darkness, the pineal gland in the middle of the brain produces which of the following hormones that is essential to sleep regulation?",Estrogen,Adrenaline,Testosterone,Melatonin,D,True,4.0568278144871045e-44,4.0568278144871045e-44,4.0568278144871045e-44,1.0
"According to Selye's General Adaptation Syndrome (GAS) theory, of the following stages, we are most susceptible to disease during",resolution,resistance,alarm,exhaustion,D,False,0.05941604986359946,0.1205049811710138,0.41139249711001424,0.40868647185537244
Which of the following is a hallucination?,thinking you are President of the United States,being sure that your boss is out to get you,thinking this is 2010,hearing voices that are not actually there,D,True,0.012966131964242318,3.9990808098348047e-44,0.0076706681554072455,0.9793631998803506
"Jupiter pilots his newly created perfectionism scale on a high school psychology class. He returns one month later to administer the same test to the same students, and then he correlates the two sets of results. What is Jupiter probably doing?",checking for outliers,standardizing the test,looking to see if the mean level of perfectionism has changed,measuring the test's reliability,D,True,0.04577548408950541,0.0646008304466427,0.0294967257575742,0.8601269597062777
"Stranded in a deserted area after a boating accident, Harry was able to survive by eating leaves and insects, and drinking water he boiled in a fire he made. According to Gardner's Theory of Multiple Intelligences, Harry displayed a high level of which of the following intelligences?",naturalistic,interpersonal,verbal-linguistic,mathematical,A,True,0.9713954155488739,4.4563101956507584e-44,0.028604584451126125,4.4563101956507584e-44
Someone who is unable to encode new memories is said to suffer from,overgeneralization.,belief bias.,state-dependent memory.,anterograde amnesia.,D,True,4.051135890757189e-44,4.051135890757189e-44,0.01265877810534706,0.9873412218946529
"According to cognitive theorist Jean Piaget, children in which of the following stages of cognitive development are egocentric, or unable to understand another person's perspective?",Sensorimotor,Preoperational,Concrete operational,Formal operational,B,True,0.06466744502189363,0.8821344541572693,0.02482683952152281,0.028371261299314297
Nell decides not to throw her stuffed animal in the toilet after she witnesses her brother Matthew being punished for putting his stuffed animal in the toilet. Nell's decision exemplifies,prepared conditioning,tutelage,scheduled reinforcement,vicarious learning,D,True,0.07858569180969534,0.04139287832172855,0.02417826151162541,0.8558431683569508
B. F. Skinner was well known for his work involving the,biological perspective,behavioral perspective,cognitive perspective,psychodynamic perspective,B,True,4.4380067778412835e-44,1.0,4.4380067778412835e-44,4.4380067778412835e-44
"Answering multiple-choice questions is often easier than answering fill-in or completion questions, because multiple choice questions",provide more retrieval cues,enhance retention of information,check memorization rather than critical thinking,are definitional rather than conceptual,A,False,0.2945137239803621,0.2157898037197645,0.3035135948155617,0.18618287748431167
Which of the following psychological disorders is characterized by an abnormally elevated or expansive mood?,Depression,Schizophrenia,Euphoria,Mania,D,True,4.012966807068862e-44,4.012966807068862e-44,0.00853610066687382,0.9914638993331263
"Quinn awoke from a dream, shaking and covered with sweat. When his wife asked him what had happened, he said he had dreamed he was falling to his death. Quinn's experience is often categorized as a",hallucination,phobia,narcoleptic event,nightmare,D,True,0.013486318605971055,0.007451207017018826,3.93205640670033e-44,0.9790624743770101
The case study of Phineas Gage's brain injury was significant for which of the following reasons?,Gage's accident was one of the first to be treated with drugs that alter the neurotransmitters in the brain.,It was one of the first well-documented examples of a specific brain area being associated with a set of physical and emotional changes.,This accident provided psychiatrists with one of the first opportunities to treat a brain-damaged patient with psychotherapeutic techniques.,The CAT scan was used for the first time in the Phineas Gage case to document the extent of brain injury.,B,True,0.01053307900250469,0.981001085708673,0.008465835288822261,4.1465659056091393e-44
"What is the mode of the following set of scores? 70, 70, 80, 80, 60, 60, 50, 90, 90, 90",74,75,90,40,C,True,0.11826766015262395,0.16928528389539627,0.523699382471748,0.18874767348023178
"The ability to perceive your front door as a rectangle even when it is open, displaying a different retinal image is known as",color constancy,closure,shape constancy,size constancy,C,False,0.05548008124821304,0.08767142853331956,0.19441208581129385,0.6624364044071737
It has been suggested that learned helplessness may be related to,major depressive disorder.,paranoia.,obsessive-compulsive disorder.,paraphilias.,A,True,1.0,3.9600746723316394e-44,3.9600746723316394e-44,3.9600746723316394e-44
A low level of glucose in Sam's bloodstream is most likely to make him want to,engage in risky behavior.,pursue a romantic interest.,eat a meal.,study to improve his grades.,C,True,0.01477174748540933,4.095231366493366e-44,0.9727348163106625,0.012493436203928137
"Tonya runs into an old schoolmate on the street. During their brief conversation, Tonya is unable to recall the schoolmate's name. Days later, she remembers the name out of the blue. To remember the name ""out of the blue"" is an example of",tip-of-the-tongue phenomenon,chunking,deductive reasoning,inductive reasoning,A,True,0.9832181339460757,4.1304225522779176e-44,4.1304225522779176e-44,0.01678186605392434
"In a number of experiments, Elizabeth Loftus has shown that the wording of a question can affect participants' recall of an incident. These studies best illustrate",the reconstructive nature of memory.,the serial position effect.,the rate at which people forget information.,the role of the cerebellum in memory.,A,True,1.0,4.065743957940564e-44,4.065743957940564e-44,4.065743957940564e-44
The scientific investigation of mental processes and behavior is called,biology,psychology,cognition,scientific method,B,True,4.2602851159580644e-44,0.9756846150890764,4.2602851159580644e-44,0.024315384910923585
Noam Chomsky and B. F. Skinner disagreed about how children acquire language. Which of the following concepts is most relevant to the differences between their theories?,phonemes,morphemes,linguistic relativity hypothesis,language acquisition device,D,True,0.08139751722534377,0.11224718761191065,0.023868559042039602,0.7824867361207061
"Which type of assessment attempts to identify the most pressing behavioral problem, and possible ways to alleviate it, by investigating the relationship between aspects of an individual's environment and behavior?",Personality,Cognitive,Ecological,Curriculum-based,C,True,0.005489582419135452,4.0321631885316655e-44,0.9820590122995722,0.012451405281292351
Extinction occurs when the conditioned stimulus,precedes the unconditioned stimulus,succeeds the unconditioned stimulus,evokes the conditioned response,no longer evokes the conditioned response,D,True,0.02566936405391556,0.05522419766208247,0.02052578130586899,0.8985806569781329
How would Piaget describe the process of learning something new using terminology from his cognitive development theory?,"When we can't assimilate new information, we change our schemas through accommodation.","As we encounter new social situations, we either develop healthy or unhealthy personality characteristics in order to cope with social demands.","Humans develop increasing abilities to think about moral choices, and our ability to think about the rights of others develops over time.",Rewards and punishments for behaviors are the major influence on learning in humans.,A,True,0.9395339376339156,0.009237523417157303,0.02356581444181607,0.027662724507110995
Which of the following best states why the study of twins is significant to the field of behavioral genetics?,"If a psychological attribute is genetically influenced, then fraternal twins are more likely to share this attribute than are identical twins or other siblings.","If a psychological attribute is genetically influenced, then siblings reared together are more likely to share it than are identical or fraternal twins who are reared apart.",The degree of relatedness in MZ twins can be determined through studying the behavioral genetics of related DZ twins.,"If a psychological attribute is genetically influenced, then identical twins are more likely to share this attribute than are fraternal twins and other siblings.",D,True,0.41810354707187014,0.05266599136614186,4.1961512447621614e-44,0.529230461561988
Which of the following questions best frames the nature-nurture controversy?,To what degree is human behavior a result of free will versus determinism?,To what degree do external conditioning stimuli override individual loci of focus in regard to human behavior?,To what degree does the human capacity to nurture its young parallel other species in nature?,To what degree do inborn biological processes versus environmental events determine human behavior?,D,True,0.023986292622339943,0.020481202749485578,0.01514721257303886,0.9403852920551357
"According to social learning theory, gender identity results primarily from",chromosomal differences in the sex chromosomes and hormones secreted during prenatal development,resolution of the Oedipal complex resulting in identification with the same-sex parent,observation and imitation of significant role models,consistent reinforcement of gender-appropriate behaviors and punishment of gender-inappropriate behaviors,C,True,0.014303931082428787,0.037344800822753405,0.787835175913396,0.16051609218142174
"In the nature versus nurture debate, nature is most closely associated with",environment.,culture.,learning.,temperament.,D,True,0.0989903508814923,0.017944466232861982,0.012281022436335694,0.8707841604493101
Tests that have been pretested with a sample of the population for whom the test is intended and have a uniform set of instructions and administration procedures are,valid,standardized,reliable,fair,B,True,4.0537885637999854e-44,0.9874837677866315,0.012516232213368493,4.0537885637999854e-44
"To save the expense of purchasing a new test form, a chief school administrator asks a certified school psychologist to administer a six-year-old form of an achievement test that agreed with the curriculum of the school district at that time. Considering the situation and the Principles for Professional Ethics of the National Association of School Psychologists' (NASP) the school psychologist should",administer the outdated form but use new norms,ask that at least a few copies of the new form be administered for comparison,insist on administering only the most recent form of the test,recommend that the assessment be canceled,C,False,0.3389018875846645,0.29635502616914433,0.09768287364470839,0.2670602126014827
"If arrested for committing a crime, who of the following would be most likely to be declared legally insane?","Aaron, who suffers symptoms of disorganized schizophrenia","Brett, who has been diagnosed with obsessive-compulsive disorder","Clara, who suffers symptoms of zoophobia","Don, who has symptoms of hypochondriasis",A,True,0.5995647394625226,0.030571254063050852,0.041225902395717315,0.32863810407870925
What is the first step in any example of classical conditioning?,Following a response with a reinforcement or a punishment,Reinforcing an organism for a behavior similar to the desired behavior,Pairing an unconditioned stimulus with a conditioned stimulus,"Rewarding a behavior with an unconditioned stimulus, such as food",C,True,0.04324092167139819,4.1970341477618557e-44,0.9293494895446212,0.027409588783980567
Which of the following accurately states the order of the transmission of visual information?,Optic nerve; ganglion cells; bipolar cells; rods and cones,Bipolar cells; ganglion cells; fovea; optic nerve,Rods and cones; retina; optic nerve; ganglion cells,Rods and cones; bipolar cells; ganglion cells; optic nerve,D,True,0.30827762548418736,0.1010541547122846,0.26140461563944906,0.32926360416407896
"As a result of an accident, Abdul lost sight in his right eye. To judge the distance of vehicles when he is driving, Abdul is able to rely on cues of",I only,II only,III only,I and II only,D,True,0.17809042862933208,0.24404229423433668,0.16288892833857385,0.4149783487977574
Certain cross-cultural studies have suggested that six facial expressions are recognized by people of virtually every culture. Which of the following correctly lists these expressions?,"Happiness, sadness, anger, loathing, lust, and surprise","Happiness, sadness, indifference, fright, surprise, and dislike","Happiness, sadness, desire, repulsion, fear, and surprise","Happiness, sadness, fear, anger, surprise, and disgust",D,True,0.0540049143659024,0.06346528409277497,0.07644221142798734,0.8060875901133354
The brainstem is comprised of the,forebrain and RAS.,hindbrain and midbrain.,cerebellum and cerebrum.,right and left hemispheres.,B,True,0.020098210479403644,0.92468914375516,0.02437267871700338,0.03083996704843294
An artist doing a pencil drawing could use which of the following techniques to add depth to her or his drawing?,retinal disparity,convergence,closure,linear perspective,D,True,0.025145306350941428,0.031193126090313848,4.163621988115002e-44,0.9436615675587448
A musician's ability to make a distinction between two very similar pitches depends on which of the following concepts?,absolute threshold,signal detection theory,bottom-up processing,difference threshold,D,True,0.04227663432954472,0.04956289918407746,0.026709880510309016,0.8814505859760688
"When Antoinette comes home to her apartment, people suddenly jump out towards her. Her heart begins to race and she shrieks. Once she recognizes that it is her friends throwing a surprise party, rather than ninjas, her heart continues to race, but she experiences happiness. Which theory of emotions best explains this fact?",Cannon-Bard,Schachter-Singer,James-Lange,Erikson-Balint,B,True,0.07275467703805269,0.530075205244752,0.3825788566397583,0.014591261077436952
Studying a few subjects in great depth to investigate a rare condition is known as,an experiment,a case study,naturalistic observation,correlational research,B,True,4.0440705608673353e-44,0.9962788084113032,0.0037211915886967103,4.0440705608673353e-44
Which theory of emotion are cognitive psychologists most likely to support?,social facilitation theory,two-factor theory,thalamic theory,James-Lange theory,B,True,4.241570333048105e-44,0.6935329487833134,4.241570333048105e-44,0.3064670512166866
Narcotics work because they are chemically very similar to,endorphins,hormones,secretions,GABA,A,True,0.9790651800602054,3.9466353716376624e-44,3.9466353716376624e-44,0.020934819939794614
"Which of the following contributes most directly to people's exaggerated perceptions of the likelihood of air travel disasters, nuclear power accidents, and terrorist violence?",belief perseverance,the framing effect,overconfidence,the availability heuristic,D,True,4.37276608730823e-44,0.024472586385141368,0.02391735552589954,0.9516100580889592
Cognitivists claim that classical conditioning results from,an association between the unconditioned stimulus and the unconditioned response,an association between the unconditioned stimulus and the conditioned stimulus,an association between the conditioned stimulus and the unconditioned response,an expectation of what is coming following the conditioned stimulus,D,False,0.2304355575662049,0.3255270127317798,0.38650617577865953,0.05753125392335586
A doctor suspects that her patient's language processing area is in the right hemisphere. This would most likely be corroborated by the use of,CAT,MRI,PET,MMPI,C,False,0.0403790849656483,0.5980533009755156,0.3442266311877771,0.017340982871058935
Mechanical energy is transduced to electrochemical energy by,glandular effectors,muscular effectors,pressure receptors,rods and cones,C,False,0.10060303558763344,0.26280952547092135,0.028662978204946822,0.6079244607364984
"David collected data on 15 research participants. Their scores were: 42, 38, 14, 13, 12, 12, 11, 11, 11, 10, 10, 10, 9, 9, 9. Which of the following statistics best reflects the central tendency of this data set?",standard deviation,correlation coefficient,mode,median,D,True,0.0542334297767299,0.02410094144544786,0.2240719271946992,0.6975937015831231
The smallest units of meaning in a language are,phonemes,phenotypes,semantics,morphemes,D,True,0.1306463386609125,4.3146149283207167e-44,4.3146149283207167e-44,0.8693536613390875
"After a neuron has fired,",a resting potential returns,a graded potential is formed,an action potential occurs,hyperpolarization results,C,False,0.6003460859536403,0.0139782319499636,0.27208378687634366,0.11359189522005253
The rules that govern the placement of words and phrases in a sentence are called,semantics,grammar,syntax,phonemes,C,True,4.477769281665708e-44,0.15598757887198197,0.8440124211280181,4.477769281665708e-44
"Which schedule of reinforcement is followed by Soledad, who answers every e-mail message her friend sends?",fixed ratio,fixed interval,variable ratio,continuous,D,False,0.16552709767960969,0.19411207794596627,0.47602863672917,0.16433218764525392
Learned helplessness is an example of the power of,expectation,positive reinforcement,negative reinforcement,classical conditioning,A,True,0.8502838402604032,0.007201993001342367,0.02472930044585025,0.11778486629240423
"After Suzy decided to go to the prom with Dylan, Max was unconsciously furious. Max then channeled all his energies into his artwork. Which defense mechanism is Max using?",displacement,sublimation,rationalization,repression,B,True,0.13329215402193262,0.8351745007089787,4.35735568306101e-44,0.03153334526908872
Kohler's studies with apes are seen as demonstrating,the apes' ability to communicate.,that apes are able to use objects from their natural environment as tools.,latent learning in primates.,that learning can occur via insight.,D,True,0.013537188706003418,0.030032914106269463,0.010827107218084017,0.9456027899696431
An artist doing a pencil drawing could use which of the following techniques to add depth to her or his drawing?,retinal disparity,convergence,closure,linear perspective,D,True,0.025145306350941428,0.031193126090313848,4.163621988115002e-44,0.9436615675587448
The role of the outer ear is to,transduce sound waves to stimulate the ossicles,conduct sound by exciting the cilia in the inner ear,protect the eardrum while it transduces sound,collect and focus sounds from the air,D,True,0.035032249550262864,0.05415019383142676,0.03478326752726731,0.876034289091043
What would Piaget test in order to determine whether a child is in the pre-operational or concrete operational stage of cognitive development?,object permanence,attachment,concepts of conservation,hypothesis testing,C,True,0.027535518103438492,4.1608548729661823e-44,0.942052342872396,0.030412139024165508
"While driving to school, Elise hears about a concert ticket giveaway on the radio. She has to be the seventh caller to win. While pulling over so that she can call in, she repeats the number to herself several times. Elise was using which of the following to remember the phone number?",Iconic memory,Elaborative rehearsal,Chunking,Maintenance rehearsal,D,True,0.09101052922876089,0.11735301397829848,0.10886157332444844,0.6827748834684922
Which of the following brain structures is most centrally involved in hunger motivation?,cerebellum,medulla,amygdala,hypothalamus,D,True,4.485526348644749e-44,0.006752812153288485,4.485526348644749e-44,0.9932471878467115
"You are given four lists of words to learn: 1, 2, 3, and 4. You must learn list 1, then list 2, etc. Which list(s) would cause proactive interference for remembering list 2?",list 1 only,list 3 only,list 4 only,lists 3 and 4 only,A,False,0.20908650011809793,0.17474279370165385,0.27497509845802354,0.3411956077222247
The Whorfian hypothesis of linguistic relativity helps explain why,Eskimos have many words relating to snow,parents use a high-pitched voice when speaking to infants,phonemes are not interchangeable with morphemes,cultures have developed different languages,A,True,1.0,4.123535789853948e-44,4.123535789853948e-44,4.123535789853948e-44
The semicircular canals of the inner ear are important for helping a person to maintain,tone quality,melatonin,balance,olfaction,C,True,3.993704282185163e-44,3.993704282185163e-44,1.0,3.993704282185163e-44
Sherif's Robbers Cave study indicated that which of the following principles best helps reduce tensions between groups?,superordinate goals,diffusion of responsibility,group polarization,deindividuation,A,True,1.0,4.096181596092717e-44,4.096181596092717e-44,4.096181596092717e-44
Grounding a child for two weeks after the child has misbehaved is an example of,avoidant attachment,negative punishment,compliance learning,negative reinforcement,B,True,4.4251272983430327e-44,0.8401125015426185,4.4251272983430327e-44,0.1598874984573815
"After watching cartoons in which characters hit, punch, and kick other characters, nursery school students engage in more aggressive behavior than after watching Barney. This observation best supports",psychoanalytic theory,psychodynamic theory,social learning theory,humanistic theory,C,True,4.1422713193986364e-44,0.011224971027030996,0.9887750289729689,4.1422713193986364e-44
"During cooperative learning, all of the students in Group A members initially were opposed to the death penalty, whereas two of the students in Group B members were opposed to the death penalty and two were in favor of the death penalty. According to research, after an intense discussion within each group about capital punishment, we would expect",both groups would moderate their positions,"Group A members would moderate their positions, but Group B members would retain their original positions","Group A would become more firmly entrenched, while Group B members would moderate their positions","Group A members would retain their original positions, but Group B members would moderate their positions",C,False,0.7642431065696242,0.10474808121387408,0.03196330227680472,0.09904550993969692
Withdrawal symptoms are most directly caused by which of the following processes?,tolerance,dissociation,activation-synthesis,role theory,A,True,0.9824229857756198,4.019621453688501e-44,0.010072318511388671,0.007504695712991572
"Today Susan took a pill for her allergy that raised her blood pressure, caused her heart to beat faster, and raised her body temperature. Now caught in traffic, she feels angry. Yesterday, when she took the pill, she was with her husband. When her blood pressure rose, her heart speeded up, she got hotter, and she felt amorous. This description exemplifies",the adaptation-level phenomenon,two-factor theory,James-Lange theory,Cannon-Bard theory,B,True,0.06542910347908192,0.4010312950588453,0.1339452677388014,0.3995943337232714
"Children develop internal representational systems that allow them verbally to describe people, events, and feelings during which of Piaget's stages of cognitive development?",Sensorimotor,Preoperational,Symbolic,Concrete operational,B,False,0.02550088025305216,0.07467691970938334,0.7696116610249287,0.13021053901263563
"Chantal says that her mother is domineering and overbearing. All of Chantal's friends agree that she is the one that has these characteristics, not her mother. Freud would suggest that Chantal's behavior exemplifies which of the following defense mechanisms?",Repression,Regression,Projection,Displacement,C,True,0.07594045493843046,0.014339317581026644,0.7581357395602841,0.15158448792025864
Which of the following terms describes the behavioral component of negative attitudes toward particular groups?,Bias,Conditioning,Catharsis,Discrimination,D,True,0.08937447472372223,4.1360496295247596e-44,4.1360496295247596e-44,0.9106255252762777
A neutral stimulus that signals an unconditioned stimulus begins to produce a response that anticipates and prepares for the unconditioned stimulus during,acquisition trials,generalization,extinction trials,spontaneous recovery,A,True,0.5567350472212176,0.05043440840149033,0.058622679771107175,0.3342078646061849
"Which of the following is the term used to describe a number of psychotic disorders that involve disturbances in nearly every dimension of human psychology including thought, perception, behavior, and communication?",Schizophrenia,Intellectual disabilities,Dissociative disorder,Depression,A,True,1.0,4.231216505809577e-44,4.231216505809577e-44,4.231216505809577e-44
A severely overweight rat would most likely result from lesioning of the,hippocampus,thalamus,hypothalamus,amygdala,C,True,0.022744767533649426,4.1669557497697785e-44,0.947566321129801,0.02968891133654952
"Coach Perry is training Lana to be the kindergarten soccer team's goalie. Coach Perry starts by rolling the ball to Lana slowly so she can stop it; he gradually begins to roll the ball faster and to different parts of the goal, all the while praising her successful attempts. The technique Coach Perry is using is called",the law of effect.,the partial reinforcement effect.,shaping.,second-order conditioning.,C,True,0.007496858275085257,3.951288976639747e-44,0.9845220314328671,0.007981110292047722
Turning up the volume on a music player changes which aspect of sound?,amplitude of the wave,frequency of the wave,pitch of the tone,transduction of the tone,A,True,0.6044516816049021,0.13825779686773293,0.10116546419204793,0.15612505733531695
"The gland sometimes referred to as the ""master gland,"" which regulates much of the action of the other endocrine glands is called the",thyroid gland,pancreas,pituitary gland,adrenal gland,C,True,4.1500156766355534e-44,4.1500156766355534e-44,1.0,4.1500156766355534e-44
Which psychological perspective was most popular at the turn of the twentieth century in Western Europe?,neuroscience,evolutionary,behaviorist,psychoanalytic,D,True,0.12140966512912749,0.1308581731977974,0.12007280766895759,0.6276593540041175
The most common form of Down syndrome results during sex cell formation and fertilization from,three copies of chromosome 19,three copies of chromosome 21,loss of a chromosome,failure of the separation of XX,B,True,0.018900337532509293,0.9682585519840796,0.012841110483410962,4.1369946469143356e-44
"Odette is nearing her 70th birthday. Over the last year, she has suffered a loss of appetite and began to experience difficulty sleeping. She has lost interest in her favorite pastimes, gardening and bridge. Odette is most likely to be diagnosed as having",Alzheimer's disease.,seasonal affective disorder.,insomnia and bulimia.,major depressive disorder.,D,True,0.11018443682724506,0.017149042825537197,3.953514273581671e-44,0.8726665203472178
What is the principal tool used in all forms of psychotherapy?,talking to a patient,cognitive/behavioral interventions,biomedical/cognitive treatments,somatic therapies,A,True,0.7805710021830076,0.0880806177538096,0.04551377857522442,0.0858346014879582
"In Pavlov's conditioning of dogs, the point at which the dogs salivated at the sound of the tone without the food being present is referred to as",an unconditioned stimulus,acquisition,discrimination,generalization,B,False,0.2026238424872743,0.18583951291240594,0.08644533660856822,0.5250913079917515
"According to humanistic psychologists, psychological disorders are most likely caused by",neurochemical imbalances.,unhealthy attributional styles.,learned associations.,unfulfilled needs.,D,True,0.01283612753893509,0.045780729954553345,0.018809926940588,0.9225732155659235
"According to the Gestalt organizing principles of perception, when you look at, ""i n car n a t e,"" you tend to notice the word car rather than in, nate, at, or ate, because of",continuity,the phi phenomenon,similarity,proximity,D,False,0.5103522119234338,0.01944794169414056,0.04504827709191857,0.4251515692905072
Which social psychological principle best explains prejudice?,individualism,collectivism,self-serving bias,in-group bias,D,True,4.1719612281483755e-44,0.010743509781476826,4.1719612281483755e-44,0.9892564902185232
"One month before finals, Conrad makes a study schedule and begins to review his notes. Two weeks before finals, Conrad is studying for hours each day to prepare. Right after finals at the start of summer vacation, Conrad comes down with the flu. Which of the following theories best explains this chain of events?",Selye's general adaptation syndrome,Yerkes-Dodson law,Thorndike's law of effect,Festinger's cognitive dissonance theory,A,True,0.8786868613871898,0.05098893712414268,0.04129714172973266,0.029027059758934923
Endorphins are chemicals that,elevate mood and reduce pain,increase alertness and reduce drowsiness,lower or raise the threshold for the firing of neurons,cannot cross the blood-brain barrier,A,True,0.9977684607452355,3.962100876232005e-44,3.962100876232005e-44,0.002231539254764568
A therapist used the Rorschach inkblot test to help him analyze his patient's problems. He was most likely a,psychoanalyst,person-centered therapist,behavioral psychologist,certified clinical social worker,A,True,0.9868638546537998,3.9553196912512425e-44,3.9553196912512425e-44,0.01313614534620016
People who have previously not gotten along are often able to put aside their differences in the face of a mutual crisis. Their need to work together is often referred to as a(n),communal goal,superordinate goal,subordinate goal,alliance formation,B,True,0.04669030490983365,0.9533096950901663,4.2126999154849694e-44,4.2126999154849694e-44
Abraham Maslow's hierarachy of needs theorizes that each person is motivated by what?,desire to achieve in the eyes of others,satisfying needs from the next step in the hierarchy,primary (physical) and secondary (emotional) needs,homeostasis needs determined by our inner self,B,True,4.1818720966293726e-44,0.8412172613449002,0.12823183075956968,0.030550907895530145
"Sanja hears a sound that she recognizes as the front door being shut. In order for her to detect the sound and process it so that she knows what it is, Sanja's ear funnels the sound waves to the inner ear in order to stimulate the cilia of the inner ear. This is a critical step in the process of",auditory transduction,olfactory perception,sensory interaction,decibel cognition,A,True,0.9960350348623324,4.018504728233287e-44,0.003964965137667662,4.018504728233287e-44
Which of the following is a secondary reinforcer?,food,water,money,sex,C,True,0.009479616573819146,4.1226088641034813e-44,0.9799644736689523,0.010555909757228638
Which of the following kinds of personality theorists is the most likely to use a projective test?,social-cognitive,behaviorist,humanist,psychoanalyst,D,True,0.06268074468730252,4.221392757641219e-44,0.02502014494524983,0.9122991103674477
"Antonia has a cat. The first time she sees a rabbit, she calls it a cat. Her mistake is due to the process of",discrimination.,generalization.,accommodation.,assimilation.,D,True,0.03277466738287703,0.16731756292216832,0.025743193989787028,0.7741645757051676
Which sentence most accurately describes how neurons communicate?,Neurons communicate through physical contact between dendrites of one cell and the next cell.,"Electricity passes between neurons, which carries messages between one neuron and another.","Chemicals travel from one neuron to another, influencing whether a neuron will fire or not.",Neurons send messages up the spinal cord to the cerebral cortex through neural reflexes.,C,True,0.015631142879978216,0.04839953289179739,0.9359693242282244,4.2864538187807075e-44
"Aaron Beck's negative triad of beliefs, which explains the cycle of depression by examining negative thoughts about self and the world, exemplifies what type of therapy?",Psychoanalytic,Cognitive,Humanistic,Behavioral,B,True,3.9782608777377094e-44,0.9943491332207375,0.005650866779262478,3.9782608777377094e-44
"According to Sigmund Freud, what is the dominant factor determining our personality traits?",secondary drives and needs,genetic and nutritional factors,unconscious conflicts,parenting styles,C,True,0.0037329099893135447,4.123230261609633e-44,0.979926763239254,0.016340326771432406
A recent comparison of the intelligence scores of Asian Americans and African Americans on the Stanford-Binet showed that,I only,II only,III only,"I, II, and III",D,True,0.11041639034480374,0.12358091035032298,0.07677962351164515,0.6892230757932281
"Emotional, cognitive, and behavioral tendencies that constitute underlying personality dimensions on which individuals vary are referred to as",traits,moods,temperaments,tenets,A,True,0.9902526455657596,4.129476819528503e-44,0.009747354434240248,4.129476819528503e-44
Someone with brain damage who has difficulty making the muscle movements needed to produce accurate speech might have damage to which area of the brain?,Wernicke's area,hippocampus,Broca's area,amygdala,C,True,0.014146396654540759,4.0829801513139984e-44,0.9858536033454592,4.0829801513139984e-44
"Lynda is a confident, capable woman who takes responsibility for her own actions. Lynda has a(n)",manic coping strategy,discriminative expectancy,internal locus of control,external locus of control,C,True,0.006899532446060821,4.0143219768505126e-44,0.9677921158567928,0.02530835169714612
"In a sleep study, a researcher observes that the participant's eyes are beginning to dart as if he were watching a sporting event. The researcher notes that the participant has entered",stage 3 sleep,beta sleep,REM sleep,NREM sleep,C,True,0.04519148316984158,0.06552029510884347,0.8176244500300607,0.07166377169125425
Which of the following perspectives is most concerned with self-esteem and actualizing one's potential?,humanistic,behavioral,cognitive,psychodynamic,A,True,1.0,4.1529905024711087e-44,4.1529905024711087e-44,4.1529905024711087e-44
What kind of symptom is common among all the somatoform disorders?,inappropriate affect,disconnection from reality and delusions related to personal identity,maladaptive ways of behaving that prevent a person from accomplishing goals,experiencing a physical problem without a physical cause,D,True,0.024669963569440238,4.265294233892257e-44,0.007490007911661359,0.9678400285188985
Which of the following was an important technique used by Abraham Maslow and the humanistic psychologists during therapy?,defense mechanisms,factor analysis,unconditional positive regard,somatotype theory,C,True,4.539646213545135e-44,4.539646213545135e-44,0.9907788388323672,0.009221161167632786
The myelin sheath that covers the axons of most neurons serves to do which of the following?,Increase the number of messages a dendrite can receive,Increase the speed with which messages can be transmitted,Maintain the amount of neurotransmitter needed to create an action potential,Decrease the amount of information a dendrite can convey in one firing,B,True,4.185853524854405e-44,1.0,4.185853524854405e-44,4.185853524854405e-44
"A study designed to investigate the friendship patterns of abused children was conducted by filming the interactions of the children and later having three raters view the footage and rate each child's pattern of behavior on a conflictual-behavior scale with values ranging from ""constant conflict"" to ""minimal conflict."" Which of the following kinds of reliability is most critical to this study, given the methodology used to measure the variables?",Coefficient-alpha reliability,Alternate-forms reliability,Inter-rater reliability,Test-retest reliability,C,True,4.174781595022797e-44,4.174781595022797e-44,0.991125178419008,0.008874821580991999
Students diagnosed with attention deficit hyperactivity disorder (ADHD) are four to nine times more likely to be,females than males,males than females,children than adults,Caucasian children than African American children,B,True,0.12180428385585661,0.6279769901369674,0.04406001253566467,0.2061587134715112
"According to Erikson, a young adult's developmental crisis centers around",intimacy vs. isolation,identity vs. role confusion,autonomy vs. shame and guilt,industry vs. inferiority,A,True,0.9897015972869043,0.010298402713095655,4.071569776508714e-44,4.071569776508714e-44
Psychoactive substances are drugs that alter consciousness by,inducing the secretion of excitatory hormones into the bloodstream,imitating the behaviors of various pheromones,facilitating or inhibiting neural transmission at the synapse,increasing an individual's hypnotic susceptibility,C,True,4.244826776015793e-44,0.0038642793125042096,0.9871759090910575,0.0089598115964384
"Two ""cognitive shortcuts"" that can lead to errors in information processing are",the representativeness heuristic and the availability heuristic,inductive reasoning and deductive reasoning,morphemic processing and phonemic processing,prototypic development and fuzzy concept development,A,True,1.0,4.2826050960744817e-44,4.2826050960744817e-44,4.2826050960744817e-44
Which of the following best states a conclusion of Stanley Milgram's study of obedience?,"When faced with a difficult decision, people are more likely to follow the opinions of the crowd than to diverge from those opinions.","When challenged to commit a crime, people will most often refuse if they are not coerced, but will agree if an authority figure coerces them.","When asked to inflict pain on others, people are likely to inflict mild amounts of pain without remorse.","When an authority figure is present, people are more likely to obey orders than to question the wisdom of the orders.",D,True,0.08970262266489246,0.056098075482697275,0.06852382580883819,0.785675476043572
Which of the following is an example of a result of operant conditioning?,Milo starts at the sound of a buzzer because it sounds very similar to the alarm clock that wakes him every morning.,Paula is promoted to vice president of her company and vows to not lose touch with her employees.,Rebecca cancels her credit card to avoid paying the annual fee but plans to reinstate it in the new year.,Ashmed speaks louder than usual when he talks to his mother on the phone because she is hard of hearing.,D,False,0.5611838989799368,0.07104722931229952,0.04646460116776679,0.32130427053999694
Which of the following is a strategy that the National Association of School Psychologists (NASP) recommends as a best practice for improving school safety?,Expelling a student immediately after a minor disciplinary infraction,"Implementing a strict student code of conduct, such as a zero-tolerance policy",Communicating to parents that the school environment is safe,Creating a school safety and response team,D,True,4.276495675161909e-44,0.024055462313343098,0.030218502247322337,0.9457260354393346
"According to Elisabeth Kubler-Ross, the first reaction of a person faced with a terminal illness is",acceptance,anger,bargaining,denial,D,True,0.024738103436164147,0.04721419100129058,0.014089746076531183,0.913957959486014
Which part of the brain was thought to play the most important role in the Cannon-Bard theory of emotion?,thalamus,hippocampus,medulla,association areas,A,True,0.6169735795376473,0.048717458282530615,0.0747268564888649,0.25958210569095724
"Jacob cries uncontrollably every time his mother takes him down the candy isle in the supermarket and refuses to let him buy anything. Eventually, Jacob's mother gives in and lets him choose one candy item to buy if he stops crying. Jacob's crying behavior is __________________ by his mother.",punished,associated,reinforced,extinguished,C,True,4.2675411912808753e-44,0.09619567663188199,0.8572061046622408,0.046598218705877416
Research reveals that the most critical factor in Type A behavior associated with heart disease is,anger,competitiveness,sense of time urgency,conscientiousness,A,False,0.035557119148746014,0.02911849075593701,0.8930305524392843,0.04229383765603276
Which of the following represents the correct order of auditory transmission from the time the sound is first heard to when it is processed in the brain?,Oval window→ cochlea→ tympanic membrane→ auditory nerve→ auditory canal,Auditory canal→ auditory nerve→ cochlea→ tympanic membrane→ ossicles,Tympanic membrane→ oval window→ cochlea→ auditory nerve→ auditory canal,Auditory canal→ ossicles→ oval window→ cochlea→ auditory nerve,D,False,0.1563026458102336,0.17011809375948697,0.34480914637687043,0.3287701140534089
"Research has shown that people who read a job description written only with male pronouns (e.g., he, his) are more likely to think of an employee as male than people who read a description that uses gender-neutral language (e.g., he or she). This finding is most closely linked to",the linguistic relativity hypothesis.,gender schema theory.,the social role hypothesis.,modeling.,A,False,0.07798013016295276,0.6218004944009657,0.2785649519262962,0.021654423509785345
"In daylight, objects that reflect all wavelengths of light appear",black,white,dull,ultraviolet,B,True,0.07119473778198333,0.8899559331005756,0.03884932911744108,4.2262091993291814e-44
Which of the following neurotransmitters is most explicitly associated with the experience of pleasure?,GABA,Acetylcholine,Serotonin,Dopamine,D,True,4.0032129721806945e-44,4.0032129721806945e-44,4.0032129721806945e-44,1.0
The rooting reflex is characterized by neonates,turning their heads toward stimuli when touched on their cheeks,withdrawing from painful stimuli,drawing up legs and arching their backs in response to sudden noises,grasping objects that press against their palms,A,True,0.9882002521619722,4.1426553633241465e-44,4.1426553633241465e-44,0.01179974783802788
"Which classical conditioning term best describes the following scenario: Later in his classical conditioning experiments, Ivan Pavlov's dogs began to salivate whenever they heard any sound similar to a bell, such as a doorbell or someone accidentally clinking a water glass.",discrimination,spontaneous recovery,trace conditioning,generalization,D,True,0.04724885792864336,0.046229710824170454,0.06333017936961864,0.8431912518775675
"In a code-based phonic approach to early reading instruction, first-grade students are taught the sounds of the letters b, a, s, and g. According to the theory underlying this approach, which of the following will be most effective as the first sentence for the students to read?",Bob ate a snack.,A dog bit Ann.,Gail has a bag.,Sally was happy.,C,True,0.32248741888643584,0.09120017575987314,0.4593385979502754,0.1269738074034155
"According to Erikson, those who look back at the end of their lives with regrets and the feeling that their lives have lacked fulfillment evidence unsuccessful resolution of the challenge of",intimacy versus isolation,identity versus role confusion,integrity versus despair,generativity versus stagnation,C,True,0.012182623954234641,4.1764662039152035e-44,0.8870244000667048,0.10079297597906055
"When first born, humans' dominant sense is",taste.,smell.,touch.,hearing.,D,True,0.04514973308731973,0.04122669024780101,0.110258936547066,0.8033646401178132
Light enters the eye through an opening in the,lens.,retina.,iris.,blind spot.,C,True,0.017384528600709236,0.06773493340101559,0.8289237891133877,0.08595674888488751
Information from the optic nerve is initially processed in what part of the brain?,occipital lobe,hypothalamus,thalamus,hippocampus,C,False,0.5147091455035424,4.169100428117249e-44,0.45425045780906165,0.03104039668739588
"According to activation-synthesis theory,",the brain counteracts a strong positive emotion by evoking a negative emotion,dreams result from the mind's attempt to make sense of random neural activity from the brainstem,happiness depends on comparing one's present circumstances with one's past circumstances,particular facial expressions induce particular emotional experiences,B,True,4.081677578063368e-44,0.9952090665736181,0.004790933426381853,4.081677578063368e-44
Which of the following best summarizes why people tend to stay in a slightly elevated state of arousal after a crisis has occurred?,Their neurons remain in a state of graded potentiality even after they have fired.,Their neurons continue to keep the body in an alert state.,Their adrenal glands continue to secrete epinephrine even after the crisis is over.,Their bloodstream continues to contain elevated levels of adrenaline.,D,True,0.04728752725880757,0.25894841355741155,0.26049770896833246,0.4332663502154485
"According to Kohlberg, in order to reason at the postconventional level, people must",be generous.,believe in God.,be able to take another person's perspective.,have had a successful resolution of the integrity versus despair stage.,C,True,0.00834246276552909,4.004617142872066e-44,0.9375345949150696,0.05412294231940132
Which of the following is true regarding lifelong learning and ongoing professional development of school psychologists?,A formal professional development plan should be made and updated annually.,Textbooks from graduate school should be reread annually.,A degree in another field should be pursued.,"A graduate education program should offer adequate preparation for professional practice, so no further training will be needed.",A,True,0.9509458117140586,0.02432791607402298,0.010429811548160807,0.014296460663757497
The adaptive response of a six-month-old child who shows distress when an attachment figure leaves is known as,attachment anxiety,reactive attachment disorder,object permanence,separation anxiety,D,True,0.025297963850346543,4.0914377034666513e-44,0.02825215992724503,0.9464498762224084
Shafi cited Tony's and David's 100% math test scores in providing evidence that boys do better in math than girls. His failure to recognize that seven girls in the class earned 100% while only two boys earned that score best exemplifies,hindsight bias,confirmation bias,functional fixedness,proactive interference,B,True,0.03946737038121267,0.8887949835402654,0.032377811703328166,0.03935983437519363
Disorganized language like clang associations or neologisms is associated with,autism spectrum disorder.,schizophrenia.,dissociative identity disorder.,bipolar disorder.,B,True,0.014822238340422303,0.9851777616595777,4.1276674128272066e-44,4.1276674128272066e-44
"According to Dr. William Sears, noted authority on infants and child-rearing, infant brain development is, in part, influenced by longer and more frequent periods of active sleeping and dreaming or",REM sleep,NREM sleep,delta sleep,stage 3 sleep,A,True,0.9921991693417078,0.007800830658292178,4.16879796071209e-44,4.16879796071209e-44
Which of the following would be most useful in understanding a neighbor's interpretation of a certain family's recent crisis as being due to extreme financial distress?,Reinforcement theory,Classical behaviorism,Attribution theory,Hierarchy of needs,C,True,0.01090084912136466,4.1822613789567144e-44,0.9735607896048201,0.015538361273815348
Each of the following is a step taken by a therapist who is employing systematic desensitization EXCEPT,helping the client experience the desired state of relaxation through hypnosis,teaching the client to relax through techniques such as deep breathing,constructing a hierarchy of feared images,instructing the client to picture each fearful image while maintaining a relaxed state,A,True,0.9827784091057754,3.9593123231043254e-44,0.009571304826226394,0.007650286067998271
Which one of the following best states Ivan Pavlov's accidental discovery?,"While experimenting with rats, Pavlov discovered that if he repeatedly placed pellets of food in one side of a ""T-maze,"" the rats would automatically run to that side of the maze.","While experimenting with dogs, Pavlov discovered that once his dogs became accustomed to seeing and hearing the attendant who brought them food at mealtime, they would salivate in response to the sight and sound of the attendant.","While experimenting with cats, Pavlov discovered that if he placed a hungry cat inside a box and food outside the box, the cat could ""learn"" to press a lever to open the door of the box.","While experimenting with pigeons, Pavlov discovered that if he placed a pigeon in a box, he could condition it to recognize that if it pecked at a particular key, it would receive a food pellet.",B,True,0.042429964214294916,0.8808196071782677,0.020915288857260714,0.05583513975017671
Individuals in which of the following occupations will be potentially LEAST likely to be susceptible to health problems as a result of disrupted circadian rhythms?,Shift nurse,Police officer,Flight attendant,College professor,D,True,0.1794397167955654,0.18002317848163552,0.18776160730754635,0.4527754974152526
Objects that absorb light appear,black,white,dark,bright,C,False,0.6419706572163728,0.20797261187943036,0.0344201792113495,0.1156365516928472
"Of the following, most children will develop which skill first?",write with a pencil,cut with a knife,say a sentence,clap their hands,D,False,0.13225418629999852,0.1431145165308444,0.45980802006278176,0.2648232771063753
The incidence of schizophrenia in the population is closest to,1 in 10.,1 in 100.,"1 in 1,000.","1 in 10,000.",B,False,0.13088966088842166,0.2892168014759004,0.40272280036343616,0.17717073727224195
"In general, the best presentation time between the conditioned stimulus and unconditioned stimulus to produce classical conditioning is",delayed,simultaneous,trace,backward,A,False,0.24148124233684296,0.20428057133387023,0.44586566120755156,0.10837252512173516
"Ryan suffers from nearly constant, low-level arousal of his autonomic nervous system. Ryan is most likely to be classified as suffering from",GAD.,major depressive disorder.,hypochondriasis.,obsessive-compulsive personality disorder.,A,True,1.0,4.2128294559083422e-44,4.2128294559083422e-44,4.2128294559083422e-44
"The pastry chef ordinarily makes 15 apple turnovers in 15 minutes, but when culinary arts students are watching him, he makes 20 apple turnovers in 15 minutes. This exemplifies",foot-in-the-door phenomenon,social loafing,social facilitation,the bystander effect,C,True,4.3551474280294346e-44,4.3551474280294346e-44,0.9823202246697166,0.017679775330283403
Seeing someone in line at the grocery store and remembering her or his name is an example of which kind of retrieval?,recognition,recall,episodic,semantic,B,False,0.9827920776483735,0.017207922351626513,4.192321728856111e-44,4.192321728856111e-44
"Lizette and her family watch the sunset over the ocean. While walking home in the increasing darkness, Lizette notices that she can no longer distinguish the colors of objects. Which of the following best explains why Lizette cannot see color in dim light?","Rods, which are specialized for color vision, require more light to be activated, whereas cones, which produce images in black, white, and gray, allow for vision in dim light.","Cones, which are specialized for color vision, require more light to be activated, whereas rods, which produce images in black, white, and gray, allow for vision in dim light.","Cones, which are specialized for black and white vision, require a small amount of light to be activated, whereas rods, which produce images in color, require greater amounts of light for vision.","The receptive fields in the retina respond to the loss of light through light adaptation, the process of rapidly adjusting to a diminution of light.",B,True,0.23622278049457981,0.6856106800958818,0.04555230129844497,0.03261423811109343
"After sending a decal to display on a window and greeting cards with its logo, a charity sent the same people envelopes requesting contributions. Many people send contributions. The charity is using a technique known as",overcompensation,foot-in-the-door phenomenon,the bystander effect,proximity,B,True,0.032166015282199895,0.9678339847178002,4.728549434172173e-44,4.728549434172173e-44
"A piano teacher is helping a student learn a new piece. At first, she praises the student for playing correct notes. After the student begins to show proficiency with the notes, the teacher only praises the student when he adds the proper dynamics and interpretation to the segments he plays. The teacher's method of instruction is an example of which of the following types of training techniques?",Negative reinforcement,Negative punishment,Shaping,Chaining,C,True,0.04283618979094843,0.038152962212217194,0.8420342001476991,0.07697664784913519
"According to the Gestalt theory of perception, being able to identify a three-sided object as being a triangle, even though it is partially blocked from view is an example of",proximity,similarity,closure,continuity,C,True,0.04008980093948787,0.04264002052876487,0.5603831584613396,0.3568870200704077
Which of the following would a researcher need to use to determine if the difference between the mean scores of experimental and control groups was significant?,descriptive statistics,inferential statistics,field experiment,standard deviation,B,True,4.044429376617842e-44,1.0,4.044429376617842e-44,4.044429376617842e-44
What makes the psychoanalytic perspective different from the other psychological perspectives?,Psychoanalysts focus on the unconscious mind.,Psychoanalysis relies on the scientific method.,"The process of psychoanalysis takes a long time and is focused on individuals, not groups.",The research psychoanalysis is based on primarily involves people with psychological disorders.,A,True,0.9456456881145308,4.216053600606064e-44,0.03576117157805872,0.01859314030741052
The driver of a car that has pulled up next to you at a red light turns up the volume on her radio. The increase in perceived sound that you experience is primarily due to,neurons firing more intensely,increased secretions by the pituitary gland,changing frequency of sound waves,more neurons firing more frequently,D,False,0.023596473267340518,0.016605438514139714,0.623449104475486,0.3363489837430336
"A comprehensive final examination in AP Psychology that consists of questions dealing solely with motivation and emotion, social psychology, and the biological basis of behavior units lacks",content validity,predictive validity,test–retest reliability,alternate-forms reliability,A,True,0.778320859509463,0.0849324687121878,0.06368194949396468,0.07306472228438474
Menarche occurs at about age,12 in males only,12 in females only,12 in both sexes,12 in females and 14 in males,B,False,0.019320224820039904,0.38775335921224613,0.18003561012739044,0.41289080584032345
Milgram's obedience study was criticized based on what ethical grounds?,lack of informed consent,nonrandom sampling procedures,violation of anonymity,risk of psychological harm,D,True,0.048650927375792234,4.0688906038899985e-44,0.011583652890664748,0.939765419733543
Which coefficient indicates the strongest correlation?,-1,-0.33,0,0.5,A,False,0.23761061880325143,0.20773820941834847,0.12315420611921384,0.4314969656591862
Which part of the brain is the newest in an evolutionary sense?,pons,cerebral cortex,forebrain,reticular formation,B,True,4.294592006227251e-44,0.8200267940858016,0.14559794846331775,0.03437525745088056
Why might a researcher use a variable ratio of reinforcement rather than a fixed ratio?,Fixed ratio schedules of reinforcements are more time intensive.,Variable ratio schedules of reinforcements produce results more quickly.,Variable ratio schedules of reinforcements avoid problems such as generalization and the Premack principle.,Variable ratio schedules of reinforcement are more resistant to extinction than fixed schedules.,D,True,0.014142556557016763,0.11354259436942804,0.0247114833193156,0.8476033657542396
A medication prescribed by a psychiatrist for major depressive disorder would most likely influence the balance of which of the following neurotransmitters?,serotonin,dopamine,acetylcholine,thorazine,A,True,1.0,4.1041392669635404e-44,4.1041392669635404e-44,4.1041392669635404e-44
"Today, it is unlikely that a psychologist could condition a baby to fear a rat and other small animals in a research study at a university because",no parent would permit a child to participate in such a study,the study violates ethical guidelines,babies are too young to fear small animals,conditioning experiments are no longer done,B,True,0.034355432078483704,0.9351266225225113,0.012367920269106786,0.01815002512989818
"Carl Jung's concept of a repository of ideas, feelings, and symbols shared by all humans and passed genetically from one generation to another is known as Jung's theory of the",cultural subconscious,general awareness,heritability coefficients,collective unconscious,D,True,0.02199307241257525,4.1674766226640206e-44,4.1674766226640206e-44,0.9780069275874248
Which of the following is often true of memory recall?,People are more likely to recall information that is congruent with their prior schemas.,People will not recall information unless it is stored in working memory.,People have no ability to recall information that has been extinguished.,People will recall nonsense syllables more rapidly than they will sets of numbers.,A,True,0.9888233911090569,4.0143426691828063e-44,4.0143426691828063e-44,0.011176608890943207
Which of the following kinds of therapies would most likely be used by a somatic therapist?,counterconditioning,systematic desensitization,rational emotive behavior therapies,chemotherapy,D,True,0.2603206421301825,0.10826194531915831,0.08080771229464556,0.5506097002560137
Which two competing theories explain the effects of hypnosis?,manifest content and latent content,role theory and dissociation theory,circadian rhythm and paradoxical sleep,conscious level and nonconscious level,B,True,4.1350505697888985e-44,0.9858360819938788,4.1350505697888985e-44,0.014163918006121174
"A major advantage of standardized normreferenced assessment, as compared with curriculum-based assessment, is that standardized norm-referenced tests",are more tailored to the specific curriculum,provide a greater capacity to evaluate students in terms of large groups of grade-level peers,yield more information on whether students have mastered units that are prerequisites for future work,provide more information on the interplay between the students' learning environment and skills,B,True,4.067980202200397e-44,0.9925690864998475,0.007430913500152513,4.067980202200397e-44
"Hunger, thirst, and sex are most closely associated with stimulation of the",pons,cerebellum,hypothalamus,temporal lobes,C,True,0.008154064593987858,4.0495685269045887e-44,0.9706965398510904,0.021149395554921725
"In response to a column printed in newspapers throughout the United States, an advice columnist received over 28,000 responses. Over 75% of respondents said that if they had it to do over again, they would not have children. The columnist concludes that most parents are sorry that they had children. For which of the following reasons is her conclusion not valid?",Her participants were not randomly assigned in her study.,The number of respondents from across the country was too small.,The study was not replicated.,Her sample may not have been representative of the population.,D,True,0.14966716783866063,0.03792882767599553,0.056392814485964546,0.7560111899993792
Hypnosis has been used effectively to diminish,alcohol abuse,chronic pain,night terrors,kinesthetic abilities,B,True,0.1036805002364314,0.8516915045533733,0.044627995210195344,4.341835435688587e-44
"Every time you buy ice cream from the Yellow Brick Road ice cream parlor, you get your over-the-rainbow card stamped. Once you purchase ten items, you get your next item free. The Yellow Brick Road ice cream parlor has you on which of the following reinforcement schedules?",Variable-ratio,Variable-interval,Fixed-ratio,Fixed-interval,C,True,0.204014196980766,0.04298133640871908,0.6021898641066635,0.1508146025038514
Donia was soaked by an unexpected cloudburst while walking to her car from the office. The fact that she failed to realize that the newspaper she was carrying would have made a great makeshift umbrella is an example of,confirmation bias,limited visualization,functional fixedness,conceptual constriction,C,True,0.05858692267669266,0.04793847937491525,0.5748836423359679,0.31859095561242423
Which of the following statistical procedures consists of systematically combining data from multiple studies focusing on the same question and using similar variables?,Analysis of variance,Analysis of difference scores,Multiple regression,Meta-analysis,D,True,4.123535356882721e-44,4.123535356882721e-44,4.123535356882721e-44,1.0
"Your little cousin watches you at the computer, and when you get up, he immediately tries to use the keyboard. His behavior in this situation can best be explained on the basis of",superstition,classical conditioning,operant aversive conditioning,modeling,D,True,0.04943097034231802,0.39563693415406004,0.013426685176407436,0.5415054103272146
Which of the following is LEAST likely to contribute to prejudice?,stereotyping,scapegoating,out-group homogeneity,superordinate goals,D,False,0.19981193198650005,0.06641587997130509,0.4388157776370758,0.294956410405119
Conflicting attitudes or behaviors that create tension within a person's mind are referred to in terms of,persuasion,general adaptation syndrome,serial position,cognitive dissonance,D,True,4.587601652590431e-44,4.587601652590431e-44,4.587601652590431e-44,1.0
A nonprofit environmental group includes a free gift of address labels in a letter asking for contributions. Which social psychological principle is the nonprofit group trying to use to increase contributions?,self-fulfilling prophecy,stable attribution,compliance strategy,fundamental attribution error,C,True,4.424923056811706e-44,4.424923056811706e-44,0.897769090098574,0.10223090990142594
Stephen is going through his second divorce. He thinks that no woman will ever love him again. His therapist points out to Stephen that his thinking is irrational and faulty. Which of the following therapies is the therapist employing?,psychoanalysis,systematic desensitization,flooding,rational emotive,D,True,4.391036242644712e-44,4.391036242644712e-44,0.010341026436121774,0.9896589735638783
A classically conditioned response can best be eliminated by presentation of,the unconditioned stimulus without the conditioned stimulus,the conditioned stimulus without the unconditioned stimulus,a neutral stimulus,conditioned stimulus a few seconds before the unconditioned stimulus,B,False,0.5325347909647993,0.1308596834700517,0.22204095139293192,0.11456457417221702
The focus of structuralists most closely matches the current perspective of,psychoanalysts,behaviorists,cognitivists,humanists,C,True,0.01946647716132087,0.1316767777411094,0.8107787992170484,0.03807794588052145
"Curtis stares at an image of a yellow star for a full minute. When he moves his gaze to a blank piece of white paper, he is likely to see an afterimage that is",green,yellow,red,blue,D,False,0.5976434079098127,0.09652469074356301,0.1227180243007671,0.1831138770458572
"In a cartoon, an angel is perched on one shoulder and a devil is perched on the other shoulder of a character who needs to decide whether to give money to a homeless man or not. The devil says, ""Don't give him anything, you'll make better use of the money than he will."" The angel says, ""Give him the money because he needs it more than you do."" The character gives the homeless man half of his money. In a Freudian interpretation, the angel represents the character's",libido,id,ego,superego,D,True,0.01514282055650827,0.07994165283182646,0.07118265854378951,0.8337328680678758
"In schools characterized by high student achievement and family involvement, schoolcommunity partnerships",provide additional opportunities for students to maximize their learning,are not an important factor for students to be successful,reduce the amount of success students achieve,take up too much of the school's and the community's time,A,True,0.9959153244828487,3.999628593352257e-44,3.999628593352257e-44,0.00408467551715123
"Because Al doesn't care how well he does at school but does care about having enough money to pay for a car, Al's mother gives him money for every ""A"" and ""B"" he earns on school tests and projects. For which of the following theories is the mother's behavior an exemplary application?",Cannon-Bard,instinct,drive reduction,incentive,D,True,4.0967684183056173e-44,0.007903051569525768,0.008427071821279613,0.9836698766091946
The method of loci is a memory aid that employs which of the following?,Semantic encoding,Visual imagery,Auditory cues,Echoic memory,B,True,4.3043358920138243e-44,0.9034648805994465,0.08005954328453012,0.016475576116023235
Which of the following is the best example of an attribute that is culturally-based rather than primarily psychologically-based?,Caring for one's children,Arriving on time for work,Having the desire to reproduce,Seeking food and water,B,True,0.22147214602094706,0.48743928055816105,0.2206901386196904,0.07039843480120145
Complete the following example using deductive reasoning: All students who attend the Peddie School study Latin. Some students who study Latin also study calculus. Jerome is a student at the Peddie School. It can therefore be determined that,Jerome studies calculus,Jerome studies Latin,Jerome studies both calculus and Latin,Jerome studies either calculus or Latin,B,False,0.16759055381827317,0.14114154117546343,0.44657878056745476,0.2446891244388086
"Of the following, which is characteristic of formal operational thinking?",simple motor responses to sensory stimuli,failure to understand reversibility,"capacity to deal well with concrete objects, but not with hypothetical situations",logical reasoning and systematic planning,D,True,4.153226421624451e-44,0.040069488941424994,0.01137803759403955,0.9485524734645354
"Amy's therapist shakes her head affirmatively and says, ""Yes, uh huh,"" as Amy talks about her problems. Which of the following treatments did she experience?",psychoanalysis,behavior therapy,humanistic therapy,cognitive therapy,C,False,0.22776373645640474,0.6024933982663914,0.09082777655935692,0.078915088717847
Emily scored at the 65th percentile on a standardized achievement test. This indicates which of the following? Her score was,above average,average,below average,just passing,A,True,0.5932264308957972,0.19135643977556957,0.19906330022707852,0.016353829101554702
"In the ""cocktail party phenomenon,"" an individual can focus on one conversation and filter out all the surrounding stimuli. This is an example of",sensory adaptation,selective attention,just noticeable difference,continuity,B,True,4.057142677111894e-44,1.0,4.057142677111894e-44,4.057142677111894e-44
Albert Bandura and the social-cognitive personality theorists believe that personality results from the interaction of which factors?,"genetics, the unconscious, and social","id, ego, and superego","rewards, punishments, and reinforcements","traits, the environment, and behavior",D,True,0.11987207599719198,0.013194828081516344,0.14488222062645525,0.7220508752948364
What part of Phineas Gage's brain was damaged by his accident while laying the railroad track?,corpus callosum,temporal lobe,medulla oblongata,prefrontal cortex,D,True,0.022550966623185547,0.013875821024283344,4.214709394641935e-44,0.9635732123525311
"Janice often has feelings of hostility and contempt for her husband of forty years. However, instead of expressing these feelings, Janice goes overboard to dote on her husband. Janice is using which of the following defense mechanisms?",Rational philosophy,Reaction formation,Repression,Sublimation,B,True,4.1995796414986693e-44,0.9803923141972255,4.1995796414986693e-44,0.01960768580277444
"""Mommy gived me a cookie"" best illustrates a basic understanding of",phonemes,prelinguistic speech,holophrases,grammar,D,False,0.05294281276049075,0.36721563120765727,0.4979973653200252,0.08184419071182668
"A child is frightened by the sudden barking of a neighbor's dog. Once her mother picks her up, the child begins to calm down as which of the following biological processes occurs?",The parasympathetic nervous system resumes control and reverses the sympathetic responses.,The sympathetic nervous system resumes control and reverses the parasympathetic responses.,The autonomic nervous system resumes control and reverses the peripheral responses.,The peripheral nervous system resumes control and reverses the autonomic responses.,A,True,0.8699089851987138,0.055076547561698184,4.3764364800604357e-44,0.0750144672395879
"Because Jake, the team's starting, star center, is late to basketball practice, Coach Peterson sits him out for the first quarter of the next game. Jake is on time for the rest of the season. Coach Peterson has used",positive punishment.,negative reinforcement.,modeling.,omission training.,D,False,0.4902667609518578,0.10010281252437747,0.024570420065578573,0.3850600064581863
"When Jared saw shadows of people on the walls of his bedroom, his blood pressure increased and his breathing rate sped up. These physical reactions were most directly regulated by his",sensorimotor system,somatic nervous system,sympathetic nervous system,pineal gland,C,True,0.011703997409318396,0.020697519090076215,0.9525386202448456,0.015059863255759802
Which sentence most accurately describes how neurons communicate?,Neurons communicate through physical contact between dendrites of one cell and the next cell.,"Electricity passes between neurons, which carries messages between one neuron and another.","Chemicals travel from one neuron to another, influencing whether a neuron will fire or not.",Neurons send messages up the spinal cord to the cerebral cortex through neural reflexes.,C,True,0.015631142879978216,0.04839953289179739,0.9359693242282244,4.2864538187807075e-44
Which of the following is an example of a person who suffers from anterograde amnesia?,A six-year-old child who can't remember events related to her second birthday party,A twenty-year-old woman who can't remember the details of a traumatic event that occurred six months ago,A thirty-six-year-old man who experiences damage to his hippocampus and can't transfer information into his long-term memory,A fifteen-year-old boy who fell off his bicycle without his helmet and can't remember the events right before his accident,C,True,0.06977449733190744,0.06938352693354943,0.8133853441236281,0.04745663161091508
"Stella remembered the order of the planets from the Sun by recalling the sentence, ""My very educated mother just served us noodles."" For Stella, this sentence is a",chunking strategy,mnemonic device,peg system,acoustic encoding sequence,B,True,0.15842239462136576,0.7919654756968794,0.015781379771280652,0.03383074991047425
"Tina is a very good student: Her grades are high, she is involved in extracurricular activities, and typically she excels at anything she tries. Therefore, when she caused an accident her second day of driver's ed., her instructor was shocked. The instructor's disbelief is most probably a result of",modeling,accommodation,a halo effect,convergence,C,True,0.12530947224295014,0.028863731903075868,0.7816389127903072,0.06418788306366684
An individual with brain lesions in the hippocampus will most likely experience impairment to her,emotional regulation,motor coordination,speech production,learning,D,True,0.0296701844002582,4.1028853170904925e-44,0.01738742683485064,0.9529423887648912
"Mr. Maji gives a test to his class of 25 students. All but three students score between 82 and 94. The other three students score 47, 55, and 62. These scores are potential",modes.,skewers.,outliers.,variances.,C,True,0.18572735493778383,0.021109056463193897,0.7594869538952468,0.03367663470377531
"A group of participants in a sleep study are to be deprived of sleep for four days. After their second sleepless night, participants may begin reporting which of the following?",Hunger,Thirst,Lack of coordination,Hallucinations,D,True,0.015804316296268474,0.019339508693038014,0.011092199195027646,0.953763975815666
Which of the following models of personality is the least deterministic?,humanistic,biological,evolutionary,behaviorist,A,False,0.3366523087341965,0.13440617512896472,0.16436174697831157,0.3645797691585273
"The study of cognitive, behavioral, and social changes across the life span are most directly studied by which of the following?",Psychometricians,Occupational psychologists,Developmental psychologists,Social psychologists,C,True,4.013836740562143e-44,4.013836740562143e-44,0.985528853588489,0.014471146411511074
For which of the following disorders might a psychiatrist prescribe a selective serotonin reuptake inhibitor such as Prozac or Paxil?,manic,depressive,dissociative identity,conversion,B,True,0.01345821833409421,0.9865417816659057,4.0675919291741966e-44,4.0675919291741966e-44
Approximately what percentage of participants in Milgram's obedience experiments thought they delivered the maximum amount of shock possible?,0,20,40,60,D,False,0.16442442778585328,0.24365053354528707,0.3799531513082793,0.21197188736058042
A psychologist focusing on whether development occurs in stages is most interested in which of the following controversies?,nature versus nurture,continuity versus discontinuity,stability versus change,subjectivity versus objectivity,A,False,0.00579700884324472,0.9781235603128825,0.016079430843872665,3.9869649631933337e-44
"When a person experiences a discrepancy between an attitude and a behavior, the person experiences",cognitive dissonance,dissociation,behavioral dysfunction,metacognition,A,True,1.0,5.003280972526941e-44,5.003280972526941e-44,5.003280972526941e-44
Which of the following disorders responds best to cognitive behavioral therapy?,disorganized schizophrenia,bipolar disorder,dissociative identity disorder,major depressive disorder,D,True,0.16854579269660366,0.23139821009468653,0.08895453349711484,0.5111014637115949
The president of a company brought in an outside consultant to disagree with him about an important decision to be discussed at a meeting of his top level executives in order to avoid,the bystander effect,groupthink,social loafing,the mere exposure effect,B,True,4.1166019010267346e-44,1.0,4.1166019010267346e-44,4.1166019010267346e-44
Mary Ainsworth placed babies into a strange situation and observed the babies' reactions when the parents left and then returned. What developmental concept was Ainsworth studying?,parenting style,motor development,infant reflexes,attachment,D,True,0.005876115014197314,4.838071275107397e-44,4.838071275107397e-44,0.9941238849858028
"According to the Law of Effect, behaviors followed by negative consequences",occur more frequently,occur less frequently,will never be performed again,will be performed more forcefully,B,True,0.026405620862791024,0.8265603050434471,0.10939106336648835,0.03764301072727334
"Most mnemonic devices (like learning the notes on the staff by memorizing the sentence ""Every Good Boy Does Fine"" and using the first letter of each word) are examples of which memory enhancement technique?",semantic encoding,potentiation,recognition,chunking,D,True,0.020055023786669676,0.013479430883838666,0.018635314046409796,0.9478302312830817
Iconic memory refers to,visual sensory registries,olfactory sensory registries,frontal sensory registries,STM sensory registries,A,True,0.944496439742864,4.0586738414898523e-44,4.0586738414898523e-44,0.05550356025713588
"According to Jean Piaget, egocentrism, animism, and trial-and-error learning are characteristic of the stage of development known as",preoperational,sensorimotor,concrete operational,adolescence,A,True,0.8404504254820179,0.13776459550983794,0.011712212477697216,0.010072766530447126
Which of the following is most likely to lead to a constructed memory?,brain injury,serial position effect,leading questions,proactive interference,C,True,0.03423820756157582,4.153913963044356e-44,0.9230666394495552,0.042695152988868786
"As an experiment, a group of newborn kittens was allowed to see through only one eye at a time. Each day one of the eyes would be covered, switching between the two eyes on subsequent days. Which of the following best describes the visual limitations experienced by these cats as adults?",They were unable to make use of interposition depth perception.,They were unable to maintain perceptual constancy.,They were unable to distinguish left from right monocular cues.,They were unable to use binocular cues for depth perception.,D,True,0.1374902312879873,0.07177129244310881,0.04297209147030633,0.7477663847985975
"Blinking, sneezing, flinching, and coughing are examples of the type of behavior called",instinct,reflex,habit,thought,B,True,0.053871636282341935,0.9461283637176581,4.696475452320889e-44,4.696475452320889e-44
Which of the following refers to the benefit of having an emotional release to reduce aggressive tendencies?,James-Lange theory of emotion,Counterconditioning,Catharsis hypothesis,Transference,C,True,4.1583396696756745e-44,4.1583396696756745e-44,1.0,4.1583396696756745e-44
A projective test with ambiguous pictures that are frequently used to assess achievement motivation is the,Thematic Apperception Test,Rorschach inkblot test,WAIS-R,MMPI-2,A,False,0.057609471420708165,0.9207956088659272,4.058813953790258e-44,0.021594919713364726
Which of the following is an example of an implicit memory?,describing the taste of the cake at your last birthday party,remembering how to tie a tie,recalling the name of your junior high school shop teacher,recognizing a celebrity,B,True,0.2660276916753404,0.3548340116832208,0.0640845629561514,0.3150537336852874
Which of the following is not one of the stages in the development of language that children of virtually every culture go through?,Babbling,Holophrastic speech,Telegraphic speech,Introductive speech,D,True,0.04437861742563888,0.05491181659744246,0.09366942830591717,0.8070401376710016
"Madison is a fifth grader who tries to listen to the teacher, but has difficulty focusing. She looks around the classroom while the teacher is talking and then does not know what to do when others are starting their assignments. Her symptoms are characteristic of which of the following?",panic disorder,post-traumatic stress disorder,attention deficit hyperactivity disorder,bipolar disorder,C,True,4.146296593541417e-44,4.146296593541417e-44,0.990479982034119,0.009520017965881079
"In the three-box information processing model, what is the first place memories are stored?",short-term memory,eidetic memory,semantic memory,sensory memory,D,True,0.12166657790707003,4.1058958302221614e-44,0.01822071503153611,0.860112707061394
What kind of personality theorist would be most interested in the results of the MMPI?,psychoanalytic,humanistic,behaviorist,trait,D,True,0.02264159508354084,0.017066159140489024,0.00886151023114063,0.9514307355448294
Which neurotransmitter is most closely associated with both Parkinson's disease and schizophrenia?,acetylcholine,dopamine,serotonin,endorphins,B,True,4.1593457810184266e-44,0.9908154044405874,4.1593457810184266e-44,0.009184595559412635
What kinds of factors are ignored or de-emphasized when people commit the fundamental attribution error?,dispositional,situational,social,cognitive,B,True,0.22297207199781016,0.65316006773605,0.10241560831481238,0.021452251951327432
Anorexia nervosa is a life-threatening illness that can lead to permanent physiological changes (such as brittle bones) and even death. Which of the following individuals would be the most likely to develop this illness?,"Maria, a 16-year-old Caucasian female, who is an A student and talented musician, but who feels that her life is out of control","Leticia, a 15-year-old African American female, who is an A student and exceptional athlete, plus an avid reader","Rosa, a 26-year old Hispanic female, who has just received her law degree, is struggling with debt from school, and having difficulty finding employment","Virginia, a 14-year-old Caucasian female, who is a C student, is sexually promiscuous, and is experimenting with drugs",A,True,0.9623882282846618,0.019944206356449896,5.63007636339177e-44,0.017667565358888308
Ben thinks students will answer questions printed on yellow paper more quickly than those printed on blue paper. All study participants will take three tests with 35 multiple-choice questions each. The independent variable in Ben's experiment is,the color of the paper,the number of questions answered correctly,how long it takes students to answer questions,the total number of questions answered,A,True,1.0,4.213849421114604e-44,4.213849421114604e-44,4.213849421114604e-44
Which of the following is generally considered a disadvantage of longitudinal developmental research?,I only,II only,III only,I and II only,D,True,0.1808635799363193,0.16167976911870238,0.16423400081156894,0.49322265013340927
Dieters often have difficulty losing additional weight after reaching a specific plateau because their bodies function at a lowered metabolic rate according to,VMH theory,opponent process theory,set point theory,the law of effect,C,True,0.01461278307440695,0.01429073319213911,0.971096483733454,4.155950287063898e-44
Delia was accepted to both Harvard University and Yale University and is having difficulty choosing which school to attend. With which of the following conflicts is she faced?,frustration-aggression,intrinsic-extrinsic,approach-avoidance,approach-approach,D,False,4.2942174250719806e-44,0.03548362491423279,0.6080777305184702,0.356438644567297
All of the following are positive symptoms of schizophrenia EXCEPT,auditory hallucinations,visual hallucinations,paranoid delusions,flat affect,D,True,0.04287398449934364,0.045781753660964965,0.035756612606842327,0.875587649232849
"The decision in Tarasoff v. Regents of the University of California (1974, 1976) established which of the following principles regarding confidentiality in counseling relationships?",Duty to warn and protect,Responsibility to maintain privacy,Need to obtain informed consent,Need to maintain accurate records,A,True,1.0,4.759833324352884e-44,4.759833324352884e-44,4.759833324352884e-44
"A person suffering from a skin rash finds her pain is temporarily relieved by vigorous scratching. She does not perceive the pain from the rash while she is scratching, but the pain returns soon after she stops scratching. Which concept best explains this temporary pain relief?",opponent-process theory,amplitude and frequency theories,transduction theory,gate-control theory,D,True,0.08678629178184352,4.1985876426206795e-44,0.018509830705134758,0.8947038775130216
Which of the following accurately summarizes a depressed person's view according to Aaron Beck's negative triad theory?,"Depressed individuals cope with the three primary stresses—change, death, and monetary instability—through withdrawal.","Depressed individuals believe that when they are in a group, at least three individuals will view them negatively.","Depressed individuals hold a negative view of themselves, the world, and their futures.","Depressed individuals view the world in three stages—separation anxiety, development of an external locus of control, and failure to achieve.",C,True,0.011464575825213312,4.32439709651276e-44,0.9885354241747867,4.32439709651276e-44
Use of brainstorming to solve a problem best encourages which of the following?,divergent thinking,convergent thinking,deductive reasoning,groupthink,A,True,0.9314013436918059,0.037730064111971155,4.2345105379124985e-44,0.03086859219622308
"Shannon forgot her pillow when she went camping, so she complained about having to sleep with her head flat on the ground the whole night. Her failure to fold up her jeans and sweater to use as a pillow-substitute best illustrates the effects of",the availability heuristic,functional fixedness,confirmation bias,the representativeness heuristic,B,True,0.16598568143220985,0.6335289062778426,0.053375835680501714,0.1471095766094457
Which of the following is NOT an anxiety disorder?,panic disorder,hypochondriasis,agoraphobia,post-traumatic stress disorder,B,True,4.4670669961991283e-44,0.9352995455293602,0.047122986946091155,0.01757746752454865
Which of the following statements is true about the relationship between reliability and validity?,"Reliability and validity are mutually exclusive: a test can be reliable or valid, but it can't be both.","If a test is reliable, then it is valid, but if a test is not reliable, it cannot be valid.","Validity is a concept related to achievement tests, and reliability is the corresponding concept related to aptitude tests.",A test can be reliable but not valid.,D,True,0.14739958233291311,0.20311212088274827,0.01871148387228234,0.6307768129120561
Which of the following structures in the eye is most specifically responsible for color vision?,rods,optic nerve,cornea,cones,D,True,0.0032426153427178818,3.87290364465998e-44,0.005233277258709223,0.9915241073985728
Neural transmission is often described as an electrochemical process. Which of the following is most directly involved in the electrical aspect?,the synapse,terminal buttons,hormones,myelin,D,True,0.1081607384188885,0.07564192851016487,0.010968228105064,0.8052291049658826
Which of the following LEAST influences sexual behavior?,hypothalamus,pituitary,gonads,reticular formation,D,True,0.1147014980625093,0.02242915521731973,0.037022546234557106,0.8258468004856139
Which of the following is not considered a primary facial expression?,surprise,disgust,anger,love,A,False,0.07142928933303981,0.7237208342528122,0.04354508333799108,0.16130479307615683
"When a child is enrolled in elementary school, the parents are frequently involved in the child's education as partners, collaborators, and problem solvers. During middle and high school, the parents are more typically described as",partners,collaborators,supporters,audience,D,False,0.014362247132853475,0.15448738414004004,0.5911120343994707,0.24003833432763572
"Carlotta is a well-adjusted, socially competent adolescent. Which of the following most likely represents her family's parenting style?",Minimal supervision,Permissive,Authoritarian,Authoritative,D,True,4.071794787078712e-44,0.017850813280525145,0.019210376372566278,0.9629388103469084
"Max was typically out of control whenever he attended preschool. Teachers tried time-outs and other punishments to no avail. His parents and the school decided to work with Max by giving him a sticker each time he behaved for a full hour. Once he accumulated ten stickers, he could present them to his parents who would give him a reward. The method the school and parents chose to employ is referred to as",negative reinforcement,a token economy,a point value system,negative punishment,B,True,0.02464697277589928,0.9753530272241007,4.162113080793834e-44,4.162113080793834e-44
Which technique controls for both experimenter and subject bias?,demand characteristics,double blind study,single blind study,Hawthorne effect,B,True,0.07099631739282114,0.7783062139907265,0.15069746861645242,4.737715799635073e-44
The staggering and slurred speech of a person who has consumed too much alcohol is most likely the result of altered functioning in the,limbic system,thalamus,sensorimotor cortex,cerebellum,D,True,0.06877872885927101,0.04121447887312749,0.0281583074177091,0.8618484848498923
The field of psychology arose out of which of the following?,Biochemistry,Physics,Philosophy,Cross-cultural anthropology,C,True,4.2152327148752095e-44,4.2152327148752095e-44,0.9930202814871099,0.006979718512890029
Which of the following is an example of imprinting?,A mother eagle will fly under her young while they are learning to fly in case they begin to fall.,"A newborn gosling will ""attach"" to the first moving object it sees, usually its mother.",An infant who is left by its primary caregivers for significant periods of time develops an indifference to their presence.,A mother cat teaches her kittens how to clean themselves.,B,True,0.02315820215352635,0.9768417978464737,4.1974589707102354e-44,4.1974589707102354e-44
For which of the following would drive-reduction theories not provide a reasonable explanation?,"In the middle of his five-mile race, Jerome grabs water from the water station to quench his thirst.",Ernest gobbles a few cookies on his way to class because he did not have time for lunch.,Tish decides to skip lunch because she is still full from eating a very large breakfast.,Kezia is very full after eating dinner but decides to order the strawberry cheesecake anyway.,D,False,0.11744515301897326,0.08756512846366934,0.5921311880619059,0.20285853045545166
Dr. Scarlett conducted experiments in which she electrically stimulated parts of a cat's brain. A cat that became terrified in the presence of a mouse was most likely stimulated in the,limbic system,thalamus,medulla,cerebellum,A,True,0.9911084145585372,4.0371943635500846e-44,4.0371943635500846e-44,0.00889158544146282
Which of the following illustrates why most people can detect the difference between Coke and Pepsi most of the time?,Subliminal perception,Absolute threshold,Signal detection theory,Difference threshold,D,True,0.027076758184718892,0.1705627268279031,0.09555948454038238,0.7068010304469956
A clinical psychologist who is working with an aggressive child seeks to understand the child's behavior in light of the dynamics of the entire family. Which of the following best identifies the approach the psychologist has chosen?,Cognitive social approach,Behavioral approach,Psychoanalytic approach,Systems approach,D,True,4.026210915933566e-44,0.01005893104977176,0.01917757258115634,0.9707634963690718
Why can experiments determine causal relationships when no other research method can?,Experiments are more precise than the other research methods.,Experiments isolate the effects of independent variables on dependent variables.,Experiments typically involve more participants than other research methods do.,"Experiments take place in more realistic, real-life settings.",B,True,3.9744036581346755e-44,0.9945245273486777,0.005475472651322202,3.9744036581346755e-44
What type of psychologist would assert that a key motivation for people is the desire to spread their genetic material?,cognitive,evolutionary,humanistic,psychodynamic,B,True,4.288806082409692e-44,1.0,4.288806082409692e-44,4.288806082409692e-44
"In a team tug of war, Ty did not pull as hard as he would have if he were pulling alone against one competitor. His behavior exemplifies",deindividuation,groupthink,social loafing,bystander effect,C,True,0.010422650658526376,4.0763305084709686e-44,0.9667998133715331,0.022777535969940425
What is the major difference between classical and operant conditioning?,Operant conditioning was established well before classical conditioning.,"Classical conditioning involves pairing stimuli, and operant conditioning involves pairing a response with a stimulus.","Operant conditioning is used to train organisms to perform specific acts, and classical conditioning is used to get organisms to stop performing specific acts.",Classical conditioning is more difficult to use but more effective than operant conditioning.,B,True,4.4474935119034715e-44,1.0,4.4474935119034715e-44,4.4474935119034715e-44
"A listener-sponsored radio station wants to estimate the amount of money the typical supporter contributes during a fund-drive. In a sample of 30 supporters, it was discovered that 22 of them gave $60, six of them gave $1,000, and two of them gave $10,000. Based on this sample, which of the following measures of central tendency would provide the most useful information to the radio station?",Median,Mode,Histogram,ANOVA,B,False,0.7552787454216662,0.16409194982064046,0.03741874343878097,0.043210561318912426
"Young Tina had never seen the space shuttle until her parents pointed out a picture of it ready to launch. When she next saw a picture of it flying, she had difficulty recognizing it. Which concept best explains this problem?",autokinetic effect,dishabituation,summation,shape constancy,D,True,0.029826775469718556,0.06103445835768621,0.021887972735270468,0.8872507934373248
"Dr. Ramchandran found that his patients who brushed their teeth after lunch had 1/20 the number of cavities in their teeth as those who didn't. After interviewing the dentist, a local newswriter reports that brushing teeth after lunch prevents cavities. Based on the dentist's research, which of the following statements is true?","If at least 100 patients were studied, the writer's statement is justified.","If a minimum of 500 patients were studied, the writer's statement is justified.",At least 100 of the patients needed to have brushed their teeth after lunch for the writer's statement to be justified.,"No matter how many participants, the writer's statement is not justified.",D,True,0.20276970126400673,0.16817976860120118,0.23373286449400293,0.3953176656407892
Which of the following terms refers to the body's tendency to maintain a relatively constant state that permits cells to live and function?,Perceptual constancy,Set point,Homeostasis,Kinesthesia,C,True,4.72094050525772e-44,0.045884286966844136,0.9541157130331558,4.72094050525772e-44
"Joey, a 25-year-old convict, has a history of conduct disorder in elementary school and bullying in junior high. By high school, he was mugging peers and taking whatever he wanted from elderly shoppers without caring if he hurt anyone. Joey would most likely be diagnosed with",antisocial personality disorder,dissociative identity disorder,paranoid schizophrenia,somatoform disorder,A,True,0.9917592649799735,4.095338411897735e-44,4.095338411897735e-44,0.008240735020026589
"An ""A+"" course grade is which kind of reinforcer?",primary,secondary,continuous,partial,B,True,0.03612115152013819,0.47834204334483743,0.05068125449706824,0.4348555506379562
Which of the following explanations of why a 17-year-old drives his car at or below the speed limit best illustrates Kohlberg's conventional level of morality?,"""I don't want to get any tickets.""","""It's the law.""","""I want my parents to approve of my driving.""","""I don't want to crash my car.""",B,True,0.10558547925738783,0.7279021972864238,0.11938596581171951,0.047126357644468805
The obsessive fear of being in places or situations from which escape might be difficult is known as,claustrophobia,arachnophobia,social phobia,agoraphobia,D,True,0.017737217576683655,4.1046083599158744e-44,0.01660283593076244,0.9656599464925539
Which of the following psychologists would most likely agree with the following statement: Behavior is a result of the combination of reinforcers and punishers?,William James,Wilhelm Wundt,B. F. Skinner,Carl Rogers,C,True,4.0048173185161526e-44,0.04647188719770469,0.9438249960034113,0.00970311679888393
Free association and dream interpretation frequently characterize which of the following treatments?,psychoanalysis,behavior therapy,humanistic therapy,cognitive therapy,A,True,1.0,4.260753837296254e-44,4.260753837296254e-44,4.260753837296254e-44
"Which is likely to increase as a normal, healthy individual ages from 25 to 75 years of age?",visual acuity,crystallized intelligence,ability to reason speedily,fluid intelligence,B,True,0.06778316667355837,0.49870590086119143,4.1693306099144974e-44,0.43351093246525013
"A doctor who smokes cigarettes knows that it is unhealthy, but thinks that he can keep smoking, since he eats healthily. Which concept best explains this thought process?",reaction formation,affective retraining,cognitive dissonance,obsessive compulsion,C,True,5.069843220580252e-44,5.069843220580252e-44,0.9663627500819889,0.03363724991801111
"According to trait theorists, such as Hans Eysenck, the basis for personality is",conflicting sources of psychic energy,the distinctive human ability to act purposefully and to shape our own destiny,"the interactions between thought and the environment, which influence behavior","stable sources of individual differences that characterize an individual, based on an interaction of nature and nurture",D,True,0.012809576502977187,0.016420613322443663,3.995611237901686e-44,0.9707698101745791
"Tony got accepted to the college he wants to attend, is going to the prom with a girl he really admires, and was hired for the summer job he sought. He has high",self-efficacy,self-doubt,self-handicapping,introversion,A,True,0.9913325225192449,4.094879182492491e-44,0.008667477480755139,4.094879182492491e-44
"At the outset of a study on eating habits, a researcher asks participants a variety of questions, including whether they typically eat breakfast. Whether or not a person eats breakfast is a(n)",categorical variable,continuous variable,dependent variable,independent variable,A,True,0.9767598347094928,4.003460353212006e-44,0.007500331823476744,0.015739833467030482
Cyan has come up with a test to identify people with the potential to be great civil rights lawyers. Such a test would be classified as a(n),speed test.,achievement test.,EQ test.,aptitude test.,D,True,0.014659456526948061,0.007324303931267298,0.005648404545420243,0.9723678349963645
An American teenager's prototype of a chair is most likely to include,a desk and/or table.,four legs and a seat.,a feeling of anxiety associated with school.,"an armchair, a chairlift, and a wheelchair.",B,True,0.11356443721062796,0.8603558687713331,4.2403262723462416e-44,0.026079694018039015
Loss of the ability to understand language results from loss of tissue in which of the following lobes?,right frontal,right temporal,right parietal,left temporal,D,True,0.04577966182195504,0.42507789201937646,0.04713660745455071,0.4820058387041178
Knowledge of different categories of trees and where they grow best is an example of what kind of long-term memory?,episodic memory,semantic memory,procedural memory,eidetic memory,B,True,0.03630148873141774,0.8831901142138412,0.05560643613131713,0.02490196092342394
Which of the following most accurately describes the firing of a neuron?,It occurs gradually as the neuron reaches hyperpolarization.,"It has an all-or-none quality: it either happens, or it does not.",Its strength diminishes as it travels along the soma.,It occurs only in the post-synaptic neuron.,B,True,4.1246528214102566e-44,1.0,4.1246528214102566e-44,4.1246528214102566e-44
"A participant in a single-trial free-recall task is presented with a list of words, one at a time, in the following order: house, flower, dog, table, license, water, computer, salad. In accord with the serial position curve, which of the following words is the participant most likely to forget?",House,Computer,Flower,License,D,False,0.2846158691744354,0.14627022156632258,0.3838463505251639,0.18526755873407807
Jyoti notes the behavior of people as they wait in line for tickets to rock concerts. Which of the following research methods is she using?,naturalistic observation,survey,controlled experiment,quasi-experiment,A,True,1.0,4.193647271158879e-44,4.193647271158879e-44,4.193647271158879e-44
The superintendent of a large school district asks the school psychologist to predict students' grade point averages (GPAs) for the first year of high school. The school psychologist has included achievement and aptitude scores as predictor variables for firstyear high school GPA in a regression analysis and is considering whether to also administer a school interest inventory and include those scores. The major concern of the school psychologist when making this decision should be which of the following?,The intercorrelation of the aptitude and achievement test scores,The degree to which the school interest inventory score raises the multiple correlation when it is included as a predictor variable of first-year high school GPA,The zero-order correlation of first-year high school GPA and the school interest inventory score,The difference in the correlations of the school interest inventory scores with first-year high school GPA and the aptitude and achievement test scores with first-year high school GPA,B,False,0.1165140967364,0.33448785390552976,0.0815662250605673,0.4674318242975028
"Collective unconscious, archetypes, and individuation are personality concepts most closely associated with",Sigmund Freud,Carl Jung,B. F. Skinner,Karen Horney,B,True,0.0067462366335240736,0.9932537633664759,3.9453356236607004e-44,3.9453356236607004e-44
"According to Whorf's linguistic relativity hypothesis,",we have an innate language acquisition device,apes do not have language because they don't use proper syntax,we tend to observe and imitate models,language determines the way we think,D,True,0.005768202668002165,4.111530521046649e-44,4.111530521046649e-44,0.9942317973319978
"When a 17-year-old student is failing at school, which society would most likely hold the parents accountable?",United States of America,Canadian,Japanese,English,C,False,0.5013340668886861,0.18176191639968614,0.09176279011792753,0.22514122659370006
"In most people, the left hemisphere of the brain is dominant for",language,logic,analytical reasoning,mathematical reasoning,A,True,1.0,4.3175944709528335e-44,4.3175944709528335e-44,4.3175944709528335e-44
"Jeanette locked the front door and then checked it by turning the knob. She checked it a second time. After walking halfway down the path to the street, Jeanette went back to the door and checked to make sure that it was locked. Her behavior appears to be",psychotic,schizophrenic,obsessive,compulsive,D,True,3.998951699244723e-44,0.008608195708617369,0.4348194723367919,0.5565723319545907
"Aisha is a beautiful, black teenager. If she is typical, she most likely believes that",white teenagers are superior to black teenagers,Asian teenagers are superior to black teenagers,Hispanic teenagers are superior to black teenagers,black teenagers are superior to white teenagers,D,True,0.2145584724771056,0.06410063691704354,0.045578216779511224,0.6757626738263396
Functionalists such as William James were mainly interested in,the purpose of behavioral acts,identifying the smallest unit of behavior,the basic elements of consciousness,teaching introspection,A,True,1.0,4.114917707443782e-44,4.114917707443782e-44,4.114917707443782e-44
What kind of therapy involves both behavioral and cognitive interventions?,counterconditioning,symptom substitution,primary preventions,systematic desensitization,D,True,0.24931028172922712,0.0602311061352547,4.574901849474388e-44,0.6904586121355182
"Georgia works in the local hospital because she wishes to help others, while Kathy works in the hospital strictly to make money. Their individual motivations demonstrate the difference between",primary and secondary drives,positive and negative loci of control,sympathetic and autonomic motivation,intrinsic and extrinsic motivation,D,True,0.019688953985692273,0.015040175195643353,4.0392065729698945e-44,0.9652708708186644
Which of the following reinforcement schedules results in maintenance of behavior that is LEAST resistant to extinction?,continuous,fixed ratio,fixed interval,variable ratio,A,False,0.18423479384266245,0.10741156927451143,0.461117673575346,0.24723596330748013
"According to gate-control theory, which condition tends to close the gate?",anxiety,depression,focusing on the pain,electrical stimulation,D,False,0.04468137940641183,0.058352362523160374,0.7386950375829945,0.15827122048743322
Knowledge of different categories of trees and where they grow best is an example of what kind of long-term memory?,episodic memory,semantic memory,procedural memory,eidetic memory,B,True,0.03630148873141774,0.8831901142138412,0.05560643613131713,0.02490196092342394
Which of the following is the most reliable indicator of emotions across all cultures?,hand gestures,facial expressions,voice intonation,body posture,B,True,4.582696185635724e-44,1.0,4.582696185635724e-44,4.582696185635724e-44
"After taking AP Psychology and doing well in the class and on the exam, Donald goes to college. If Donald is interested in psychology and has high achievement motivation, as a first-year student, he is most likely to",take an introductory psychology class in which he knows that he will excel.,enroll in an upper-level graduate seminar in which he will be exposed to a lot of new information but is likely to struggle to pass.,avoid psychology classes since he has already mastered the material.,sign up for an upper-level undergraduate course in which he will have to work hard to succeed and will learn new things.,D,True,0.09801504750356423,0.08162601421665797,0.022558321287323706,0.7978006169924542
"As part of her campaign for school president, Edy personally gives out cookies that say ""Vote for Edy"" on them. Which of the following is one reason that this approach might improve Edy's chances in the election?",foot-in-the-door,mere-exposure effect,central route of persuasion,pluralistic ignorance,B,True,0.4523655935108038,0.48958210882714587,0.05805229766205028,4.370163405005055e-44
"A pencil and paper personality test that places a person in one of several personality categories (such as extrovert/introvert, etc.) is based on which personality theory?",psychodynamic,trait,biological,behaviorist,B,True,0.014815012575055,0.9792283267785141,4.0283539467677764e-44,0.005956660646430778
Some contemporary intelligence researchers like Howard Gardner and Robert Sternberg complain that schools focus too much on,nonessential subjects like art and music.,encouraging creative thought.,the environmental factors that influence the expression of intelligence.,traditional subjects and methods.,D,True,0.019457139129840005,0.03071311165314557,0.01875972065662329,0.931070028560391
The part of the neuron that directs synthesis of neurotransmitters and proteins is the,cell body,dendrite,axon,axon terminal,A,True,0.938285897599206,4.1350026948953485e-44,0.009344031221736007,0.05237007117905791
Research has shown a possible connection between the neurotransmitter acetylcholine and which of the following mental disorders?,Parkinson's disease,Alzheimer's disease,Schizophrenia,Mania,B,True,0.057326493343214074,0.9212565734844337,0.021416933172352163,4.531613656512439e-44
"Which of the following kinds of brain scans would be most useful in disproving the statement: ""Most people only use 10 percent of their brains""?",CAT,MRI,EEG,PET,D,True,0.0338362629407394,0.2691123621226952,0.03524426057543542,0.6618071143611299
"Jonathan's IQ score is in the 97th percentile. Of the following, which score is most likely his?",85,100,130,150,C,True,0.052730620114467004,0.3202857011795483,0.4211549901917715,0.20582868851421335
A doctor examining a car crash victim in order to determine whether the crash caused structural damage to the brain would use what kind of brain scan?,MRI,PET,EEG,fMRI,A,True,0.4471321634594954,0.10869632866297121,0.026474161473771816,0.4176973464037617
A famous character in a Shakespearean play keeps washing her hands to get them clean of blood that is no longer on them. The repeated washing of her hands is,a delusion,a compulsion,a hallucination,an obsession,B,True,0.006314429431225209,0.9210363471673836,4.016738332101958e-44,0.07264922340139118
The tendency of young children learning language to overuse the rules of syntax is referred to as,overconfidence,confirmation bias,overgeneralization,overjustification,C,True,4.241725553635652e-44,4.241725553635652e-44,0.9848616789951823,0.01513832100481761
The relaying of sensory information to the cerebral cortex is the primary function of the,hypothalamus,cerebellum,reticular formation,thalamus,D,True,4.0514559790773735e-44,0.009591367783715032,0.015748600509190448,0.9746600317070946
"Tired after a long, hard day at school, Cyrus decides to take a nap. An hour later, his Dad wakes him to let him know it's time for dinner. Cyrus feels worse than when he went to bed and can hardly drag himself to the table. An EEG of Cyrus right before he was awoken would most likely have shown a preponderance of",alpha waves.,beta waves.,delta waves.,sleep spindles.,C,True,0.2390728575116609,0.11257604497482031,0.5574276106976676,0.09092348681585126
"According to Adler, firstborn children are more likely than subsequent children in a family to be",sociable,funny,responsible,followers,C,True,0.11341422591936445,0.013666757610623997,0.8352171262201763,0.037701890249835245
Which term describes the phenomenon of like-minded groups taking more extreme positions than the individuals that comprise the group?,social facilitation,deindividuation,groupthink,group polarization,D,True,4.220341849417524e-44,4.220341849417524e-44,4.220341849417524e-44,1.0
Which kinds of motivations best encourage positive behaviors to persist over long periods of time?,primary drives,secondary drives,achievement motivation,intrinsic motivation,D,True,0.015115727695627716,0.019578639901169256,0.018576125315146384,0.9467295070880567
One's ability to make inferences about the behavior of a population from the behavior of a sample of that population is referred to as,reliability,external validity,internal validity,inter-rater reliability,B,False,0.04166418613893273,0.12077439658013434,0.6638495113100072,0.17371190597092565
"Of the following theories, the presence of Hilgard's ""hidden observer"" best supports",dissociation,opponent process,activation-synthesis,diathesis-stress,A,True,0.9674552353675837,4.1585521309037985e-44,0.018415259756135147,0.0141295048762811
The smallest unit of language that carries meaning is a,concept,word,phoneme,morpheme,D,True,0.015200545798140275,0.06533817238781141,0.03917997345413108,0.8802813083599171
Which of the following are included in the peripheral nervous system?,"brain, spinal cord, cranial nerves","cranial nerves, spinal nerves, autonomic ganglia","spinal cord, spinal nerves, sense organs","medulla, pons, thalamus",B,True,0.05495463255075222,0.6761144944113697,0.23428883273589415,0.03464204030198389
Receptors that respond to gravity and keep you informed of your body's location in space are located primarily in the,cochlea of the ear,macula of the eye,olfactory mucosa,muscles and joints of the skeleton,D,True,0.01910385563834971,0.025394544831955967,0.014658878319879637,0.9408427212098146
"In a study of brain development, two groups of rats were reared in a laboratory setting. In Group I, each rat was raised in isolation with no toys, while in Group II, rats were divided into small groups and given toys to play with. Which of the following statements most accurately reflects the probable findings of this study?",The rats raised in Group I will have forebrains that weigh more than those of the rats raised in Group II.,The rats raised in Group I will have forebrains that weigh less than those of the rats raised in Group II.,The brains of the rats raised in Group I will not be noticeably different from the brains of the rats raised in Group II.,"The brains of the rats raised in Group I will consist of more white matter, while the brains of the rats raised in Group II will consist of more gray matter.",B,True,0.16421535888854172,0.45591027752133495,0.12357372361771432,0.2563006399724091
Counterconditioning lies at the heart of which therapeutic approach?,flooding,systematic desensitization,REBT,token economies,B,True,4.2372830414500307e-44,1.0,4.2372830414500307e-44,4.2372830414500307e-44
"According to Abraham Maslow, esteem needs must at least be partially met before one is prompted to satisfy",belongingness needs,physiological needs,self-actualization needs,love needs,C,True,0.29690657641201135,0.0381723614611123,0.5968645968869701,0.06805646523990616
"Which of the following most accurately explains why a pool with water temperature of 82 degrees may feel cool to a person who has been sunbathing, yet warm to a person who has been inside in the air conditioning?",Sensory restriction,Perceptual constancy,Relative clarity,Sensory adaptation,D,True,0.042294656446580516,0.08934697209838798,0.01958192903497468,0.8487764424200568
Research indicates that which of the following factors most influence a person's sexual orientation?,parenting style,masculine/feminine personality traits,hormones released in the womb,sexual orientation of parents,C,True,0.019933942678963326,0.029264308717850716,0.8673619129541666,0.08343983564901915
"Although Andy wanted to cut class to get to the Yankee opener, he came to class to take a quiz and review for an exam. According to Freud, this behavior evidences a strong",egocentricity,super id,id,superego,D,True,0.0837436100154041,0.11428462753181431,0.3297505862542595,0.47222117619852205
The case study of Phineas Gage's brain injury was significant for which of the following reasons?,Gage's accident was one of the first to be treated with drugs that alter the neurotransmitters in the brain.,It was one of the first well-documented examples of a specific brain area being associated with a set of physical and emotional changes.,This accident provided psychiatrists with one of the first opportunities to treat a brain-damaged patient with psychotherapeutic techniques.,The CAT scan was used for the first time in the Phineas Gage case to document the extent of brain injury.,B,True,0.01053307900250469,0.981001085708673,0.008465835288822261,4.1465659056091393e-44
Physiological reactions to surprise or shocks are most controlled by which of the following parts of the nervous system?,somatic nervous system,sympathetic nervous system,endocrine system,serotonin system,B,True,0.00837025154054337,0.9718603455143081,0.019769402945148593,4.0079534499825527e-44
The most common somatic nervous system neurotransmitter to cause muscle contractions is,acetylcholine,dopamine,endorphins,epinephrine,A,True,1.0,4.072562473622638e-44,4.072562473622638e-44,4.072562473622638e-44
"Although Jen is a very bright four-year-old, she doesn't think her mother's sister has any sisters. This lack of understanding reflects",conservation,introspection,transposition,egocentrism,D,True,0.011379608388017081,4.254136605718658e-44,0.037095167898425964,0.951525223713557
"A 10-year-old student who was born in a non- English-speaking country has been referred as a possible candidate for special education services on the basis of low scores achieved on the school district's group achievement test. The student achieved high scores on the district's English fluency test. Of the following approaches to diagnostic assessment, the most appropriate is one that",uses an interpreter who is fluent in the language of the country in which the student was born,uses the results of at least two Englishlanguage intelligence tests,accounts for sociocultural and adaptive behavior in the process of identifying skills and abilities,includes parent interviews and classroom observations as well as the results of an intelligence test,C,True,0.1334820162113012,0.09712550991250071,0.6249488827167364,0.14444359115946165
An action potential involves the movement of,glucose into the axon,fats out of the axon terminal,molecules in the synaptic gap,sodium ions into the axon,D,True,0.03238436226617185,4.091096687795523e-44,0.015166639713894436,0.9524489980199338
"After dealing kindly with several customers who acted very rudely toward her, the clerk was impatient with her next customer. The tendency of that customer to think that the clerk is a very impatient person rather than just having a bad day exemplifies",stereotyping,the fundamental attribution error,the mere exposure effect,the reciprocity norm,B,True,0.09816664773239649,0.8572644706750153,0.019909729294900057,0.024659152297688117
Which of the following has been linked to a deficit of dopamine?,major depressive disorder,autism,Parkinson's disease,Alzheimer's disease,C,True,0.04627100247684612,0.026892465877909718,0.8163929443380418,0.11044358730720247
Albert Bandura's work evidenced that children who witnessed aggressive behavior on the part of adults would be likely to imitate the aggressive behavior later on. This phenomenon is known as,instrumental learning.,modeling.,the copycat effect.,thanatos.,B,True,4.3076627073329543e-44,1.0,4.3076627073329543e-44,4.3076627073329543e-44
"If a distribution of scores includes one or more outliers, which of the following measures of central tendency should be used?",standard deviation,range,median,mean,C,True,0.018994302192297557,0.00841947983959801,0.9473782470802733,0.02520797088783117
Probabilistic reasoning from specific observations to general propositions is known as,deductive reasoning,inductive reasoning,intuitive reasoning,statistical reasoning,B,True,4.4574582823762746e-44,1.0,4.4574582823762746e-44,4.4574582823762746e-44
Which of the following is a common way to categorize personality traits?,the Big Five,Erikson's 8 traits,Piaget's 4 stages,the Nine Defense Mechanisms,A,True,1.0,4.128884450866642e-44,4.128884450866642e-44,4.128884450866642e-44
"The more difference shown by the behavior of identical twins raised apart, the more the differences in their behavior can be attributed to their",heritability,genetic traits,mutations,environments,D,True,0.06802554723622224,0.027928412205468024,0.013270453588650017,0.8907755869696596
Piaget proposed that children develop knowledge by,constructing reality out of their own experiences,participating in traditional learning environments,responding to physiological changes,modeling various cultural influences,A,True,1.0,4.1003954559839226e-44,4.1003954559839226e-44,4.1003954559839226e-44
"Which of the following accomplishments accurately reflects why Wilhelm Wundt is sometimes referred to as the ""father of psychology?""",He founded the first psychological laboratory in the late nineteenth century.,He developed psychoanalytical theory through his work in clinical environments.,He conducted experiments throughout the nineteenth century that led to the belief that all behavior is learned.,His research demonstrated that psychology should be free from all philosophical questions.,A,True,1.0,4.047203734524822e-44,4.047203734524822e-44,4.047203734524822e-44
The fact that people's ears are located on opposite sides of their heads is most adaptive because it helps us,sense a greater range of frequencies.,gauge the intensity of a stimulus.,identify the origin of a sound.,respond to noises behind us.,C,True,4.1142390330790476e-44,4.1142390330790476e-44,0.9749397060527005,0.02506029394729947
"According to researchers Darley and Latanne, bystander intervention decreases when a large number of people witness a crime. What social psychology concept could best explain this phenomenon?",Social loafing,Prejudice,Conformity,Diffusion of responsibility,D,True,0.013747840853456568,4.1324315869691357e-44,0.010318430683549382,0.9759337284629941
Which of the following terms is most closely associated with creativity?,hypothesis testing,contextual intelligence,divergent thinking,habituation,C,True,4.059554673029421e-44,0.005798145171540439,0.9681650978810121,0.02603675694744744
"Lucille suffered a stroke last week and cannot recognize her children or grandchildren by looking at them. Of the following structures, her brain lesion is most likely in the",cerebellum,hypothalamus,amygdala,left cerebral cortex,A,False,0.03590492323576178,0.03934605137505297,0.047883291522628525,0.8768657338665568
Carlos could consistently differentiate the note middle C on the violin from middle C on the piano because of the difference in,frequency,primary wavelength,amplitude,timbre,D,False,0.5839125401910683,0.026170218654514577,0.05719165931980834,0.3327255818346087
Which of the following is the best example of a categorical variable?,Intelligence,Disposition,Optimism,Gender,D,True,0.03378824197975136,0.024296567167658004,0.015460230794588626,0.926454960058002
"In time-out, a disruptive child who wants to stay with his or her class is removed from the classroom. This exemplifies",positive reinforcement,negative reinforcement,positive punishment,omission training,D,True,0.16544333960040242,0.19427676717106165,0.1051761304072425,0.5351037628212935
In classical conditioning the learner learns to associate the unconditioned stimulus with,an unconditioned response,a conditioned stimulus,a conditioned response,a negative reinforcer,B,False,0.1913209350203388,0.2954058005045645,0.4994273319914789,0.013845932483617833
Julie is more alert in the morning and her brother Jack is more alert in the afternoon. This difference stems from a difference in the siblings',sleep cycles.,circadian rhythms.,daily activities.,personalities.,B,True,0.05633117136970061,0.9436688286302994,4.037031159102934e-44,4.037031159102934e-44
The Intelligence Quotient is defined as the,chronological age/mental age × 100,performance score/verbal score × 100,mental age/chronological age × 100,verbal score/performance score × 100,C,True,0.1841986903927166,0.02533124500210689,0.695085676907617,0.09538438769755955
The primary research method used by developmental psychologists is,case study,cross-sectional research,naturalistic observation,experimentation,B,False,0.08277145951423594,0.07970407471230995,0.03927299019149861,0.7982514755819555
Choosing 20 people at random from a large lecture class of 400 people is an example of which of the following?,random assignment,random sampling,representative assignment,representative sampling,B,True,0.021705544976062138,0.8809506925314787,4.092069243043669e-44,0.09734376249245916
An animal is not likely to associate a conditioned stimulus (CS) with an unconditioned stimulus (UCS) if the,delay between the CS and the UCS is too long,interval schedule between the two stimuli is variable,fixed-rational schedule between the two stimuli is altered,interstimulus ratio is variable,A,True,0.8033010895127944,0.045935721449369235,0.036286964042096095,0.11447622499574028
What type of test is the Advanced Placement Examination in Psychology?,aptitude,projective,achievement,intelligence,C,True,0.023535966590407298,0.012925925772750467,0.9337654797432016,0.029772627893640716
"All people have essentially the same set of traits, differing only in terms of the extent to which they show each trait, according to which of the following personality theories?",nomothetic,idiographic,Freudian,somatotype,A,True,0.8828952571863619,0.1171047428136381,4.272393397255878e-44,4.272393397255878e-44
The examination of the connection between mental states and physical states is referred to as,tabula rasa,the mind-body problem,nature vs. nurture,parallel processing,B,True,4.3554381433162837e-44,0.9593829999484882,0.040617000051511844,4.3554381433162837e-44
Which of the following best exemplifies sensory adaptation?,enjoying a song the more you hear it,responding immediately every time the fire alarm is sounded,not realizing how cold the pool is after you are under the water for a few minutes,relying heavily on your hearing when you are walking down a dark corridor,C,True,0.032635725115319904,4.2392194636800597e-44,0.9481836250297315,0.019180649854948592
Which of the following interventions is most effective at facilitating the education of gifted students?,Using heterogeneous grouping to allow gifted students to strengthen social skills and grow academically,Assigning independent research projects within the framework of the curriculum,Implementing cooperative learning to encourage gifted students to work up to their ability,"Providing acceleration for gifted students, especially within the areas of their interests and skills",D,True,0.02125430124726462,0.04940354518630886,0.024746396600691948,0.9045957569657346
Damage to the occipital lobes of the brain would most likely affect which of the senses?,hearing,touch,balance,sight,D,True,0.00622123865613282,3.970916166678842e-44,3.970916166678842e-44,0.9937787613438671
"The position on the basilar membrane at which waves reach their peak depends on the frequency of a tone, according to which theory?",opponent-process,trichromatic,place,volley,C,True,0.011136240019174697,4.564557013419847e-44,0.9888637599808252,4.564557013419847e-44
"After she used address stickers sent by a charity in the mail, Brittany felt obligated to mail a donation to the organization that sent the stickers. Brittany's behavior illustrates",stereotyping,the fundamental attribution error,the mere exposure effect,the reciprocity norm,D,True,3.9651053350509483e-44,0.008547816824633616,0.01883748199592827,0.972614701179438
"After Tamika complained to her mother about how little she has, Tamika and her mother went to a soup kitchen to volunteer to serve dinner to the homeless. After serving 120 dinners, Tamika told her mother how happy she is that they can afford to buy delicious foods she loves. Tamika's increased perception that she is happy is best explained by applying which of the following theories?",relative deprivation,adaptation-level,Yerkes-Dodson arousal,diathesis-stress,A,True,0.7183801261247759,0.2736810651251601,0.007938808750064072,4.0856059197514583e-44
"Brenda gets enraged when people criticize her, talks about becoming the first woman president, exaggerates her abilities and talents, takes advantage of classmates, and constantly demands attention in class. When she received a certificate for participating in an essay contest, she told everyone she'd won a prestigious writing award. She most likely would be diagnosed as evidencing",hypochondriasis,disorganized schizophrenia,antisocial personality disorder,narcissistic personality disorder,D,True,3.9787068926025093e-44,0.01459483140079428,0.013500369458854213,0.9719047991403514
A research study establishes that most people can taste one gram of salt in one quart of water. Which of the following concepts is most closely related to the goal of this study?,difference threshold,absolute threshold,taste constancy,sensory adaptation,B,True,0.31085806275731254,0.6506404712556645,4.0823227623026465e-44,0.038501465987023024
Mayella believes that getting a good grade on an AP exam is a matter of luck. She most likely has,high academic self-efficacy,an internal locus of control,an external locus of control,high achievement motivation,C,True,0.12540435437380096,0.08973910717419371,0.7310228015030683,0.05383373694893712
Which of the following transduces visual images?,The cornea,The pupils,The cochlea,The retina,D,True,0.018707272685358465,4.113845248357576e-44,4.113845248357576e-44,0.9812927273146415
Someone with brain damage who has difficulty making the muscle movements needed to produce accurate speech might have damage to which area of the brain?,Wernicke's area,hippocampus,Broca's area,amygdala,C,True,0.014146396654540759,4.0829801513139984e-44,0.9858536033454592,4.0829801513139984e-44
"After discovering that she was in the early stages of an eating disorder, Maria's parents insisted Maria see a therapist. Although Maria attended the therapy sessions, she was late, uncooperative, and even hostile. After some time, her counselor began to explore Maria's feelings of hostility and found that they actually were feelings she held for her parents. Maria's uncooperativeness and hostility toward her counselor is an example of",suppression,conflicting motives,transference,countertransference,C,False,4.0744770666849065e-44,0.0236843738273905,0.4374530118344348,0.5388626143381747
"Although they disagreed with his personal infidelities, many Americans supported President Bill Clinton's position and policy decisions during his term in office. This dichotomy of opinion demonstrates a split in",external locus of control,internal validity,self-representation,attitudinal coherence,D,True,0.04294958585366898,0.016179161804372212,0.07541388474417508,0.8654573675977838
Which of the following kinds of therapists is most likely to prescribe lithium for a patient diagnosed with bipolar disorder?,psychoanalyst,psychiatrist,clinical psychologist,cognitive psychotherapist,B,True,4.121830202491399e-44,0.9855223211184488,0.014477678881551033,4.121830202491399e-44
A behavior that is elicited automatically by an environmental stimulus is called a(n),conditioned response,condition,aversive stimulus,reflex,D,True,0.012790243292221802,0.00745063480492108,4.063737230073979e-44,0.9797591219028571
A lesson from Janis's research on groupthink is that,unanimity is important.,small groups function better than large ones.,groups function well under pressure.,it is important for people to voice dissent.,D,True,0.019117092689369685,0.011866316496899731,0.011610221107083919,0.9574063697066466
Which best represents the path of an impulse over a reflex arc?,"receptor, afferent neuron, interneuron, efferent neuron, effector","receptor, efferent neuron, interneuron, afferent neuron, affector","sensory neuron, interneuron, afferent neuron, efferent neuron, effector","effector, sensory neuron, afferent neuron, interneuron, receptor",A,False,0.3359079300565437,0.019332501686250062,0.5313895003831187,0.11337006787408749
"Jim and Tim are identical (monozygotic) twins that were reared together. Scott and Michael are fraternal (dizygotic) twins that were reared together. Given the results of heritability studies of intelligence, which of the following outcomes are most likely to emerge?",Jim and Tim will have very similar IQs.,Scott and Michael will have very similar IQs.,Both pairs will have very similar IQs.,Neither pair will have similar IQs.,A,False,0.292964001256276,0.19190269349825256,0.0574533743999993,0.45767993084547215
"In developmental research, studying the same subjects over time is known as",cross-sectional research,cross-cultural research,in-cohort sequential research,longitudinal research,D,True,0.01252675284544452,4.147041123559782e-44,4.147041123559782e-44,0.9874732471545555
The manual of clinical syndromes published by the American Psychiatric Association that is used for descriptive diagnosis is commonly called the,ANOVA,DSM-5,APA Desk Reference,Diagnosis of Disorders Digest,B,True,4.1765216101635853e-44,0.9716049158659924,0.0181182902060402,0.010276793927967364
Standardized tests are,any examination given by your state or country,all examinations with exactly the same directions,"tests with norms, which indicate average, high, and low scores for the test",tests for which a person's performance can be compared with a pilot group,D,True,0.017322288126822558,0.046062192920671874,0.0405471422496846,0.8960683767028209
"While visiting a museum, you study a statue by walking around it and examining it from many different places in the room. The retinal images of the statue change, but you do not perceive these changes because of",convergence,motion parallax,perceptual constancy,interpositioning,C,True,0.020481525869917652,4.1173844334814346e-44,0.95431618061793,0.025202293512152175
Perception refers to the process by which,receptors gather information from the environment,sense organs transmit information to the brain for initial processing,the brain organizes and interprets sensations,the brain minimizes responses to stimuli that do not change,C,True,0.01741328302460015,4.1482042093735264e-44,0.9750923916775428,0.007494325297857209
Which research method would most likely be used to test the following hypothesis: People who conserve energy by buying hybrid cars are more likely to spend more money on organic foods.,experiment,naturalistic observation,case study,correlation,D,True,0.31896420417805704,0.08991368763392173,0.01832592976276245,0.5727961784252588
The primary reason why we cannot taste sand or smell platinum is that,they are not chemicals,they are not soluble in water,they are poisonous,they have no nutritional value,B,False,0.4622761528037204,0.20016032008273835,0.08382917907375828,0.2537343480397829
"The goal of projective personality tests, such as the Rorschach and Thematic Apperception Test (TAT), is to",gain insight into potential biochemical abnormalities,uncover unconscious thoughts and feelings,assess basic personality traits,assess cultural influences on personality,B,True,4.0475514244956e-44,1.0,4.0475514244956e-44,4.0475514244956e-44
The ability to solve a new computer game based on logical puzzles probably depends on which kind of intelligence?,fluid intelligence,crystallized intelligence,aptitude intelligence,achievement intelligence,A,True,0.7845985471979373,0.0661136666139388,0.032262306976692766,0.11702547921143118
Most New Yorkers remember where they were and what they were doing when they heard that the World Trade Center was destroyed. Which of the following best identifies this type of memory?,implicit memory,engrams,flashbulb memory,explicit memory,C,True,4.38333043113608e-44,4.38333043113608e-44,0.9789426641658631,0.021057335834136923
The contingency model explains classical conditioning from which of the following perspectives?,behavioral,psychoanalytic,cognitive,humanistic,C,False,1.0,4.0770826738401935e-44,4.0770826738401935e-44,4.0770826738401935e-44
An educational psychologist is administering a basic skills exam to second-graders of two different schools in order to compare the students' performance. The researcher administers the exam to the students of the Antrim School on a Wednesday morning and then administers the same exam in exactly the same fashion on that same Wednesday afternoon to the second-graders of the Barton School. Which of the following best identifies a confounding variable in the psychologist's research?,The psychologist is comparing two different schools.,The psychologist is comparing the same grade in each school.,The psychologist is testing the students in the two schools at two different times.,The psychologist is testing the students in the two schools on the same day.,C,True,0.11563426400945281,0.07592055114204273,0.4396935969589599,0.36875158788954443
Which of the following is the best summary of Stanley Schacter's two-factor theory of emotion?,"An external event causes us to experience a specific emotion, and this emotion triggers certain physiological changes to occur.","When our body responds to an external event, our brain interprets the biological changes as a specific emotion.","Each person follows a predictable pattern of changes in response to stress, including alarm, resistance, and exhaustion.",A combination of psychological changes and our cognitive interpretations combine to produce our emotional experiences.,D,True,0.06112536858596939,0.24387479974697637,0.021113143849845348,0.673886687817209
Which of the following best summarizes Carl Rogers' view of personality?,"Personality traits such as inhibition, extroversion, and conscientiousness are constant over time.",People's personality traits are overwhelmingly positive and goal-directed.,Personality is mainly formed by behavioral expectations.,"Individual personalities vary based on differences in traits, emotions, and thought processes.",B,True,0.03321782932016089,0.4767447820044899,0.020413414524853585,0.4696239741504958
Which of the following is the most accurate definition of learning?,The result of a variety of experiences that temporarily shape behavior,An enduring change in an organism's behavior based on experience,The sole result of classical and operant conditioning,The association of experiences due to their occurrence in close proximity,B,True,0.01218519443962125,0.9713671714425529,4.0812669084767206e-44,0.016447634117825884
Which of the following is a key difference between the experimental method and naturalistic observation?,"Experiments yield qualitative data, whereas naturalistic observation yields quantitative data.","Naturalistic observation involves surveys, whereas experiments measure behavior.","Naturalistic observation takes place in the field, whereas experiments take place in a lab.",Researchers can exercise greater control over experiments than in naturalistic observation.,D,True,0.024531142999658587,0.015139094733286363,0.04326465211260043,0.9170651101544546
Harlow's monkey experiment illustrated,the importance of physical contact to development.,that language is a uniquely human skill.,that primates can make and use tools.,the danger of separating babies from their natural parents.,A,True,1.0,4.0833745891545793e-44,4.0833745891545793e-44,4.0833745891545793e-44
Which of the following types of scientists were the first to contend that an individual's ways of thinking are shaped primarily by cultural values and ideas?,Structuralists,Ethologists,Sociobiologists,Anthropologists,D,True,0.15313059533996948,0.024686015806583358,0.06886212530833108,0.7533212635451161
Which of the following best illustrates hostile aggression?,A man slaps his wife because he is angry that she made hamburgers for dinner again.,A sanitation man knocks over some rose bushes when he throws an empty can to the curb.,A waitress breaks several cups and saucers when she drops a tray on the floor.,A careless driver hits and severely injures a pedestrian who is crossing the street.,A,True,0.6295524031921381,0.0613612234507537,0.2043592339161183,0.10472713944098982
Which of the following disorders is the result of an abnormality of the twenty-first chromosomal pair?,Bipolar disorder,Huntington's Chorea,Down syndrome,Obsessive-compulsive disorder,C,True,4.0256106672477757e-44,4.0256106672477757e-44,0.9704801326789607,0.029519867321039398
REM sleep is considered to be paradoxical sleep because,brain patterns change from alpha waves to delta waves over the course of a night's sleep,people can always act out the content of their dreams,people will try to increase REM sleep if deprived of REM sleep for a period of time,"the mind is very active, but the body is in a state of paralysis",D,True,0.01367217355288442,3.9820300518069005e-44,0.013948443706286784,0.9723793827408287
Jay suffers from periods of amnesia and frequent loss of a sense of personal identity. It is likely Jay has a(n),schizophrenic disorder,associative disorder,antisocial personality disorder,dissociative disorder,D,True,0.00597556552485145,0.0037194252060708953,3.883027972672578e-44,0.9903050092690776
Approximately what percent of the population scores between 70 and 130 on the WISC?,34,50,68,95,D,False,0.05448809352661436,0.12083400091197882,0.49284819730028284,0.33182970826112396
The perceived volume of a tone is mainly determined by its,frequency,timbre,amplitude,overtones,C,False,0.779763020534965,0.015027654299599064,0.1812205546971761,0.023988770468259864
"Eli is just beginning to sit up. Assuming he is developing at a typical pace, how old is Eli?",1 month,3 months,6 months,9 months,C,True,0.11428480309793312,0.20901075410476022,0.5058473306547255,0.17085711214258104
A game show like Jeopardy! asks players to demonstrate which of the following types of intelligence?,IQ,Crystallized intelligence,Fluid intelligence,General intelligence,B,False,0.03298242136334817,0.33831416078777377,0.38966692414905724,0.23903649369982086
Research using the visual cliff suggests that human infants,"would go ""over the cliff"" if their mothers called them",had learned by experience in crawling to perceive depth,were not able to use any visual depth cues,use monocular but not binocular cues for vision,B,True,0.18810718777107693,0.5322508219555854,0.070568117433684,0.2090738728396538
"En route to the brain, information from the two eyes' retinas crosses at the",optic nerve.,optic chiasm.,fovea.,lateral geniculate nucleus.,B,True,4.353918837518755e-44,1.0,4.353918837518755e-44,4.353918837518755e-44
Detection of a just-noticeable difference (JND) depends on the,"presence of a ""no stimulus"" control and the sensitivity of the signal-detection equipment",initial determination of the absolute threshold and the variation of the difference threshold,frequency of the existing stimulus and the presence of one or more sensory modalities,intensity of the new stimulus and that of the stimulus already present,D,False,0.20030393165153823,0.5935731873614138,0.059110990482490716,0.1470118905045572
Which of the following correctly categorizes the components of Ivan Pavlov's research on conditioning?,"The dogs (subjects) were presented with food (CS) while also being presented with the sights and sounds of the presenter (UCS). After a time, the dogs salivated in response to the presenter (UCR).","The dogs (subjects) were presented with food (UCR) while also being presented with the sights and sounds of the presenter (CR). After a time, the dogs salivated in response to the presenter (CS).","The dogs (subjects) were presented with food (UCS) while also being presented with the sights and sounds of the presenter (CS). After a time, the dogs salivated in response to the presenter (CR).","The dogs (subjects) were presented with food (CR) while also being presented with the sights and sounds of the presenter (UCR). After a time, the dogs salivated in response to the presenter (UCS).",C,True,0.288901297101865,0.14821397360613944,0.4388609398853924,0.12402378940660318
People who are able to be hypnotized easily are likely to score high on which of the following dimensions of the big five personality traits?,agreeableness,openness,conscientiousness,emotional stability,B,False,0.06855576094071086,0.2673951809046089,0.10164655436573344,0.5624025037889467
Which of the following would a researcher need to use to determine if the difference between the mean scores of experimental and control groups was significant?,descriptive statistics,inferential statistics,field experiment,standard deviation,B,True,4.044429376617842e-44,1.0,4.044429376617842e-44,4.044429376617842e-44
All of the following are conditions sanctioned by the APA regarding the use of deception in a study EXCEPT,the research is of great importance and cannot be conducted without the use of deception,participants are expected to find the procedures reasonable upon being informed of them,participants must be allowed to withdraw from the experiment at any time,the research must be conducted as a double-blind study,D,False,0.0512849687963565,0.8059420029848312,0.04044806086614499,0.10232496735266747
An obese individual with a breathing-related sleep disorder most likely suffers from which of the following?,Narcolepsy,Hypersomnia,Insomnia,Sleep apnea,D,True,4.1640355281933217e-44,0.006012515841488881,4.1640355281933217e-44,0.9939874841585112
"Who would most likely have said, ""People are basically good""?",Psychoanalyst Sigmund Freud,Behaviorist B. F. Skinner,Cognitivist Albert Ellis,Humanist Carl Rogers,D,True,0.020826309484217972,0.023833347762962084,0.01743752627639766,0.9379028164764222
"When the class listened to a list of words, half the group was directed to listen for sounds while the other half was asked to gauge the emotional impact of the words. The group that gauged the emotional impact remembered many more words. This is evidence that better retention results with attention to",semantic features,echoic features,shallow processing,surface processing,A,True,0.5686110628867571,0.02986050354170865,0.186428214359839,0.2151002192116952
Which of the following are found in Jung's collective unconscious?,fictional finalisms,complexes,archetypes,feelings of inferiority,C,True,0.016282834804487743,0.008323670916534808,0.9753934942789775,4.0993547620327046e-44
Which of the following lobes of the brain is central to visual sensation and perception?,Occipital,Temporal,Parietal,Frontal,A,True,1.0,3.9728678399779333e-44,3.9728678399779333e-44,3.9728678399779333e-44
The Diagnostic and Statistical Manual of Mental Disorders (DSM-IV) published by the American Psychiatric Association provides information about all of the following EXCEPT,names of mental disorders,categorization of all mental disorders,primary symptoms of all mental disorders,causes of all mental disorders,D,True,0.025429150573712405,0.04673369273347799,0.06616654524359987,0.8616706114492098
What is the major difference between negative reinforcement and punishment?,"Punishments are used with nonhuman animals, and negative reinforcements are used with humans.","Negative reinforcements are used in classical conditioning, and punishments are used in operant conditioning.",Punishments are primarily used when training an organism to perform a behavior and negative reinforcements are used to train an organism to stop performing a behavior.,Punishments decrease the frequency of a behavior and negative reinforcements increase the frequency of a behavior.,D,True,0.05634294731932925,0.05956889692431582,0.10289010471937186,0.7811980510369831
"Lupe has been dating Craig for a few months. She's attracted to him and has fun with him, but she can't stand his friends or his family. Lupe's conflict would best be classified as",an approach-approach conflict.,an approach-avoidance conflict.,an avoidance-avoidance conflict.,a multiple approach-avoidance conflict.,B,True,0.045167562724682656,0.682996824608515,0.17643804419831471,0.0953975684684876
A longitudinal study would be useful in assessing which of the following?,Age differences,Gender differences,Cultural environments,Changes in behavior over time,D,True,0.03186734319558177,0.010676107076637218,3.9656392841515483e-44,0.957456549727781
Implications of Harlow's study (of baby monkeys reared by artificial mothers) for humans include which of the following?,I only,II only,III only,I and II only,B,False,0.1617595697046097,0.17017097980765128,0.177765931824325,0.490303518663414
A school psychologist is asked to help Ms. Smith address problem behaviors that are disrupting the learning of her students. The school psychologist is given data that indicate discipline referrals have been written on 26 of the 30 students in Ms. Smith's class. Which of the following is best for the school psychologist to recommend?,Developing individual behavior contracts for the 26 students who have received discipline referrals,Using comprehensive emotional and behavioral assessments for students who have received discipline referrals,"Providing school-based group counseling to address issues such as study skills, attendance, decision making, problem solving, and goal setting.","Implementing a class-wide behavior management plan, such as a responsecost raffle.",D,True,0.17352683850391087,0.08575574459873112,0.05680977898897324,0.6839076379083847
Dr. Bonneau helped a company redesign its offices to raise morale and the productivity of the employees. With which of the following subfields of psychology is Dr. Bonneau most likely affiliated?,counseling,educational,industrial/organizational,developmental,C,True,4.2450877577086383e-44,0.005958614454583297,0.9877030342918425,0.0063383512535742
"Barry reported that in his study, the relationship between religiosity and academic grades was not statistically significant. By ""not statistically significant,"" he meant that the results",were not important,were not strong,might have been due to chance,were of no value to statisticians,C,True,0.019679074062815185,0.020982571002564624,0.9053386846414534,0.053999670293166775
The Rosenhan study of mental institutions showed that,treatment at private institutions tends to be better than treatment at public institutions.,men are diagnosed at higher rates than women reporting the same symptoms.,it is difficult to convince medical professionals that one has a disorder when one does not.,confirmation bias may influence clinicians' views and treatments of mental patients.,D,False,4.0580417785164976e-44,4.0580417785164976e-44,0.5741180079437942,0.42588199205620575
"Functionally, receptors in the retina of the eye differ most from receptors in the cochlea of the ear in the",magnitude of the resting potentials of their membranes,ions involved in their action potentials,types of energy they transduce,number of axons each cell possesses,C,True,0.04363015326570586,0.04236287546251622,0.8234322372720844,0.09057473399969354
Wilder Penfield's studies suggest that some long-lost memories can be elicited through electrical stimulation of the brain. This suggests that forgetting may be a matter of,displacement,gradual decay,retrieval failure,failure to encode the memories,C,True,0.013803890031048715,4.083535884682558e-44,0.959891607034957,0.026304502933994396
Children are most likely to grow up more competent and responsible when they are raised by parents who behave in a manner considered,authoritarian,authoritative,permissive,inconsistent,B,True,0.05430470100367421,0.9172075823972337,0.028487716599092043,4.1867568410263177e-44
Erikson's initiative versus guilt stage is most closely related to Freud's,oral stage.,anal stage.,phallic stage.,latency period.,C,False,0.05055821054913415,0.6444247359552834,0.07755708583220444,0.22745996766337806
EEGs that consist primarily of alpha and beta waves are characteristic of,consciousness,stage 1 sleep,stage 2 sleep,stage 3 sleep,A,True,0.580431689541045,0.22089060500875654,0.15614434673458602,0.04253335871561248
"Jared thinks that going to psychology lecture classes is a waste of time and that you can do just as well in the course if you just read the review book, watch ""Discovering Psychology,"" and take the tests. He decides to test his hypothesis with an experiment. The independent variable in his experiment is",going to lecture classes,"going to lecture classes, reading the review book, and watching ""Discovering Psychology""","not going to lecture classes, reading the review book, and watching ""Discovering Psychology""",just taking tests,C,False,0.2127041310423815,0.5840309301068993,0.18460275459753686,0.018662184253182255
Some groups of gang members wear head coverings and sunglasses when they assault people. The use of such disguises contributes to,social loafing,cognitive dissonance,learned helplessness,deindividuation,D,True,4.1410526828600386e-44,4.1410526828600386e-44,4.1410526828600386e-44,1.0
Which of the following is the most important detail of Wundt's early research that established the psychology as a science?,"Wundt was a member of the upper class, which helped his credibility.",Wundt wrote well and communicated results to large numbers of people effectively.,Wundt set up a laboratory and focused on empirical evidence that could be replicated.,Wundt worked outside the university system and was seen as an independent thinker.,C,True,4.591578951056121e-44,4.591578951056121e-44,0.9810864697872671,0.018913530212732923
Which of the following is not a basic somatosensation?,pain,touch,cold,itch,D,True,0.06571479296810619,4.24949338471181e-44,0.3575743310267701,0.5767108760051237
Lev Vygotsky's approach to the study of cognitive development was,psychodynamic,behavioral,biological,sociocultural,D,True,4.0454955589049784e-44,0.0055629166147579175,4.0454955589049784e-44,0.9944370833852422
Behavioral therapy typically alters the patterns of responding of clients by,helping patients identify a hierarchy of anxiety-arousing experiences,vigorously challenging clients' illogical ways of thinking,influencing patients by controlling the consequences of their actions,repeating or rephrasing what a client says during the course of therapy,C,True,0.059196884995281154,4.308145077118627e-44,0.9150942744763103,0.02570884052840857
"In people, rods, unlike cones,",are located in the center of the retina.,synapse with bipolar cells.,respond more quickly to bright colors.,have a low absolute threshold for light.,D,True,0.07274567269020604,0.17517208302846057,0.029272324764221036,0.7228099195171123
"Before Justin could take an airplane flight, he needed to overcome his fear of flying. His therapist taught him relaxation exercises, which he practiced while first looking at pictures of airplanes, then seeing them take off at the airport, then going into an empty plane that would not take off, then finally taking a short flight. Which of the following treatments did he undergo?",psychoanalysis,behavior therapy,humanistic therapy,existential therapy,D,False,4.2825980297818964e-44,1.0,4.2825980297818964e-44,4.2825980297818964e-44
Sigmund Freud was the founder of which of the following perspectives in psychology?,Biological,Behavioral,Cognitive,Psychoanalytic,D,True,0.014244293322570097,4.012908020626998e-44,4.012908020626998e-44,0.9857557066774298
Arnold Gesell is significant to the history of school psychology because he,identified the four major periods of cognitive development,established the ethical standards of the National Association of School Psychologists,developed a version of the thematic apperception test appropriate for use with children,devised a prototypical normative assessment for infants and young children,D,True,0.03894574222756252,0.013947851088181312,0.041393367080288374,0.9057130396039678
"Maria, a bright high school student, fears success. To which of the following colleges would she most likely apply?","Harvard, Stanford, and the local community college","Stanford, Oxford, and the most competitive state college in her state",the local community college and distant community colleges,"Harvard, Yale, and Stanford",C,True,0.2431993252775438,0.09812048631784231,0.5193508912376361,0.13932929716697778
"During World War II, millions of Jews and other minorities were slaughtered because they were blamed for the financial and social problems of Germany. Such scapegoating illustrates",sour grapes rationalization,displacement,sweet lemons rationalization,projection,B,False,0.17372250893901542,0.012167824721657746,0.016628291468154806,0.797481374871172
Which of the following best explains why babies have poor vision for the first few weeks of life?,The nodes of Ranvier have not yet formed.,The neural connections to the primary visual cortex are not fully connected.,"The axons are covered in tight coats of lipids, which impede neural firing.",The synaptic cleft of the neuron is filled with an aqueous humor.,B,True,4.358954134064543e-44,0.9493669540540973,0.023341806853488616,0.027291239092413933
Which of the following structures is located at the most central and protected part of the brain?,somato-sensory cortex,cerebellum,cerebral cortex,medulla,D,True,0.014357126412710891,0.034942943062629205,0.08066398015415187,0.8700359503705081
A common criticism of labeling students as disabled is that individuals tend to perform in accordance with characteristics associated with a label. This performing phenomenon is known by which of the following names?,The self-fulfilling prophecy,The law of effect,The primacy effect,Social loafing,A,True,1.0,4.211244045294102e-44,4.211244045294102e-44,4.211244045294102e-44
"Scott tried to unscramble the letters NEBOTYA for 20 minutes to spell a word, but was not successful. While walking to class, the answer suddenly came to him that the word was BAYONET. This exemplifies",classical conditioning,operant conditioning,the law of effect,insight,D,True,0.010023813963671984,4.1472400760415345e-44,4.1472400760415345e-44,0.989976186036328
What would a psychometrician conclude about a personality test that tells a person she is an extreme extrovert the first time she takes the test and an extreme introvert the next time she takes it?,This personality test has low reliability but high validity.,The test is probably high in construct validity but isn't very predictive.,These test norms and standardization probably need improvement.,The results indicate that the test has low test-retest reliability.,D,True,0.14687135789767786,0.03356314491062276,0.042518194376570256,0.7770473028151291
"In the Harlow study of emotional attachment, infant monkeys were placed in a cage and given both a ""wire"" mother and a ""cloth"" mother. Researchers then moved a bottle of milk from one mother to the other while introducing various stimuli to see if the monkeys would form an attachment to either of the ""mothers."" In this experiment, the independent variable is","with which ""mother"" the bottle of milk is placed","the ""wire"" mother versus the ""cloth"" mother",the preference of the infants for the source of milk,"the preference of the infants for the ""wire"" mother",A,False,0.12052893938480866,0.797394513922207,0.05732622999115124,0.024750316701832958
"To treat Zoe's anorexia nervosa, her doctors put her on intravenous feeding tubes, tried to change her irrational belief that she was too fat, and discussed how her early family relationships may have contributed to her current problems. This approach would best be classified as",cognitive behavioral.,biological.,psychodynamic.,eclectic.,D,False,0.5664392304429303,0.11346646750305692,0.10918783464647959,0.21090646740753316
