0,1,2,3,4,5,correct,A_prob,B_prob,C_prob,D_prob
"Unlike most other early civilizations, Minoan culture shows little evidence of:",trade.,warfare.,the development of a common religion.,conspicuous consumption by elites.,D,True,0.12264345437661617,0.32964064315261227,0.16158748535354317,0.3861284171172284
The greatest Egyptian pyramids at Giza were built:,"as burial monuments for the pharaoh Khufu, Khufu's son Khafre, and Khufu's grandson Menkaure.","by slaves who were coerced and worked under the threat of death, as described in the book of Exodus of the Old Testament.",in the construction frenzy of the 6th dynasty.,all of the above.,A,False,0.27010766860149693,0.027367956332544775,0.03377320214588699,0.6687511729200712
"When anatomically modern humans first arrived in the Middle East, who did they encounter?","Neandertals, the evolutionary descendants of the premodern human inhabitants of Europe and Asia","Homo erectus, the evolutionary descendants of the premodern human inhabitants of Europe and Asia","Homo sapiens, who had evolved independently in Asia and arrived there by 200,000 years ago",All of the above,A,False,0.1660596686539928,0.04307742049872489,0.03525546220742535,0.755607448639857
The “Lion Man” from Hohlenstein-Stadel cave is an example of:,mobiliary art.,long-distance trade of exotic raw materials.,parietal art.,a Venus figurine.,A,False,0.042447855339457136,0.011866204353335517,0.7968303133760428,0.14885562693116453
"At its peak, the palace at Knossos is thought to have had over _________ rooms.",100,500,"1,000","5,000",C,True,0.14127401637806186,0.2038554334421129,0.442973661324792,0.21189688885503324
"The Hopewell were complex rank societies, but they were not a state. Hopewell culture lacked all of the following elements EXCEPT:",formal government,monumental earthworks,urban centers,a permanent military,B,False,0.29328176840964354,0.04922824843114101,0.11249689416473176,0.5449930889944837
Markings found on the mud-bricks of Huaca del Sol are probably:,instructions for the builders written there by the engineers.,random scratches and not a meaningful script or written language.,intended to identify the local group that had produced them.,simple arithmetic performed by carpenters on the building site.,C,True,0.08826196934926372,0.10506547388528212,0.7819699218017543,0.024702634963700006
The 30 upright stones at Stonehenge are called _______; the horizontal stones are _________.,"legumes, sarsens","lintels, stelae","sarsens, lintels","trilithon, tholoi",C,True,0.040937897468541505,0.08764932607368808,0.8481992412541062,0.02321353520366415
"The secondarily altricial condition of modern human babies may have been an evolutionary solution, in that:","the brain size of hominids had not grown for more than a million years, making it difficult for babies to walk.",it allowed for bipedalism and independence from the mother at an earlier age.,"it allowed for subsequent growth of the brain, since bipedalism had resulted in a narrowed birth canal in the female pelvis.","it allowed for growth of the brain to nearly adult size prior to birth, since bipedalism had resulted in a wider birth canal in the female pelvis.",C,False,0.041225951371224666,0.40312776470545886,0.37900263050720795,0.17664365341610866
Research on C3 and C4 pathways indicates that changes in plant communities were associated with a transition in the diets of ancient hominids from:,species focused on grasses to nuts and fruits.,meat to fruits and vegetables.,fruits and vegetables to fish.,nuts and fruits to species more focused on grasses.,D,True,0.2742765004425,0.08505462722210488,0.04901022860003799,0.591658643735357
Which of the following is evidence of new uses for plants during the Middle Stone Age?,the use of seeds as a natural insecticide in Altamira cave in southwestern Europe,plant materials such as flowers in Aurignacian burials in southern France,plant material lining the floor of Sibudu Cave in South Africa,the use of wood in the Gravettian tradition to make spear-throwers and canoes,C,True,0.07610743751173978,0.1413799141469125,0.6657256797964933,0.11678696854485451
That modern Africans do not possess any Neandertal DNA indicates that:,Gene flow between Neandertals and anatomically modern humans must have occurred before Neandertals migrated out of Africa.,Gene flow between Neandertals and anatomically modern humans occurred after anatomically modern humans migrated out of Africa.,"Neandertals who lived in Africa did not interbreed with anatomically modern humans, but must have followed them when they migrated out of Africa.",Interbreeding between anatomically modern humans and Neandertals never occurred.,B,True,0.3080085966793843,0.3299398924834548,0.11309692493861223,0.24895458589854863
"Toward the end of the Pleistocene, between 28,000 and 18,000 years ago, worldwide sea level was much lower than present day, resulting in the exposure of a landmass east of Siberia called __________. This period is called the _______.",Beringia; Late Beringian Period,Sundaland; McKenzie Maximum,Beringia; Late Glacial Maximum,Wallacea; Late Laurentide Period,C,True,0.44341800346346305,0.0328529847104318,0.5138943654103517,0.00983464641575349
Which archaeological method is best for identifying large-scale land modifications?,test pits,ground-penetrating radar,aerial photography,proton magnetometers,C,True,0.04184266108219315,0.017129133360218905,0.9158678989234327,0.025160306634155232
What designation for a pottery style was eventually applied to an entire cultural complex that moved across the Pacific?,Clovis,Nenana Complex,Lapita,Micronesian Pottery Tradition,C,True,0.010723510097679537,0.02030875830365844,0.9212965270904919,0.04767120450817011
What is one of the differences between simple foragers and complex foragers?,Complex foragers employ irrigation technology.,Complex foragers rely on a wider range of food sources.,Complex foragers are more highly mobile.,Complex foragers focus on a few highly productive resources.,D,False,0.07431659129262412,0.5264252247268214,0.044271375996415445,0.3549868079841391
The significance of Frere's discovery was that what he found was located:,beneath the remains of extinct animals.,"on the surface, above the remains of extinct animals.",in a region of Africa where no one thought humans had ever lived.,on top of the ruins of a Medieval castle.,A,False,0.13230258270087802,0.11695988262806556,0.7228365050401774,0.027901029630879037
What is the earliest form of writing in the world and where did it develop?,"cuneiform, in Mesopotamia","hieroglyphics, in Egypt","clay-tablets, at Knossos","runes, at Stonehenge",A,True,0.9865283265340714,4.292791978020003e-44,0.01347167346592859,4.292791978020003e-44
A pattern of social integration in which individuals are placed into a hierarchy of social levels is called:,urbanization.,a social system.,social stratification.,a necropolis.,C,True,4.244047075950878e-44,4.244047075950878e-44,0.9845338695576342,0.015466130442365802
The Minoan economy may have been especially vulnerable to natural catastrophe because it relied heavily on:,agriculture,maritime trade,metalworking,slave labor,B,True,0.014715212661246431,0.9852847873387536,4.531703631282901e-44,4.531703631282901e-44
"The _______ developed one of the earliest kingdoms in South America, reaching its height at around _________.",Moche; AD 400,Wari; AD 100,Inca; AD 200,Maya; AD 400,A,True,0.8034130397113347,0.14650283099265154,0.018625338758058177,0.031458790537955625
"What is the name of the lithic technology seen in the Arctic and consisting of wedge-shaped cores, micro-blades, bifacial knives, and burins?",Clovis Complex,Denali Complex,Folsom Complex,Nenana Complex,B,False,0.12667610035860796,0.1852402512192978,0.14429278114227848,0.5437908672798157
Which of the following is used to remove the soil enclosing site materials?,brushes,trowels,dental picks,all of the above,D,True,0.016415036823873613,0.05170365080770831,0.03765594314545296,0.8942253692229651
"A continuous, projecting ridge of bone above and across the eye orbits is called the:",sagittal crest.,supraorbital torus.,maxilla.,occipital bone.,B,False,0.9649098949313917,0.035090105068608365,4.267614033052883e-44,4.267614033052883e-44
Ancestral Puebloan culture in Chaco Canyon was comprised of:,around 75 substantial settlements and more than 300 smaller communities.,more than 500 towns and villages with monumental architecture.,between 30 and 40 farmsteads and three large pueblos.,one large city state with more than 300 outlying farmsteads.,A,True,0.5873784184539345,0.05175789119028328,0.0378648260002561,0.3229988643555262
The Yang-shao culture gave way to the Lung-Shan sometime after:,"6,000 B.P.","5,000 B.P.","4,000 B.P.","3,000 B.P.",B,False,0.11659565244922054,0.3070436092563307,0.33873374547126434,0.23762699282318447
The most prominent feature of the food resource base of post-Pleistocene Europe was its:,dependence on megafauna.,hunting and gathering.,dependence on fur-bearing animals.,diversity.,D,True,0.0856668782998741,0.37081488159978104,0.04919486591098857,0.4943233741893562
Evidence of wild grain harvesting and consumption in Israel dates to as early as,"20,000 B.P.","12,000 B.P.","10,000 B.P.","8,000 B.P.",A,False,0.2346398434055143,0.22614750362607386,0.3133561043106074,0.22585654865780444
Civilization in the Indus Valley was characterized by:,highly centralized economies.,carefully planned and designed cities.,standardized weights and measures.,all of the above.,D,True,4.2583719222176553e-44,0.012937870348587439,0.013893986166070038,0.9731681434853424
"According to one theory, the power of Ancestral Pueblo elites emerged when certain groups:",predicted astronomical events such as eclipses and meteor showers.,constructed monuments and elaborate multi-storied cliff dwellings.,stored food surpluses in good years for distribution in bad years.,incorporated other societies through conquest warfare.,C,True,4.210782358641239e-44,0.03032497562628775,0.9313401879078227,0.03833483646588959
"Teotihuacán came to prominence in the Basin of Mexico after its rival, Cuicuilco,",was crippled by a volcanic eruption.,succumbed to a civil war among its ruling families.,suffered a blight on its crops.,was flooded by a Gulf Coast hurricane.,A,True,0.6088322599109767,0.08907008613439252,0.04288384340896906,0.25921381054566184
Evidence from northwest coast societies indicates that what is ultimately needed for the development of social complexity is:,agriculture.,irrigation technology.,social stratification.,a food surplus.,D,True,0.02621805004394764,4.0495607534266703e-44,0.028375437850489543,0.9454065121055628
Which subfield of anthropology aims to better understand the nearest living relatives of humans?,paleoanthropology,archaeology,primatology,linguistics,C,True,0.06420971374030185,0.012548918713971022,0.9232413675457272,4.274351164024064e-44
How did Aurignacian technology differ from Mousterian technology?,Mousterian technology produced more projectile points.,Mousterian technology produced more usable blade surface.,Aurignacian technology produced more usable blade surface.,Aurignacian technology was focused on the production of hand axes.,C,True,0.07914667038185516,0.14682827670701823,0.6576447015567068,0.11638035135441972
Which of the following is evidence of a complex society?,monumental works,burials with grave goods,leisure and a sedentary lifestyle,all of the above,A,False,0.0268520060474477,4.483439709150861e-44,4.483439709150861e-44,0.9731479939525524
"The face of Homo erectus was more ________ than modern humans, but less so than Homo habilis.",altricial,hairy,occipital,prognathous,D,True,0.038860961078538855,0.04098961227527478,0.01781364390978913,0.9023357827363973
Montezuma ruled over millions of people from the _______ capital of _____.,Maya; Tikal.,Aztec; Tenochtitlán.,Teotihuacános; Teotihuacán.,Zapotec; Monte Albán.,B,True,3.9318900704726915e-44,0.9884535800084889,0.011546419991511086,3.9318900704726915e-44
"The belief that all of the characteristics of civilization developed in one place, such as Egypt, and from there spread out to the rest of the world is known as:",cultural evolution,migrationism,diffusionism,anti-originalism,C,True,0.045529284934939976,0.03270762214507996,0.888580489544893,0.033182603375087126
"When the ratio of brain size to body size is compared, which species has a proportionally larger brain?",Homo erectus,premodern Homo sapiens,Neandertals,modern Homo sapiens,D,True,0.15285540212512386,0.09234334953639123,0.05095056201729435,0.7038506863211905
"The royal graves of the Shang Dynasty consisted of enormous cruciform-shaped tombs, where the deceased kings were buried with:","jade, bronze, and ceramic artifacts.",chariots and horses.,the headless bodies of humans who had been sacrificed.,all of the above.,D,True,0.09117105813806109,0.031845854027954215,0.04276171537666999,0.8342213724573148
The above hominid species discovered in Malapa Cave in South Africa has been classified as:,Homo habilis,Australopithecus sediba.,Homo sapiens.,Australopithecus robustus,B,True,0.03073219690918502,0.9692678030908151,4.124690047824146e-44,4.124690047824146e-44
Ethnographic evidence supports which of the following connections between surplus food and social complexity?,Only agriculturalists can produce the food surplus necessary for economic inequality.,Some resource-rich environments allow for the creation of surpluses that can lead to economic inequalities and social complexity.,Economic inequalities are the foundation of social complexity and entirely dependent on agriculture for the production of surplus food.,The production of surplus food is not important in the development of economic inequalities or social complexity.,B,True,0.014580757680662785,0.9790917266339719,0.0063275156853653215,3.962608438887832e-44
Which of the following was the greatest advantage of using fire in human evolution?,Fire offers protection from predators and enemies.,Fire makes meat more digestible and kills bacteria.,Fire produces light and heat.,Fire can be used in warfare and to clear fields.,B,False,0.05929930233510249,0.1878724623622017,0.7277926170520852,0.02503561825061047
"Palynology is the study of _________, which allows scientists to reconstruct ______.",foraminifera; a master sequence of tree rings.,coprolites; paleopathology and sexual dimorphism.,pollen; plant communities and climate.,phytoliths; artificial selection and photosynthesis pathways.,C,True,4.008367407924611e-44,4.008367407924611e-44,0.9917788901724672,0.008221109827532687
What was the unifying element of Olmec culture?,religious iconography,large armies,agricultural surpluses,all of the above,A,False,0.19014383500805354,4.198067602937295e-44,0.04513952335703947,0.764716641634907
Which of the following ancient civilizations has a written language that is the furthest from being fully deciphered?,the Indus Valley,Egyptian,Mesopotamian,Chinese,A,True,0.5700654388148344,0.10416194580166344,0.15852064848367448,0.16725196689982763
The sophisticated stone tool making industry at the Pinnacle Point site in South Africa is evidence of:,"a 250,000-year-old tradition of hand axe production and use.","a 71,000-year-old complex sequence of microblade production and use.",an adaptation to hunting in colder environments.,both a and c.,B,True,0.04797682410652344,0.49371648389548156,4.3114788932713317e-44,0.45830669199799495
"Early evidence of complexity in Mayan societies is suggested by the appearance, around 2650 B.P., of:",finely carved obsidian statuary.,decorated stepped platforms.,the introduction of chocolate into the Mesoamerican economy.,a ritual ball game in which the losers were sacrificed to the gods.,B,False,0.6909431110205931,0.258773267152416,0.017548601531093465,0.03273502029589732
What do anthropologists NOT need to know to determine when people entered the Americas from Siberia?,When sled dogs were first domesticated,When the Bering Strait was exposed and open for travel,When eastern Siberia was first inhabited,The age of the earliest New World sites,A,True,0.7480527222240426,0.05884248686714079,0.10182354454552486,0.0912812463632917
When did Aborigines occupy the harsh interior of Australia?,"10,000–12,000 years ago","20,000–25,000 years ago","35,000–40,000 years ago","40,000–45,000 years ago",B,False,0.11963069929044143,0.3489597519440379,0.3492653650582332,0.18214418370728755
What do the Hassunan and Samarran sites in Mesopotamia have in common?,Both relied heavily on agriculture.,Both have an abundance of rare luxury items.,Both have high-status burials.,Both have sophisticated monumental architecture.,A,False,0.03622069062127694,0.029888551666689002,0.3485910015610373,0.5852997561509967
Which crop is South America's most significant agricultural contribution to Europe?,rice,potatoes,squash,beans,B,True,4.4138507685673235e-44,0.6091507876588959,0.0351685594437792,0.355680652897325
What distinguishes the trade patterns of the Mesolithic from those of the Upper Paleolithic?,"in the Mesolithic, goods traveled farther and more goods were exchanged","in the Mesolithic, goods traveled farther but fewer goods were exchanged","in the Mesolithic, goods traveled less far but more goods were exchanged","in the Mesolithic, goods traveled less far and fewer goods were exchanged",C,False,0.33709835974180846,0.3110308975989024,0.08341017100598284,0.2684605716533063
A celebration in which wealth is redistributed is called a:,potlatch.,kiva parties.,totem feasts.,sinagua.,A,True,1.0,4.049062313326128e-44,4.049062313326128e-44,4.049062313326128e-44
Which of the following are techniques of trace element analysis?,proton magnetometer and electrical resistivity,accelerator mass spectrometry and photosynthesis pathways,carbon isotope analysis and experimental replication,neutron activation analysis and X- ray fluorescence,D,True,0.03339921708781522,0.04042095583306038,0.04840394696316324,0.8777758801159611
The Chinese process of divining the future by examining fired animal bones is called:,hang-t'u.,sarsen divination,scapulimancy,cylinder seal prophecy,C,True,0.426436513043982,0.08480075534696986,0.42677907481802385,0.061983656791024425
How have archaeologists characterized the monuments built by the Olmec?,Halafian ritual monuments,megalithic chiefdoms,surplus food storage centers,regal-ritual centers,D,True,0.020199231796900363,0.020489518727860406,0.018623012996590606,0.9406882364786487
The ethics of conducting archaeological research on sites with human remains of indigenous North American ancestors is addressed by the Native American Graves Protection and Repatriation Act. Problems often arise when:,both non-indigenous archaeologists and Native Americans are allowed onto the site at the same time.,there are no Native Americans who have been trained as archaeologists and no archaeologists who are Native American.,neither archaeologists nor Native Americans can agree on the exact location of burials at the site.,"burials are so ancient that establishing historical or genealogical connections with modern, living groups of people is impossible.",D,True,0.10879938945937664,0.08705453164544026,0.1548824625017999,0.6492636163933833
"Which culture, previously-known as the temple-mound builders, based their subsistence primarily on maize and squash agriculture?",Ancestral Puebloan,Hohokam,Mississippian,Adena,C,False,0.4735570879200616,0.3605639635876746,0.12449746710849398,0.04138148138376978
The city of Uruk and the cultures of the Maya and the Moche were all adversely affected by:,invasion.,drought.,civil war.,earthquakes.,B,True,0.017404527180117115,0.7899794126179083,0.024829221731343484,0.167786838470631
What is the wild progenitor of maize?,einkorn,emmer,teosinte,legumes,C,True,4.685296153762151e-44,0.01919989315394585,0.9808001068460542,4.685296153762151e-44
"In comparison to the Middle Paleolithic, Upper Paleolithic tool technologies:",emphasized flakes over blades.,changed rapidly.,involved elaborate preparation of core tools.,all of the above,B,False,0.03443425384087465,0.029076521294140914,0.015378409114468165,0.9211108157505163
Recent genomic analyses of Neandertals and modern human populations indicate that:,"between 1% and 4% of the genome of modern humans with European and Asian ancestry originated from Neandertal populations, most likely through interbreeding.","Neandertal populations were entirely distinct and separate from anatomically modern humans, with no evidence of interbreeding.",anatomically modern humans throughout the world uniformly share approximately 16% of their genome with Neandertal populations.,"modern Africans share more than 4% of their genome with Neandertals, far greater than modern European and Asian populations, indicating a lengthier time of successful interbreeding.",A,True,0.9761254741209576,0.023874525879042385,4.049085448592676e-44,4.049085448592676e-44
Which of the following is a remote-sensing device used at archaeological sites?,ground-penetrating radar,proton magnetometer,electrical resistivity,all the above,D,True,0.04265836038981072,4.439810923283313e-44,4.439810923283313e-44,0.9573416396101894
"Genetic studies of the two primary varieties of rice, japonica (short-grained), and indica (long-grained), suggest that:","each is more closely related to one another than their local wild ancestors, suggesting that these modern varieties of rice were developed recently in east Asia.","each is more closely related to local wild ancestors than one another, suggesting that these modern varieties of rice were domesticated separately in east Asia and south Asia.","each is unrelated to one another, suggesting that these modern varieties of rice were domesticated independently in east Asia and western Europe.","each is closely related to their local wild ancestors, suggesting that domestication must have occurred very recently and no earlier than 2,000 years ago.",B,True,0.10527122150469041,0.870280968436148,0.012734892686489063,0.011712917372672379
What do the amount of grave goods buried with the children at Sungir' indicate?,The tribe spent most of their time carving beads.,The tribe was involved in an intricate trade network.,The tribe had a complex system of inherited social statuses.,The children were sometimes leaders of the tribe.,C,True,4.339047409305362e-44,0.10119243694557771,0.8482868798759757,0.05052068317844649
"At its peak, the population of the city of Teotihuacán may have reached:","50,000 people.","200,000 people.","500,000 people.","1,000,000 people.",B,True,0.08532331324898224,0.49333693367503617,0.33954053160830383,0.08179922146767786
Nubian civilization:,predated and spurred the rise of Egyptian culture.,was the result of Mesopotamian colonization in the south.,"developed in response to, but not in imitation of, Egyptian culture.",had no contacts with neighboring cultures.,C,True,0.19210861725610232,0.08524174059441084,0.6905757064943451,0.032073935655141765
Having a forward-thrusting lower face is called,arboreal.,prognathous.,diastema.,mandible.,B,True,4.094972923484636e-44,0.9922383915093731,0.007761608490626999,4.094972923484636e-44
What may have caused the Ancestral Puebloans to abandon Mesa Verde?,the population outstripped the productive capacity of the environment,drought,a new religion attracted them to the south,all of the above,D,True,0.03554211396791812,0.019580118757485054,4.4409242317428685e-44,0.9448777672745967
Which species is most typically first associated with the fashioning and use of stone tools?,Homo habilis,Ardipithecus ramidus,Homo sapiens,Australopithecus robustus,A,True,0.838400834250588,0.08441543707565748,0.018370212898328797,0.058813515775425804
A design that is not painted upon but is etched into a rock face is called a:,pictograph.,petroglyph.,pictorial.,petrification.,B,True,3.918810715329674e-44,0.9964101679952597,0.003589832004740177,3.918810715329674e-44
"The Gault site in south-central Texas has produced evidence from 13,000 years ago that Paleoindians chose this location based on the:",nearness of the site to navigable rivers and the Gulf coast.,"abundance of wild game, plants, and fish in a rich and diverse woodland environment.",proximity to a local source of chert for quarrying and making stone tools.,nearby location of migratory routes of large mammals such as bison.,C,False,0.06773001840083162,0.6561029974358706,0.24276645360264526,0.03340053056065256
The early Mesolithic Maglemosian culture was adapted to:,a tundra environment.,a desert environment.,a forest and lakeside environment.,an equatorial environment.,C,True,0.016160862222817873,4.208095709365674e-44,0.9771010416787524,0.006738096098429618
How were the first metals worked in South America?,casting,hammering,smelting,all of the above,B,False,0.029173827070527653,0.02656816445780724,0.25789052524759026,0.6863674832240749
"What is the Aztec word for a spear-throwing device developed in Europe more than 30,000 years ago?",chunkey.,atlatl.,burin.,petroglyph.,B,True,0.006487679798556407,0.9935123202014438,3.9907375980257047e-44,3.9907375980257047e-44
The directed breeding of plants and animals by humans is called:,foraging.,artificial selection.,natural selection.,herding.,B,True,3.9940829831791345e-44,1.0,3.9940829831791345e-44,3.9940829831791345e-44
"Interestingly, none of the civilizations of ancient South America appear to have developed:",monumental works.,irrigation technology.,a written language.,significant armies.,C,True,0.15636932505137832,0.06910931853636662,0.5733257346246406,0.20119562178761438
Which of the following is not a hypothesis for why hominids walked on two legs?,it freed the hands to carry things,it allowed for braincase expansion,it expended less energy than quadrupedalism for going long distances,it allowed hominids to see greater distances,B,False,0.08734960638875355,0.2574784765588011,0.4192793609913302,0.23589255606111525
When did the first pharaohs emerge in Egypt?,3100 B.P.,4100 B.P.,5100 B.P.,6100 B.P.,C,False,0.4608463736528948,0.19279065124076153,0.24460527567104412,0.10175769943529948
There is evidence that the Hohokam borrowed which practice from Mesoamerican culture?,ritual consumption of maize beer,ritual human sacrifice,playing ritual ball games,construction of stepped pyramids,C,True,0.31875764613312046,0.03940997213109562,0.4812835435487619,0.16054883818702206
One of the less obvious reasons for the Inca to fight so many wars may have been:,to develop a story line for powerful epic poetry.,to identify and cultivate talented leaders.,"to kill off a certain percentage of the young male population, thus preventing revolution.",to appease the gods of war.,B,False,0.03546991872218988,0.14324467431265958,0.558158335401751,0.2631270715633996
The name Teotihuacán was given to the city by:,"the Aztecs, who continued to make pilgrimages there long after its collapse.","the Spanish invaders, who largely destroyed it.","the city's first king, who named it after his favorite deity.","Olmec traders, who were impressed with its grandeur.",A,True,0.9340976029327767,0.0118470612695787,0.018189960894581605,0.03586537490306285
Which culture hosted the above celebration?,the Ancestral Puebloans of the southwestern desert,the Mogollon of the southwestern mountains,the Kwakiutl of the Pacific Northwest,the Hopewell of the American Midwest,C,False,0.26501874000225367,0.14428193111995433,0.04312405406884724,0.5475752748089447
"Of the following, which is the earliest example of the development of a complex society?",Jericho in Israel,Caral in Peru,Stonehenge in England,Olmec along the Gulf Coast,A,False,0.3906552405393238,0.1493255517056038,0.015321192998952824,0.4446980147561194
Archaeological evidence for the domestication of cats suggests it occurred when and why?,"before 22,000 years ago, as a result of the shift from opportunistic foraging to logistical collecting","before 11,000 years ago, as a direct result of artificial selection","after 11,000 years ago, as an unintentional consequence of food production and storage","after 9,000 years ago, as an unintentional result of the domestication of cattle and production of milk and cheese",C,True,0.23140534872663265,0.10335833479012344,0.5335422006579291,0.1316941158253148
The most obvious material symbols of ancient state societies are:,stone tablets.,pyramids.,monumental works.,irrigation canals.,C,True,4.2566285109221927e-44,0.01366240096521655,0.9584933790242018,0.02784422001058158
What is the evidence for trade between Indus Valley cities and the city states of ancient Mesopotamia?,Obsidian tools have been found at sites in both regions.,"Glass beads, copper, and gold from Mesopotamia have been found at Harappan sites in the Indus Valley.",Harappan seals have been found in Mesopotamia and Mesopotamian cylinder seals have been found in the Indus valley.,All of the above.,C,False,0.021723522654735584,4.537900587821345e-44,4.537900587821345e-44,0.9782764773452645
At the end of the Miocene many species of ape became extinct due to:,humans killing them.,an asteroid hitting the Yucatan Peninsula.,a change in the environment.,dinosaurs eating them.,C,True,0.017222919651972687,0.015078996792703461,0.9489973390781047,0.018700744477219287
Some of the oldest painted art in the world was recently discovered in caves on the island of Sulawesi in Indonesia. What do the images include and to when do they date?,"animals and human bodies from more than 15,000 to about 20,000 years ago","animals and hand stencils from more than 35,000 to about 40,000 years ago","animals and hand stencils from more than 45,000 to about 100,000 years ago","animals and abstract geometric shapes from 15,000 to more than 100,000 years ago",B,False,0.34837338294314435,0.15336201598269922,0.24408656673602708,0.2541780343381293
A person who believes that the current appearance of the earth can be best explained as having resulted from a series of natural disasters is known as a(n):,paleoanthropologist.,natural scientist.,evolutionist.,catastrophist.,D,True,3.9170667292287305e-44,0.009313447072385178,3.9170667292287305e-44,0.990686552927615
What contributes to societies becoming more complex?,"Surplus food is stored in large, collective facilities.",Crop irrigation requires the construction of dams or canals.,Sedentary communities need to defend themselves.,All of the above.,D,True,0.014444865756909484,4.527334488765158e-44,4.527334488765158e-44,0.9855551342430905
A(n) _________ contains primary refuse; a _________ contains secondary refuse.,kitchen; garden,activity area; burial,picnic site; trash dump,activity area; recycling area,C,False,0.02196180368142059,0.04792600927240175,0.35258359678073614,0.5775285902654416
Artifacts _________; ecofacts __________,are valuable and rare; are easy to come by.,decay rapidly; last for a long time.,are made by humans; exhibit traces of human activity.,are facts about art; are facts about nature.,C,True,0.01179651179635514,3.9757312364676234e-44,0.9769091971982264,0.01129429100541839
Pompeii was unusually well preserved because:,the layer of volcanic pumice created a seal over the remains.,avalanches pushed the remains into the sea and seawater preserves things.,poisonous volcanic gases killed people instantly.,the Romans embalmed the victims with salt from seawater.,A,True,0.9773749346145681,4.1554756251160196e-44,0.022625065385431877,4.1554756251160196e-44
Charles Lyell argued that the Earth must be extremely old based on the fact that:,many processes that can be observed act extremely slowly.,uniformitarianism can account for significant geological features.,erosion works incredibly slowly.,All of the above.,D,True,0.03363825237860152,0.019358404825171458,4.206908672099982e-44,0.9470033427962271
"Homo floresiensis from the island of Flores dates from around 35,000 to 14,000 years ago, and according to some researchers, is similar or related to:",Homo erectus.,Homo habilis.,Homo ergaster.,Australopithecus afarensis.,A,True,0.49675243582394524,0.16442008635615118,0.09421487284433976,0.24461260497556384
Subsistence practices of people can be determined by recovering and studying:,the faunal assemblage from a site.,an osteological comparative collection from a site.,pumice and evidence of pyroclastic surges.,all of the above.,A,False,0.1442270657634489,0.021420435649108577,4.2026745321678486e-44,0.8343524985874425
"When the Spanish explorer Hernando de Soto crossed a portion of the North American continent, his expedition encountered direct descendants of which people?",Mississippian,Adena,Ancestral Puebloan,Kwakiutl,A,True,0.9881017174598665,4.3826579493987803e-44,0.011898282540133406,4.3826579493987803e-44
"Following the classical period, which ended around A.D. 800, Mayan civilization:","inexplicably disappeared, then began a slow development ending with Aztec civilization.","entered the second classical period, lost a great war with Teotihuacán, and faded away.","fell into decline, moved its center north, resurged, and fell into decline once again.",fell into a sudden decline; the population disappeared and never again built monumental structures.,C,True,0.13283837516229338,0.1278442421692869,0.5171424481501133,0.2221749345183064
"During the late Miocene, carbon isotope analysis indicates environmental changes that would have impacted the hominid ancestors of modern humans. These changes are best characterized as:",a sudden drop in global temperatures resulting in a return to ice age conditions.,a sudden rise in global temperatures resulting in rising sea levels.,"an expansion of grasslands and reduction in woodlands, resulting in regional mosaic environments.",a decline in large mammal populations and relative increase in other classes of vertebrate species.,C,True,0.023029774892539146,0.02238632853456127,0.930365434466743,0.02421846210615663
"Which of the following characteristics of modern humans is the most ancient, pre-dating the Late Stone Age, the Upper Paleolithic and even anatomically modern humans?",elaborate burials,larger sites with larger populations,improved stone tool technologies,symbolic expression through the production of art,C,False,0.45217402681574587,0.11162617336523212,0.09829812481355653,0.33790167500546553
Moving through trees by swinging arm over arm is called:,bipedal locomotion.,brachiation.,quadrupedal locomotion.,a savanna niche.,B,True,4.0804187336651613e-44,0.9869529624387983,0.013047037561201796,4.0804187336651613e-44
Why is Catalhoyuk in central Turkey regarded as a large village but not a city?,"There were no palaces, public architecture, and little evidence for status differentiation.","There was no evidence for food storage, domesticated animals, or buildings.","There were no works of art, rituals, or activities associated with cities.",There was no evidence for monumental architecture or roads.,A,True,0.7770749454950561,0.03897023075429531,0.04830919139874301,0.1356456323519056
Which of the following are four of the characteristics of civilization?,"food surpluses, specialists, urban settlements, and a system of record keeping","food surpluses, a standing army, artwork, and a system of plumbing","food surpluses, monumental architecture, religious buildings, and museums","museums, libraries, monumental architecture, and artwork",A,True,1.0,4.482915615333805e-44,4.482915615333805e-44,4.482915615333805e-44
Which of the following most strongly indicates advances in the human intellect during the Upper Paleolithic?,parietal and mobiliary art,new stone-tool technologies,acquisition of non-local raw materials,changes in settlement patterns,A,True,0.9000541664182125,0.050067682818052725,4.787438742756716e-44,0.04987815076373466
With which of the following techniques were the native navigators of the Pacific NOT familiar?,bird flight paths,currents and wind patterns,magnetic orientation to the poles,cloud patterns,C,True,0.14028331292853827,0.050477149136806676,0.6283699538690007,0.18086958406565434
Recent research with stone tool replication and brain imaging suggests the following hypothesis:,connections made in tool making prepared the brain for the production and use of language.,tool making requires cooperation that can only exist with language.,tool making originated millions of years after language evolved.,connections made between the brain and bipedal locomotion prepared the hands for tool making.,A,True,0.9716564783521832,0.01889883149816998,4.0636647222092836e-44,0.009444690149647026
The earliest-known use of bronze is found in:,South America.,Mesopotamia.,the Indus Valley.,China.,D,False,0.010671650541219548,0.9680871781068487,0.021241171351931702,4.2047921207879154e-44
"The New World, “discovered” by Christopher Columbus, was filled with approximately how many people?","100,000","500,000","1,000,000",tens of millions,D,True,0.07052767359173466,0.10716724654747019,0.1305781719260709,0.6917269079347242
"Which of the following sites has monumental earthworks with concentric ridges in a semicircle that date from around 3,500 years ago?",Caral,Stonehenge,Poverty Point,Gobekli Tepe,C,True,0.21544525653272154,0.04549084274099974,0.6266798143378397,0.11238408638843894
The controversial theory that people from present-day Europe colonized North America at the end of Pleistocene is:,supported by genetic evidence that establishes close connections between the oldest skeletons in the Americas and the European genome.,refuted by genetic evidence from the oldest skeletons in the Americas that establishes close connections between modern Native Americans and the native people of central Siberia.,proven by genetic evidence that establishes close connections between the oldest skeletons in the Americas and Norse explorers who arrived in northeastern Canada around A.D. 1000.,refuted by the complete absence of documents that record a migration of Europeans into the Americas.,B,True,0.22482516448793172,0.7166397355368408,0.036449715507845516,0.022085384467382077
What was the required labor service owed to the king in return for the privilege of using property owned by the Incan empire?,Khipu,Mit'a,Split inheritance,Capacocha,B,True,0.006748863289377627,0.9932511367106224,4.1776763794363174e-44,4.1776763794363174e-44
Archaeology is a subfield of:,biological anthropology.,anthropology.,cultural anthropology.,paleoanthropology.,B,True,0.048226903215837794,0.8884173784546338,0.022686767462493686,0.040668950867034835
"When did the acquisition of raw materials from greater distances increase, and what does it indicate?",during the Upper Paleolithic; long- distance contacts with greater reliance on trade with distant groups,during the Middle Paleolithic; the acquisition of raw materials from greater distances indicates people moved more often,during the Middle Paleolithic; broader social networks were based on frequent movement for trade and long-distance contacts,"during the Upper Paleolithic; the importance of higher-quality, imported materials was more widely appreciated",A,True,0.5289236076958242,0.03448304805439007,0.06764994506287475,0.36894339918691094
"According to the author, what did the Olmec have in common that bound them together in different territories?","underlying religious beliefs, as seen in Olmec art and iconography",agricultural surpluses that led to the creation of economic inequalities,they spoke the same language and were related by kinship and marriage,"a system of trade and exchange, as seen in tokens used as a form of money",A,True,0.941215350546995,4.328750486075473e-44,0.023303100403998665,0.035481549049006245
"Unlike Mesopotamian writings, the records left by the Maya are principally concerned with:",political and military history.,philosophy and religion.,trade and economics.,astronomy and mathematics.,A,False,0.05101709204784932,0.8096292645231737,0.013483808763169305,0.1258698346658076
"Based on archaeological evidence, which of the following is accurate regarding civilization in general?",The occurrence of warfare decreases as people increasingly invest time in the production of art.,The occurrence of warfare is uncommon and occurs only with the concentration of wealth.,The concentration of wealth is a common feature.,The concentration of wealth is uncommon and occurs only occasionally.,C,True,0.0639712294995595,0.07003680875611186,0.7058393084913331,0.16015265325299546
"Based on the morphology of fossil hominids dating from about 1.8 million until about 400,000 years ago, researchers argue that:",there were two or more related but geographically separate hominid species during this period that evolved from earlier African hominids,"hominids dating from this time can be grouped into different species in Africa, Asia, and Europe.","all of the hominids that evolved from Homo habilis and predate Homo sapiens belong in a single, geographically widespread but morphologically diverse species known as Homo erectus.",all of the above,D,True,0.11117973280998879,0.0442176179713649,0.06117991848257265,0.7834227307360736
The evolutionary histories of different kinds of organisms and their relationships to each other are illustrated in a:,diastema.,phylogeny.,mosaic.,"genera,",B,True,4.569390251103038e-44,1.0,4.569390251103038e-44,4.569390251103038e-44
"In comparison to an Oldowan tool, a hand axe ____________.","is made out of stone, wood, or bone.",needs constant cleaning and maintenance.,requires metal and a source of heat to be forged,requires many more flakes to be removed.,D,False,0.2774855561746352,0.028960307397354522,0.35957377871305246,0.33398035771495777
Homo erectus is most closely associated with which tool-making tradition?,Occipital,Acheulean,Oldowan,Stadial,B,True,0.04616473934200158,0.6735999097747032,0.28023535088329526,4.0514494328164883e-44
Opportunistic foraging involves:,careful planning and scheduling.,reliance on steady sources of food such as shellfish.,"increased use of imported or ""exotic"" materials",little planning,D,True,0.011753659060630434,0.022241582035177464,0.021219666176839628,0.9447850927273524
"In rare cases, the residue of blood on ancient stone tools can:","prevent archaeologists from doing their research, since only forensic anthropologists can study bloody tools.",be used to identify the species of animals killed and likely eaten.,be used to predict the types of weapons that were not used for hunting.,none of the above; blood does not preserve and has never been identified on stone tools.,B,True,4.0146547080215816e-44,0.9771211637281485,0.013113372754158003,0.009765463517693572
How were the royal cemeteries of the Moche discovered?,Thieves raiding the tombs were caught by the police.,A forest fire burned away the dense vegetation that concealed the cemetery.,Archaeologists discovered an exact replica of the city in the map room.,A flock of sheep that had been living there fell into a tomb.,A,False,0.1047077456015243,0.7724381293764359,0.04754046742557432,0.07531365759646536
The ancient city of Cahokia contained more than _______ and a population of around _______.,"120 earthen mounds; 10,000","60 burial mounds; 2,000","50 religious monuments; 5,000","200 pyramidal mounds; 200,000",A,False,0.4261606503925532,0.033548881976948955,0.04623947353346947,0.4940509940970283
"Based on the analysis of oxygen isotope ratios in the shells of gastropods found in the sediments of an ancient lake, what happened to civilization in the Indus Valley?",It became increasingly complex due to increased rainfall and longer growing seasons.,It eventually collapsed due to climate change and drought.,It collapsed due to increased monsoons and a series of catastrophic floods.,It evolved into a series of city states along rivers and lake shores.,B,True,0.015983938650152078,0.9078906335322031,0.056390250703507366,0.01973517711413745
Clovis points are NOT found in:,Alaska.,Mexico.,Canada.,the continental United States.,A,False,0.18880070251548406,0.29235194706726436,0.1862967019691589,0.3325506484480927
Which culture lived a primarily sedentary lifestyle in the Southwest?,Adena,Mogollon,Kwakiutl,Mississippian,B,False,0.023099659255694065,0.4448847974800536,0.011817148823364449,0.5201983944408879
Lewis Henry Morgan conceived of progress in human culture according to the stages of:,"Savagery, Barbarism, and Civilization.","Savagery, Civilization, and Collapse.","Barbarism, Primitivism, and Civilization.","Stone Age, Bronze Age, and Iron Age.",A,True,0.9585738460459956,0.01159751525326303,0.01082424551269099,0.01900439318805031
"By 1900 B.P., the central elements of Mayan culture were in place. These did NOT include:",stratified societies ruled by kings.,ritual ball games and a reverence for precious jade.,a sophisticated bronze producing industry.,a hieroglyphic written language and calendar.,C,True,0.051777937344067514,0.024444570810837826,0.854963235448703,0.0688142563963917
Machu Picchu was built in the mountains as a:,defensive stronghold.,shrine to the Inca rain god.,relaxing getaway for elites.,astronomical observatory.,C,False,0.3571387523951426,0.19855369522144645,0.2212400184325787,0.22306753395083226
What evidence is there that Neandertals were hunters?,Neandertal canine teeth showed that they relied only on meat for their subsistence.,Animal bones were found showing stone tool cut marks and no animal teeth marks.,"Bones of large animals, such as elephant and horse, were found in caves.",Both A and C.,B,False,4.769558296225953e-44,0.03644209226605288,4.769558296225953e-44,0.963557907733947
Why do we know more about Neandertals than other extinct species of premodern humans?,Neandertals spread throughout the world and their remains are found on every continent.,Neandertals used caves in Europe where their remains were preserved.,"Neandertal populations were larger and more violent than any other premodern humans, whom they drove to extinction.",Neandertals left crude but intelligible written records.,B,True,0.012843167628840493,0.9738443080833842,0.013312524287775452,4.042251265304914e-44
The attitude of many ancient elites toward the consumption of resources seems to have been:,"“a penny saved is a penny earned.""","""if you've got it, flaunt it.""","""look before you leap.""","""the last shall be first and the first shall be last.""",B,True,0.014785351537483832,0.9852146484625162,4.10573485873117e-44,4.10573485873117e-44
"In 1797, John Frere made a discovery that he described as:",animal remains scattered on the surface of the ground.,the earliest written documents.,primitive stone tools excavated at great depth.,human skulls with ape-like features.,C,False,0.49074002360745744,0.01922978086540058,0.45686632109155223,0.03316387443558968
"Which of the following first described human culture according to a predictable chronology of a Stone Age, Bronze Age, and Iron Age?",uniformitarianism,multilinear evolution,three-age system,. triple-age catastrophism,C,True,4.34321053089234e-44,0.012383271825961427,0.9876167281740386,4.34321053089234e-44
"Tiwanaku, with its capital at Titicaca, was one of the ___________ kingdoms of the ancient world.",richest,strongest,largest,highest,D,False,0.07444941069267719,0.08620450544273604,0.6089619544682323,0.2303841293963544
Monte Alban is located in the ________ and was built by the _________.,Valley of Mexico; Aztec.,Valley of Oaxaca; Zapotec.,Amazon floodplain; Olmec.,Yucatán Peninsula; Maya.,B,True,3.9458718182207756e-44,0.9906892968911011,0.00931070310889897,3.9458718182207756e-44
"In Holocene Africa, the __________ was replaced by the ____________.",microlith blade; backed blade,Iberomaurusian culture; Capsian culture,Capsian culture; Iberomaurusian culture,Maglemosian; Natufian,B,False,0.16842063230598434,0.30826111936082184,0.3847502851829835,0.13856796315021017
What was NOT a deciding factor in the development of Mesopotamian civilization?,the need to concentrate population away from arable lands near rivers,"the need to construct monumental works, such as step-pyramids and temples",the need to develop a complex social system that would allow the construction of canals,the use of irrigation to produce enough food,A,False,0.09190415877415974,0.1180156073730981,0.713811949495301,0.07626828435744118
Which of the following crops was NOT an important component of Hopewell subsistence?,sunflower,squash,maize,knotweed,C,False,0.08817777588307917,4.909614227110099e-44,0.06054685675840454,0.8512753673585163
Unequivocal evidence for art as symbolic expression dates from as early as:,"95,000 BP, at Dolni Vestonice.","77,000 BP, at Blombos Cave.","50,000 BP, at Des Moines, IA.","36,000 BP, at Wharton Hill.",B,True,0.3151615365183385,0.6135496265338657,0.02458926392159139,0.04669957302620433
What was the Chinese technique of stamped or pounded earth that was used in construction of house walls and defensive structures?,Hang-t'u,Scapulimancy,Lung-shan,Qin manufacture,A,True,0.9913785273903081,4.194173999047311e-44,0.008621472609691828,4.194173999047311e-44
The Lake Forest Archaic tradition relied on ____________ resources; the Maritime Archaic hunted ___________ creatures.,pelagic; midden,lacustrine; pelagic,midden; littoral,littoral; lacustrine,B,False,0.08402068015709445,0.13837379197222152,0.40627251794247804,0.3713330099282061
Genetic evidence indicates that the modern Inuit are the descendants of which people?,Paleo-Eskimos,Dorset,Thule,Clovis,C,True,0.30304891366652964,0.18242067549729496,0.49580224802294776,0.01872816281322765
Which tool technology is associated with anatomically modern Homo sapiens?,Aurignacian,Acheulean,Mousterian,both b and c,A,False,0.3274192449936506,0.02974459826250399,0.03233765188911595,0.6104985048547293
What is the difference between an absolute date and a relative date?,"An absolute date is known by everyone, while a relative date ranges from 30 to 50 years.","A relative date is derived from radiometric dating techniques, while an absolute date is only associated with written documents.","A relative date refers to a year or a range of years, while an absolute date indicates a chronological order.","An absolute date refers to a year or a range of years, while a relative date indicates a chronological order.",D,True,0.01844821676925302,0.016928083930358252,0.20618868862356238,0.7584350106768264
"Upon exploring Rhode Island, the Italian navigator Giovanni de Verrazzano noted that the native people resembled:",Italians.,Asians.,Australians.,Melanesians.,B,True,0.14178104571969533,0.6548978151432485,0.06084461602430798,0.14247652311274825
"Like the urban centers of the Indus Valley, Teotihuacán appears to have been:",equipped with sophisticated plumbing and cooling systems.,subject to constant outbreaks of plague and disease.,surrounded by an enormous agricultural hinterland.,planned and built on a grid pattern.,D,True,0.029517149979042565,0.10051659614592584,0.05967697392775503,0.8102892799472765
The population of the Valley of Mexico was supported by means of:,"long-distance trade, salt mining, and stone masonry.","hunting and gathering, fishing, and cultivation of root crops.","advanced medical, artisanal, and metallurgical technologies.","agricultural irrigation, terraces, and artificially raised fields called chinampas.",D,True,0.00947860521699921,0.013332029543589833,4.1481397850708913e-44,0.9771893652394109
"Which subfield of anthropology has been described as studying ""other people's garbage""?",primatology,archaeology,paleoanthropology,linguistics,B,True,4.870658247595525e-44,1.0,4.870658247595525e-44,4.870658247595525e-44
What did the Moche build at the heart of their urban center?,a vast complex of temples and artisan workshops,an enormous walled-in precinct of elite residences,the Pyramid of the Sun,the Temple of the Feathered Serpent,C,False,0.5229351696005918,0.22539085482329738,0.0680192822637992,0.18365469331231163
Mayan city-states were NOT:,ruled by autonomous dynasties.,similar in their political organization to Egyptian communities.,supported by large agricultural hinterlands.,much smaller in population than Mohanjo-daro.,B,True,0.21915175091857367,0.2774814312192979,0.23801609951926003,0.2653507183428682
The argument in favor of hominids making and using stone tools by at least 3.3 million years ago is supported by:,cut marks on animal bones that were made by butchering with pieces of stone.,the anatomy of Australopithecus africanus hands and analogies with studies of living non-human primates that demonstrate tool use.,"simple stone cores, anvil stones, and flakes found at the Lomekwi 3 site in West Turkana, Kenya.",all of the above.,D,True,0.020594986513349407,4.332823836952684e-44,0.010548927257906428,0.9688560862287442
"What do the amounts of rainfall in the Maya homeland, as reflected in variations in oxygen isotopes in a stalagmite in Yok Balum Cave in Belize, correspond to?",increased rainfall and severe flooding that led to the collapse of Maya ceremonial centers,severe drought and a decline in construction at Maya ceremonial centers,increased rainfall and increased storage of surplus food from agriculture,increased warfare and the abandonment of the entire region,B,True,0.08884971997094845,0.830191338793609,0.059161447369908714,0.02179749386553391
"In the author's two-hour movie representing the history of the universe, when do the earliest members of the human family appear?",at the beginning of the film,about half way through the film,90 minutes into the film,during the final 3 seconds of the film,D,True,0.15232979872733143,0.28223512463840056,0.2393830045750985,0.3260520720591694
Which best describes Stonehenge?,Megalithic monument,Halafian monumental center,Chavin ritual monument,Mesopotamian monument,A,True,1.0,4.165685807542719e-44,4.165685807542719e-44,4.165685807542719e-44
Which commonly used name for a culture was borrowed from another Native American language and literally means “ancient enemies”?,Kwakiutl,Hohokam,Anasazi,Mogollon,C,True,0.12174510798839228,0.056622349817157934,0.7239861919864576,0.09764635020799217
Paleogenetic and paleoecological evidence points to dates of occupation for Australia as far back as:,"80,000 B.P.","70,000 B.P.","60,000 B.P.","40,000 B.P.",C,False,0.3850100614661837,0.15034381445613462,0.21140374058455635,0.2532423834931254
The Egyptian system of hieroglyphics:,did not use pictographs,appears to have developed suddenly,was the earliest form of writing in the world,all of the above,B,False,0.04145896253454746,0.04844839367033881,0.026078658123323547,0.8840139856717902
What do we know about the people who built Stonehenge based on the analysis of animal teeth from a nearby village?,"They raised livestock at the site, including cattle, sheep, and goats.",They brought animals to the site from outside of the region.,They had no domesticated animals but hunted wild animals for meat.,"They hunted antelope, gazelle, and bear.",B,False,0.8679890581777541,0.07363593757220498,0.05837500425004093,4.48292574589515e-44
Evidence from the modern human genome suggests that genes inherited from Neandertals:,are universally beneficial to modern humans.,control the metabolism of fat in modern Europeans.,are associated with human diseases such as Lupus.,both b and c.,D,True,0.04251140872123172,0.03991601334728077,0.01826538576377764,0.8993071921677098
The Nazca geoglyphs extend over miles and represent:,entrances to subterranean tombs of the elite.,vast architectural designs for cities and towns.,ceremonial pathways and effigies of spirits and gods.,landing strips for spaceships.,C,True,0.007737665042897509,4.014738364633101e-44,0.9647347451336497,0.027527589823452846
The fact that early excavators of Teotihuacán mistook ordinary housing compounds for palaces suggests:,the general standard of living was high.,commoners took over the residences of the elite.,"the city was a democracy, ruled by common farmers and artisans.","the society was mostly egalitarian, with almost no social stratification.",A,False,0.06825388402568683,0.5297214917933846,0.05184030529718653,0.35018431888374196
Why is the timing of monumental construction at Ceibal significant?,It contradicts the hypothesis that the monumental construction of the Maya was largely inspired by the Olmec.,It confirms that the residents of Ceibal were inspired by the Olmec to build large platforms.,It contradicts the hypothesis that the development of monumental construction among the Maya was an internal process.,"It confirms that the Olmec, who built most of the Maya monuments, were inspired by the Egyptians.",A,False,0.37678222905177794,0.04792474071900127,0.5752930302292208,4.130087906164952e-44
The origins of Chinese civilization can be traced to:,the site of An-yang near the Huang ho River.,chiefdoms and states in numerous regions throughout China.,the beginning of the Qin Dynasty.,external influences originating from the Indus Valley.,B,False,0.9833791159790106,0.016620884020989473,4.0640824215369686e-44,4.0640824215369686e-44
How long ago did human groups begin actively controlling their food sources by artificially producing conditions under which these sources would grow?,"within the past 6,000 years","within the past 12,000 years","within the past 18,000 years","within the past 28,000 years",B,True,0.14443897612459963,0.32912637903051495,0.26000977014697224,0.26642487469791326
For which of the following is there evidence for Neandertals?,Neandertals adorned themselves with pendants and necklaces.,Neandertals buried their dead.,Neandertals produced and used complex stone tools.,All of the above.,D,True,4.530870269244761e-44,0.022150496701881746,0.016251256367398083,0.9615982469307202
What occupation date do most archaeologists agree on for Australia?,"no earlier than 80,000 years ago","soon after 60,000 years ago","soon after 40,000 years ago","no earlier than 20,000 years ago",C,False,0.32315998976484656,0.14939666128206686,0.281601577149013,0.24584177180407366
Which of the following dating techniques are based on the measurement of the amount of energy trapped in materials that have been heated at archaeological sites?,argon/argon and potassium argon dating,archaeomagnetic and radiocarbon dating,luminescence dating and optically stimulated luminescence,X-ray fluorescence and paleomagnetic dating,C,True,0.17173763428675606,4.4694065767617624e-44,0.7872157319099574,0.0410466338032865
Which tool technology is associated with Neandertals?,Aurignacian,Acheulean,Mousterian,both b and c,C,False,0.07627441695891746,0.0652303914353998,0.3003455023954839,0.5581496892101988
"Conflict models emphasize the importance of __________ tensions in the development of state societies, while integration models emphasize ____________ tensions.",external; internal,military; religious,internal; external,extrafamilial; interfamilial,C,False,0.6568787933968078,0.01465108444874846,0.2902390972394983,0.038231024914945434
Homo erectus differed from Homo habilis in which way?,Erectus fossils are found only in Africa.,Erectus possessed a smaller brain.,Erectus possessed a larger brain.,Erectus was a relatively short-lived species.,C,True,0.033114355569276735,0.04273101876817435,0.9066932874603013,0.017461338202247628
There is general consensus among paleoanthropologists that anatomically modern humans:,"migrated out of Africa into western Europe between 150,000 and 200,000 years ago and then spread into Asia, Australia, and the Americas.","evolved in Asia between 100,000 and 50,000 years ago, and then migrated into Africa, Europe, Australia, and the Americas.","evolved independently and simultaneously in Africa, Europe, and Asia and then migrated into Australia and the Americas.","migrated out of Africa into Southwest Asia between 150,000 and 100,000 years ago and then spread into Europe, Asia, Australia, and the Americas.",D,False,0.5206720558060661,0.06703192457743011,0.028781994254818883,0.38351402536168494
Homo erectus was:,"a stable, long-lived species.","an unsuccessful, short-lived species.",the first hominid to make and use stone tools.,the first hominid to stand “erect” and walk upright.,A,False,0.025405109596069897,0.030144522116661993,0.4268053476520526,0.5176450206352156
About 2.6 to 1.9 million years ago the planet became much _____ and entered the ______:,colder; Pleistocene epoch.,hotter; Miocene epoch.,colder; Pliocene epoch.,hotter; Pleistocene epoch.,A,True,0.5219101418181051,0.01999501376965734,0.18266963185912338,0.2754252125531141
Mayan art and iconography prominently feature depictions of:,infants and children.,stars and comets.,love and sex.,mutilation and violence.,D,True,0.12917140414936337,0.08297996861973886,0.08697527968596454,0.7008733475449331
Taphonomy is:,a systematic classification based on similarities and differences.,a dating technique based on the decay of a radioactive isotope of bone.,"a study of the spatial relationships among artifacts, ecofacts, and features.",the study of how materials ended up in a particular place.,D,True,0.005489895454930007,4.0225005043963616e-44,0.010970365726535735,0.9835397388185343
"The large, extinct herbivores of the Pleistocene era are referred to as:",megaliths.,megafauna.,megaflora.,megatrons.,B,True,4.0958862720462104e-44,1.0,4.0958862720462104e-44,4.0958862720462104e-44
"Recovery of more than 6,500 bones and bone fragments from 28 individuals of a single hominid species at the Cave of the Bones in Spain provides:","little evidence of diversity, since each individual represents a different species.",unusually good evidence to examine diversity within a hominid species.,evidence of interbreeding between Homo neanderthalensis and Homo erectus.,relatively little evidence to examine diversity within the species.,B,True,0.010870739187369237,0.9254091845165939,0.038151893950673435,0.02556818234536351
Charles Darwin discovered that plants and animals had evolved through a process known as ____________. Early archaeologists discovered that ______________________.,scientific creationism; human culture evolved differently than plants and animals,unilineal evolution; civilizations evolved more quickly than plants,natural selection; human culture did not evolve or change much over time,natural selection; human culture had evolved over an enormous period of time,D,True,0.08127192149018643,0.04484180213661085,0.04166983091770723,0.8322164454554956
"The construction of large-scale features, such as mounds and shell middens, is often taken by archaeologists as evidence of:",the practice of slavery.,social and political complexity.,a Mesolithic tradition.,the shift from Paleolithic to Neolithic.,B,True,0.004748055499279852,0.9952519445007201,4.0185147870822194e-44,4.0185147870822194e-44
The Shang Dynasty laid the foundation for a coherent development of Chinese civilization that lasted well into the:,10th century.,13th century.,17th century.,20th century.,D,True,0.11906940601945068,0.21921675012360448,0.1011661856324929,0.5605476582244519
What do Homo sapiens and Australopithecus afarensis have in common?,a mode of locomotion,a reliance on brachiation,a lack of sexual dimorphism,all the above,A,False,0.09848217152549135,0.02218317307888119,0.023917567530779255,0.8554170878648482
What effect did the late Pleistocene to early Holocene climate change have on human populations?,It forced populations to move toward the equator.,It tested the ability of human beings to adapt.,It forced humans to wear clothing.,It had no effect at all.,B,True,0.01216978022688626,0.8992949327464382,0.035836615435010155,0.052698671591665344
Recent discoveries of Homo naledi fossils in the Dinaledi Chamber of the Rising Star cave system in South Africa suggest a mixture of post-cranial morphologies or mosaic of hominid traits. One of the reasons this new species is controversial is that:,there are already two well-known species of Homo and it is unlikely there were more than two species at one time.,paleoanthropologists did not make the discovery and it was found in an inaccessible cave in South Africa.,"there is, as yet, no firm date that can be applied to the specimens.",the Homo naledi fossils have been shown to pre-date the earliest known hominid fossils by millions of years.,C,True,0.1005861740100092,0.05681499077110809,0.8212240596956125,0.02137477552327017
"A genetic study comparing the bones of a 7,000-year-old skeleton found in Germany, eight human skeletons dating to 8,000 years ago in Luxembourg, and more than 2,300 living Europeans found that the modern European genome included contributions from:","the earliest anatomically modern Homo sapiens who lived in Europe 45,000 years ago.","people genetically traceable to the Middle East who moved into Europe about 9,000 years ago.","people who moved there from west Asia less than 5,000 years ago.",all of the above.,D,True,0.03297353627153506,0.19389713928516167,0.0625296477696811,0.7105996766736222
Which of the following is archaeological evidence of social stratification and inequality?,Burials without exotic grave goods also contain bones indicating that they engaged in less strenuous labor.,Burials with exotic grave goods also contain bones indicating that they engaged in less strenuous labor.,"Burials all contain equal amounts of exotic grave goods, but some are more impressive than others.","Burials contain bones indicating that people were segregated based on gender, stature, and personal capabilities, including artistic abilities.",B,True,0.2033823961898171,0.6446950163677471,0.053641822381091414,0.09828076506134432
"Periods much colder than the present, which were characterized by widespread ice and snow cover, are known as:",altricials.,glacials.,interstadials.,interglacials.,B,True,3.9290223608673594e-44,0.8126665509977375,0.012179653566248857,0.17515379543601356
"Up to 50,000 years ago, what was the relationship between anatomically modern humans and us?",They looked and thought like us.,They looked like us but did not think like us.,They thought like us but did not look like us.,They did not look or think like us.,B,False,0.10398739346231628,0.28123895315764524,0.10640080844920974,0.5083728449308287
The Omo I cranium discovered along the Omo River in southern Ethiopia demonstrates:,"the evolution of anatomically modern humans from premodern species about 200,000 years ago in Africa.","the simultaneous evolution of anatomically modern humans about 100,000 years ago in Africa and Europe.",the development of a larger brain prior to the first evidence for tool making.,both b and c.,A,False,0.16032952087841737,0.03724302961365092,0.022538214772830637,0.7798892347351012
Researchers who study humans by residing in particular societies and observing the behaviors of the people are known as:,archaeologists.,ethnographers.,linguists.,paleoanthropologists.,B,True,3.9465043819308325e-44,0.9934171314002563,0.006582868599743638,3.9465043819308325e-44
"What culture used hide boats and spread across the Arctic, from Alaska to Greenland beginning about 700 years ago, in a third wave of migration from the Old World into the New?",Paleo-Eskimos,Dorset,Thule,Clovis,C,True,0.14111626053267654,0.10120723975893253,0.7200700604195656,0.037606439288825344
What Mesopotamian institution was set apart and had powers before the advent of social complexity?,the military,the state,the temple,the hunting association,C,True,0.026407859182112758,0.1163131080530053,0.8343510375555528,0.022927995209329158
What was concluded in a recent study comparing the genomes of modern people with ancient skeletal remains in North and South America?,"Native Americans in North America and South America genetically diverged from each other and their ancestors in the far north by about 30,000 years ago.","All Native Americans, both ancient and modern, are derived from a single migration of Austral-Melanesians into the Americas by about 13,000 years ago.","All Native Americans, both ancient and modern, are derived from a single migration of the Inuit, who arrived in the Americas by about 13,000 years ago.","The separation between native Siberians and the earliest Native Americans occurred sometime between 20,000 and 23,000 years ago.",D,True,0.30553954196426497,0.13147134298941945,0.03885310917415129,0.5241360058721644
"Based on the strontium isotope ratios in the teeth of people buried at Copán, who were the rulers?",local elite who rose to power based on their popularity and knowledge of politics,foreigners from different regions across much of the Maya territory,an elite class of astronomer-priests who ate mostly vegetables and fish,Egyptian emigrants who arrived on ships and taught the Maya how to build pyramids,B,True,0.04299289976660314,0.817600924626921,0.07258807704783245,0.06681809855864329
"What does the lid of the sarcophagus of Pacal the Great, ruler of Palenque, depict?","the slain enemies of the king, with a series of hieroglyphs representing all of the great cities and civilizations of the world",the dead king suspended between the Maya earth monster and the Quetzal bird which symbolizes the Maya heaven,the Aztec king ascending to heaven on a chariot made of gold,an ancient alien looking through a telescope and piloting a spaceship,B,True,0.09020948095564907,0.885235518248113,4.344269605877194e-44,0.02455500079623791
The commoners of the rural Aztec villages of Capilco and Cuexcomate:,"were ruled by an iron fist by the king, who had armies stationed there.",were forced to send half of all maize they grew to the king as tribute and lived in absolute poverty.,were mostly left alone and did fairly well for themselves.,had no protection from city states that invaded from the north.,C,True,4.0686844935906444e-44,0.21521800996271873,0.7624365670017973,0.022345423035484063
The skulls of the earliest migrants to the New World do not match those of modern Native Americans. This suggests that:,modern Native Americans are probably not descended from these early migrants.,"the ""skull"" haplogroup was not passed on.",modern Native Americans have very different DNA.,craniometrics is an unreliable method of tracking populations.,D,False,0.7752116315761157,0.07743556607584672,0.025408782578767105,0.12194401976927025
A place where people lived and/or worked and where the physical evidence of their existence can be recovered is an archaeological:,artifact.,sample.,site.,culture.,C,True,0.009698708013637354,4.524839898249703e-44,0.9903012919863626,4.524839898249703e-44
The practice of _________ allowed the Inca to greatly increase the amount of arable land.,irrigating,terracing,slashing and burning,fertilizing,B,True,4.280692541196534e-44,0.8565460335509976,0.14345396644900232,4.280692541196534e-44
"In Randall White's view, what do items of personal adornment imply during the Upper Paleolithic period?",a willingness to travel great distances,a hobby done around the campfire at night,increasing awareness and importance of individual identity,greater intelligence and willingness to cooperate,C,True,0.020588407116871606,4.177984565203554e-44,0.9291231817260642,0.050288411157064145
The revolution in food production that accelerated worldwide population growth is called the ________; it occurred _____ years ago.,"Upper Paleolithic Transition; after 35,000 years ago","Mesolithic Demographic Transition; beginning 18,000 years ago","Neolithic Demographic Transition; beginning 11,000 years ago","Neolithic Revolution; after 5,000 years ago",C,True,0.017439637545556046,0.0210826522764939,0.8803926008627098,0.08108510931524032
Trace element analysis can be used to determine:,the morphology and age of an artifact or ecofact.,the geographic source of the raw material from which an artifact was made.,the wear patterns on tools.,"the associations and context of an artifact, ecofact, or feature.",B,True,0.020604107819420982,0.9484052261107323,4.056083599454804e-44,0.030990666069846764
The record-keeping system used by the Inca in which a series of knotted strings were used as mnemonic devices is called:,cuneiform.,rachis.,mit'a.,khipu.,D,True,4.0461726346386386e-44,4.0461726346386386e-44,0.005963279569383823,0.9940367204306161
The Minoans inhabited the _________ island of Crete.,Mediterranean,Egyptian,Mesopotamian,Indonesian,A,True,0.9858306430129649,4.029176799406422e-44,0.014169356987035073,4.029176799406422e-44
Which of the following describes a key change in hominids beginning at least as early as Homo erectus that is probably related to increasingly larger brain size?,microcephaly,neoteny,prognathism,supraorbital cortex,B,False,0.022396316368797235,0.16381941572537428,0.029893512915699867,0.7838907549901286
Inca architecture is noted for its:,"incorporation of wood, earth, and stone.",unprecedented size and sophistication.,precise jigsaw-like stone masonry.,use of the vaulted arch.,C,True,0.03775149269729936,0.04522538827105596,0.8892652736535459,0.027757845378098788
What was found in some of the burials at the principal Liangzhu site in eastern China that represents elite status?,finely crafted large jade disks called bi,thousands of shell discs called “bi” that were used as a source of money,copper earspools that were worn by the deceased,gold headdresses that were worn by the deceased,A,True,0.6131854097041661,0.2496850323645218,0.024149914821111316,0.11297964311020063
Most caves containing paintings are:,expensive to visit.,buried deep underground.,found in France.,closed to visitors because of light and moisture damage.,D,True,4.0082690063387323e-44,0.014107176875126873,0.4209449504575193,0.5649478726673538
Which of the following is evidence for interbreeding between anatomically modern humans and Neandertals?,All modern humans share a major percentage of their genome with Neandertals.,All Neandertals share a major percentage of their genome with modern humans.,A small but significant percentage of the genome of modern humans who trace their ancestry to Europe and Asia originated with Neandertals.,A small but significant percentage of the genome of Neandertals is found in anatomically modern humans who trace their ancestry to Africa.,C,True,0.06603806425873443,4.1565754234556365e-44,0.9088825127951019,0.025079422946163752
Upper Egypt is ________ of Lower Egypt.,north,south,east,west,B,True,0.10069576983003017,0.7500145761408704,0.011445201866303554,0.13784445216279592
The death of Qin Dynasty emperor Ying Zheng was marked by what elaborate memorial?,An enormous mortuary temple filled with gold and gems.,An enormous pyramid constructed out of millions of huge limestone blocks.,The collective suicide of 60 members of the royal family.,"An 8,000-member life-sized terra cotta army.",D,True,0.06240801998695147,0.02079607553177361,0.02694324974098912,0.8898526547402859
The Mayan king Yax Pahsaj symbolized his royalty on a stele that depicts:,"an eagle, a serpent, and a jaguar, all of which were important royal animals.",a series of decisive military conquests against a rival king.,a lightning bolt descending from heaven and marking him as the leader.,the founder of the dynasty “passing him the torch.”,D,False,0.9347482999624034,0.01838538278692892,0.04686631725066766,4.3150622372806095e-44
Why did the spear-thrower represent a useful innovation and to when does it date?,It made warfare so deadly that it became obsolete beginning in the Middle Paleolithic and Middle Stone Age.,It allowed artistic expression by hunters beginning in the Middle Paleolithic and Middle Stone Age.,It launched larger spears more quickly and more frequently beginning in the Upper Paleolithic and Late Stone Age.,It launched projectiles with greater force and accuracy beginning in the Upper Paleolithic and Late Stone Age.,D,True,0.02482358656546155,0.016627448807345374,0.38397785143795177,0.5745711131892413
From which of the following primates do humans descend?,chimpanzees,gorillas,orangutans,none of the above,D,False,0.5339533542918681,0.0852286788682995,4.1434998138755683e-44,0.3808179668398323
Excavation of Yang-shao sites in China indicates which domesticated crops?,"beans, millet, and maize.","wheat, rice, and peas.","sorghum, emmer, and legumes.","millet, cabbage, and rice.",D,False,0.6378311566493878,0.0270235325835498,0.2465983657477022,0.08854694501936036
A subsistence strategy and settlement pattern based on seasonality and planned acquisition of resources is known as:,opportunistic foraging.,logistical collecting.,symbolic foraging.,mobiliary collecting.,B,True,0.26290184163772223,0.5945373480607012,0.05040893478267843,0.09215187551889793
"Analysis of the teeth of a hominid species discovered in Malapa Cave in South Africa, dating just after 2 million years ago, indicates a diet that consisted primarily of:","fruits, leaves, and C3 plants.",meat derived from carnivorous mammals.,"meat, fish, and some plants.",C4 grasses that may have included wild wheat.,A,False,0.2716023163236563,0.201613948760874,0.3531658667611576,0.17361786815431213
The appropriateness and usefulness of pedestrian survey depends on:,the presence of primary and secondary refuse.,"naturally exposed layers in which to search for artifacts, ecofacts, or bone.","associations that can be established between artifacts, ecofacts, and bone.",the existence of a cache or collection of artifacts.,B,False,0.07576956116803073,0.13246077240797263,0.7917696664239967,4.3646109551050187e-44
"Since the end of the Pleistocene, humans have increasingly been responsible for the extinction of animal species. If allowed to continue, what are the likely consequences of these extinctions?",It will have negative impacts on agriculture.,It will have negative impacts on water quality.,It will have negative impacts on human health.,All of the above.,D,True,0.011035941911341347,4.0958305020114105e-44,0.008996131870480293,0.9799679262181784
what is one of the important differences between the middle and upper paleolithic?,decreased use of imported raw materials and increased use of whatever was locally available,"smaller sites, indicating a change from large roving bands of hunters to the earliest family groups and households","a profusion of stone tool traditions, indicating a change from temporal and geographic homogeneity to greater diversity and variability","a gradual decline in the use of stone hand axes and tools, indicating a change to more flexible and workable materials such as wood and bone",C,False,0.5357660068117044,0.4013038501005077,0.06293014308778797,4.4372636173507164e-44
Where did the world's first civilization develop?,Eastern China,Crete,Egypt,Mesopotamia,D,True,4.4601680555845673e-44,0.024215931262282532,0.037755427235549324,0.9380286415021681
There is evidence that premodern Homo sapiens existed:,"800,000 to 200,000 years ago.","600,000 to 30,000 years ago.","400,000 to 10,000 years ago.","100,000 to 10,000 years ago.",B,False,0.08726950814405426,0.31846781723979384,0.34057171669630937,0.2536909579198426
"In primates, the location of which of the following determines if it is a quadruped or biped?",the feet,the skull,the foramen magnum,the ulna,C,True,0.030773134349742503,4.380469282279945e-44,0.9692268656502576,4.380469282279945e-44
Homo habilis emerged around ________ years ago; Homo erectus followed at around _________ years ago.,4.5 million; 3.2 million,3.6 million; 2.8 million,2.5 million; 1.8 million,"1.4 million; 800,000",C,False,0.39044392211008633,0.411210460845038,0.12870564220471503,0.06963997484016067
In what way were Neandertals physically different from modern Homo sapiens?,"Neandertals had wide, squat torsos and short extremities.",Neandertals had smaller brains and larger noses.,Neandertal skeletons have more bones that modern Homo sapiens.,Both a and b.,A,False,0.14453137377221867,0.12404065856535168,5.298196164319214e-44,0.7314279676624298
"After 400,000 years ago, hominid evolution is characterized by:",bipedalism and relatively stable brain size.,a slight decrease in average brain size.,a rapid increase in brain size.,slowly increased brain size and the first stone tools.,C,False,0.44416625060499276,0.12485059352850385,0.2511303860642432,0.17985276980226014
"Which perspective asserts that the Earth and all living organisms are less than six thousand years old and have changed little, if at all, since then?",uniformitarian,paleoanthropological,creationist,all of the above,C,True,0.006369701183015567,4.012637963111378e-44,0.9011875003354614,0.09244279848152302
Archaeological evidence indicates that cattle were first domesticated where and how long ago?,"in western Europe, about 3,500 years ago","in sub-Saharan Africa, about 8,500 years ago","in North America, about 9,500 years ago","in the Middle East, about 10,500 years ago",D,True,0.05484166776534884,0.38804121790996043,0.02167137067430397,0.5354457436503868
The spread of a shared religious iconography in ancient civilizations may be an indication of what?,decreased violence and a time of increased peace,cultural and perhaps political unification,increased trade and the use of some form of money,the beginning of organized religion and ending of human sacrifice,B,True,0.012337259264245686,0.9706011890584906,0.017061551677263725,4.161313230236595e-44
"What made it possible to recover the nearly intact finely-made wooden spears from a 300,000-year-old site at Schöningen, Germany?","The soil was highly acidic and aerobic, which offers excellent preservation for organic artifacts.",The soil was waterlogged and provided conditions that allowed for the preservation of organic material.,"The wooden spears were placed in a cache of artifacts in plain sight, where archaeologists would eventually find them.","The wooden spears were covered with dried blood mixed with charcoal and mud, which allows for the preservation of wood.",B,True,0.046167709936035396,0.9345101839568889,0.019322106107075597,4.1197523294868637e-44
Which continent features the earliest evidence of etching into a rock face?,Europe,Africa,Asia,Australia,D,True,0.26312564484816886,0.262682126098562,0.1717290175642029,0.3024632114890663
Which of the following are dating techniques based on the half-life of a radioactive isotope and are used to date the age of rock?,argon/argon and potassium argon dating,archaeomagnetic and radiocarbon dating,luminescence dating and optically stimulated luminescence,X-ray fluorescence and paleomagnetic dating,A,True,0.8052919897670925,0.049255832246671113,0.09920720888469163,0.04624496910154477
Australian and America megafauna were probably wiped out by:,humans.,environmental changes.,both humans and environmental changes.,humans who carried diseases over the land bridge.,C,True,0.2144001959632766,0.09954572070565049,0.5953931497375686,0.09066093359350434
Archaeological and genetic evidence indicates that the process of domestication involving the separation of wolves from dogs occurred about:,"65,000 to no later than 48,000 years ago","45,000 to no later than 38,000 years ago","35,000 to no later than 18,000 years ago","15,000 to no later than 10,000 years ago",C,False,0.3494203435557092,0.17997495822916082,0.26166655968390246,0.20893813853122756
The first hominids could be described as:,quadrupedal knappers.,quadrupedal pongids.,bipedal apes.,bipedal quadrupeds.,C,True,0.13298230865502494,0.11901692403045626,0.6153639625264465,0.13263680478807224
The undersea chasm between New Guinea/Australia and Java/Borneo is called the __________.,Wallace Trench,Sahul Passage,Beringia Abyss,Bering Strait,A,True,0.8341099249610965,0.14852175831999317,4.38768117303495e-44,0.017368316718910367
"Evidence has been found at the Asikli Höyük site in Central Turkey for the domestication of which species within a few centuries after 10,400 years ago?",sheep,cattle,dogs,chickens,A,False,0.21793881181042402,0.14999099269937868,0.5811329984338953,0.05093719705630198
Which of the following is NOT true of the main Indus Valley cities?,A citadel was built on the western margin of each city.,"The ""upper cities"" were encompassed by monumental walls.",The blocks of residences were added haphazardly as needed.,The bricks used in the houses were a consistent size and shape.,C,True,0.05233850198606468,0.05244087664538,0.672855688083121,0.2223649332854344
The Younger Dryas was:,a warming period at the end of the Pleistocene.,"a period of glacial expansion between 12,900 and 11,600 years ago.","a period of glacial retreat between 10,900 and 9,000 years ago.",a period of environmental change that caused humans to temporarily abandon much of northern Europe.,B,False,0.07439218644866094,0.3878630508041629,0.45727118406091677,0.08047357868625951
Which of the following was described as “the slow agency of existing causes”?,natural selection,catastrophism,uniformitarianism,unilineal evolution,C,True,0.032521201598261704,4.3432106089730237e-44,0.9386270979164999,0.028851700485238333
Virtually all of the crops important in the European Neolithic:,were domesticated at the same time at communal farms.,were domesticated before groups became sedentary.,were independently domesticated in Europe,were imported from other regions.,D,False,0.05511846046789368,0.12058524084633128,0.6145747073123073,0.20972159137346777
Which of the following is NOT an innovation of the Mesolithic?,canoes,domestication of animals,European use of bow and arrow,crop irrigation systems,D,True,0.04678868120512182,0.024878804574816192,0.09096036107902263,0.8373721531410393
Pizarro was able to subdue the entire Inca empire largely because:,his horses and guns frightened the Incas into submission.,he was such a brilliant military strategist.,the empire had never won the allegiance of the peoples it had conquered.,"he arrived with a superior force of more than 80,000 soldiers.",C,False,0.8762095041169943,0.008527804326173075,0.09458929625945353,0.020673395297379195
The transition from food gathering to a total reliance on agriculture:,happened everywhere except in South America.,took thousands of years.,took hundreds of thousands of years.,always required careful planning.,B,True,0.12881650493289523,0.6768454087509265,0.14722887508938173,0.047109211226796704
"Between 1.4 million and 400,000 years ago, hand axe technology:",steadily improved.,steadily worsened.,changed only slightly.,evolved into a more sophisticated technology.,C,True,0.30464681404739147,0.04280530822700564,0.5033864064664184,0.1491614712591844
Artifacts must be carefully exposed and initially left in place in order to record:,the composition of the artifacts and surrounding soil.,spatial contexts and associations.,the possible presence of faunal assemblages or bone.,"the presence, morphology, and species of surrounding pollen.",B,True,0.018402904576433836,0.9555666063005592,0.026030489123007015,4.257296448566345e-44
During which time frame is there evidence for anatomically modern Homo sapiens?,"800,000 to 10,000 years ago","800,000 years ago to present","400,000 years ago to present","200,000 to present",D,False,0.14288055159359817,0.44281566513464904,0.16050892968005034,0.25379485359170256
Specialization of labor:,can only exist in a society which produces a food surplus.,"allows for sophisticated craft work (e.g., weaving, metalworking, pottery manufacturing).",is a characteristic of civilization.,all the above.,D,True,0.31617168913307164,0.04124672790352018,4.563869776512976e-44,0.6425815829634081
The Maya derived their writing and mathematics from the:,Mesopotamians.,Chavin.,Chinese.,Olmec.,D,True,0.07434858654642056,0.026244993890509338,4.0073311642621653e-44,0.89940641956307
Which foods are included in the triad of plants that provided the subsistence base for indigenous New World civilizations?,"maize, beans, and squash","maize, lentils, and wheat","rice, beans, and squash","yams, maize, and millet",A,True,0.9926695523747566,4.0629340879002987e-44,0.007330447625243314,4.0629340879002987e-44
What is the name of the largest structure at Teotihuacán and around how many platform monuments and pyramids were built there?,Pyramid of the Moon; 250,Temple of the Feathered Serpent; 400,Pyramid of the Sun; 600,Temple of the Inscriptions; 700,C,True,0.1777574290029955,0.11963377035431448,0.6372516691039668,0.06535713153872336
When did the Inca begin their military expansion across South America?,200 A.D.,900 A.D.,1450 A.D.,1650 A.D.,C,True,0.04110377815462355,0.13643183917143614,0.7842847635220113,0.038179619151929016
"During the Pleistocene era, the islands of Java, Sumatra, Bali, and Borneo formed ___________. The landmass connecting Australia, New Guinea, and Tasmania was called ___________.",Sunda; Wallacea,Wallacea; Beringia,Beringia; Sahul,Sunda; Sahul,D,True,0.41119842425940767,0.0296905469929337,0.05600551746708134,0.5031055112805773
The reason that archaeologists long suggested that the walls of Great Zimbabwe could not have been built by an indigenous sub-Saharan people was that:,the architecture was clearly built by Egyptians.,historical records show that it was constructed by early Dutch settlers.,symbolic motifs incorporated into the walls indicate that they were built by Indian traders.,they thought sub-Saharan Africans were incapable of such achievements.,D,True,0.05058896223338671,0.009672905356130324,0.022214006532536426,0.9175241258779466
What was a unifying element to the Chavin culture?,artistic styles incorporating the same creatures,woven textiles displaying common motifs,worked metal objects,all the above,D,True,0.0786959386540824,0.028501754554055028,0.024513923167382264,0.8682883836244804
Which of the following indicates a primary context?,a landfill where refuse from an entire community has accumulated,"artifacts, ecofacts, and bone exposed on the ground surface by erosion",the existence of a cache or collection of artifacts found where they were left,all of the above,C,False,0.03307264050875163,0.03486577084506518,0.06812534858759806,0.863936240058585
Which of the following is NOT one of Joseph Tainter's proposed causes for the collapse of ancient civilizations?,resource depletion,economic decline,elite mismanagement,epidemic disease,D,True,0.06752881875331805,0.026804405310269612,0.05112113698217125,0.8545456389542411
The archaeological remains of foundations at Pilfershire were found:,by taking a walk in the woods.,by carefully excavating an entire region.,using satellite imaging.,All of the above.,A,False,0.01935444723197496,0.18361164905368757,0.05637293819850337,0.7406609655158342
"The influence of the Tiwanaku was eclipsed by the _________ culture, to the north and west.",Moche,Inca,Wari,Aztec,C,True,0.134826230840015,0.3345441203756783,0.4930158237330352,0.03761382505127155
"How do archaeologists characterize the peoples who built monumental structures at Göbekli Tepe, Watson Brake, and Poverty Point?",agriculturalists,affluent foragers,archaic states,primitive civilizations,B,False,0.09763137178049557,0.12190416142749833,0.6175025598181293,0.16296190697387686
What is believed to be the reason for the development of a complex society at Caral in South America?,the need to collect large quantities of shellfish,the construction of canals for irrigation,the building of the Piramide Mayor,the excavating work to produce the sunken plazas,B,True,0.0876431199299421,0.48451908102545266,0.37350467210484034,0.054333126939764935
"The fossil evidence indicates that by 1.8 million years ago, a new hominid known as _______ had evolved.",Homo habilis,Homo erectus,Homo sapiens,Australopithecus afarensis,B,True,0.23964041847481485,0.5286854187805101,0.008718452385814273,0.22295571035886086
"The __________ tradition features finely made, leaf-shaped stone blades. The __________ tradition, which followed behind it, emphasizes bone and antler work.",Solutrean; Magdelanian,Gravettian; Solutrean,Magdelanian; Aurignacian,Aurignacian; Gravettian.,A,False,0.12117167522564992,0.1477573858048616,0.2007102535756494,0.5303606853938391
The fossils originally known as Sinanthropus pekinensis or “Peking Man” are now classified as:,Homo floresiensis.,Homo sapiens.,Homo erectus.,Homo habilis.,C,True,0.02811116699207923,0.013255585347214199,0.9314930130386498,0.027140234622056628
How does anthropology differ from other social sciences such as economics and sociology?,Anthropology is holistic and integrative in its approach.,Anthropology is less holistic and more theoretical in its approach.,Anthropology tends to focus on specific topics in history.,Anthropology is more narrowly focused than the other social sciences.,A,True,1.0,4.113297267492226e-44,4.113297267492226e-44,4.113297267492226e-44
"In periods of great difficulty and stress, it appears that the Minoans __________ in order to appease the gods.",sacrificed adults and occasionally children,burnt their own houses to the ground,fasted for long periods,abstained from sexual relations,A,False,0.4576998153233573,0.4723229105388265,0.025470883701558103,0.04450639043625812
Which of the following is true about the first apes?,There were a far greater number of genera than today.,They flourished in a broader area of the world than today's apes.,Some ancient species were larger than today's apes.,All of the above.,D,True,0.02754819246978418,4.2332441477766373e-44,0.030624300395160783,0.941827507135055
"For 99% of human history, people have depended solely on _________ for their subsistence.",collecting plants,fishing,agriculture,foraging,D,True,4.2863518724058823e-44,4.2863518724058823e-44,0.011760073341978275,0.9882399266580217
The possibility that Homo erectus possessed an aesthetic sense and may have created “art” is suggested by:,"the size of their brains, with a mean brain size slightly larger than modern humans.",cave paintings and elaborate burials with numerous grave goods at the Trinil site.,recovery of a shell at the Trinil site with an intentionally engraved series of lines.,all of the above.,C,False,0.02721052022377589,0.01695251959509514,0.027706373347011513,0.9281305868341175
When did Mohenjo-daro develop into a complex urban center?,"during the Early Shang Dynasty, from 1,000 to 400 B.P.","during the Qin Dynasty, from 3,500 to 3,000 B.P.","during the Mature Harappan period, from 4,500 to 4,000 B.P.","during the Early Harappan period, from 8,500 to 6,000 B.P.",C,True,0.047888207904028354,0.0397320788367821,0.7381841155604377,0.17419559769875176
Which of the following best describes an anthropologist who studies the human skeleton in order to solve crimes?,forensic anthropologist,historical archaeologist,paleoanthropologist,linguistic anthropologist,A,True,1.0,4.0039552767110825e-44,4.0039552767110825e-44,4.0039552767110825e-44
Which of the following was the first city and what was the estimated population?,"Nagada, 5,000 people","Uruk, 10,000 people","Knossos, 20,000 people","Giza, 200,000 people",B,True,0.4411285035129195,0.5132996687266457,0.022443903632352748,0.023127924128081966
The epoch in which our earliest non-human primate relatives made their first appearance is called the:,Miocene.,Pliocene.,Triassic.,Cambrian.,A,True,0.4950466371338533,0.42243433498424343,0.024180465938000377,0.05833856194390291
"In comparison to Homo habilis, what gave Homo erectus the ability to migrate so far, so fast?",neoteny,intelligence,bipedalism,microcephaly,B,True,0.018029443488799632,0.7981958160687842,0.18377474044241615,4.14853385408318e-44
"At its height, only about _______ of the Incan empire was composed of ethnic Inca.",1 percent,10 percent,30 percent,50 percent,A,False,0.1914703614023772,0.24185433559401567,0.20348704173915289,0.36318826126445425
"By analyzing the levels of 13C in bones, researchers can establish whether an individual ate:",mostly grains or mostly nuts and fruits.,mostly meat or mostly vegetables.,no dairy or lots of dairy.,a certain type of honey produced only in sub-Saharan Africa.,A,True,0.6937789710758042,0.17550415262343513,0.09520161484375898,0.035515261457001554
To which primate are humans most closely related?,chimpanzees,gorillas,orangutans,gibbons,A,True,0.9865364910459256,0.013463508954074567,4.1731443730306617e-44,4.1731443730306617e-44
A more accurate calibration curve and conversion for radiocarbon dating can be derived from:,dendrochronology.,coins recovered from ancient shipwrecks.,written records.,all of the above.,A,False,0.11055273669431528,4.137856809853024e-44,0.02628914620715697,0.8631581170985277
Homo erectus is characterized by:,"a sophisticated stone-tool technology, cooperative hunting, and the controlled use of fire.","a primitive stone-tool technology, the sophisticated use of wood to construct shelters, and the earliest known gardening.","cooperative hunting, the controlled use of fire, and elaborate burials with many grave goods.","a primitive stone-tool technology, the first evidence for fishing, and the construction of stone buildings.",A,True,0.9709822556121713,0.014814072798981394,0.014203671588847302,4.0447182999345006e-44
Indus Valley civilization is unmatched in comparison to other early civilizations in terms of what?,the height and size of its monumental architecture,the amount and frequency of violence,the degree of urban planning,the amount of surplus wheat that was produced for storage,C,True,0.0786176000086021,4.104345973332175e-44,0.8991003417146113,0.022282058276786542
Which is true of the origins of Minoan civilization?,"Crete was colonized by the Egyptians, who called the island ""Minoa.""","Early humans crossed a land bridge to Crete around 150,000 B.P. and gradually became Minoans.","Crete was populated by Greeks and others, but Minoan culture was a local development.",Cretan culture was a mix of Egyptian and Mesopotamian elements.,C,True,0.0853202149118308,0.18535839337459345,0.5135113654844154,0.21581002622916032
Archaeology differs from pseudoscientific speculation and fantasies about ancient extraterrestrials because:,archaeology is not confined to evidence or the scientific method.,archaeologists are not interested in science fiction and do not actually know much about the ancient past.,archaeologists have actually solved all of the mysteries and controversies about the past.,archaeologists follow the scientific method and are constrained by evidence or lack of evidence.,D,True,0.01497798804667674,0.02700940286853833,4.053953883961842e-44,0.958012609084785
"The idea that cultures change through time in relation to their environments, along many different paths, is known as:",unilineal evolution.,environmental uniformitarianism.,multicultural adaptation.,multilineal evolution.,D,True,0.08990416313558937,0.030262101344339404,0.038419627004351406,0.8414141085157198
What does Australia have in common with the rest of the world during the Holocene epoch?,drastic environmental changes,exploitation of new food resources,a growth in cultural diversity,the independent domestication of wheat and cattle,C,False,0.14955714557655334,0.41255361143837854,0.37159526492214756,0.06629397806292057
The Chimu civilization was one of the ___________ kingdoms of the ancient New World.,richest,strongest,largest,highest,C,True,0.06007080350225447,0.0349831922553804,0.856751768433795,0.04819423580857024
"Monk's Mound, at the Mississippian center of Cahokia, served as:",a lookout or fire tower.,a meeting ground for egalitarian tribes.,a burial monument.,the base for one or more important buildings.,D,True,0.02913274540267133,3.975958001992089e-44,0.037742912627558675,0.93312434196977
"The peak of Minoan civilization, from 3650 to 3420 B.P., was bracketed by what two events?",the founding of the Minos dynasty and the invasion of the Mycenaeans,an earthquake and a volcanic eruption,"the discovery of bronze on the island, and the replacement of bronze by iron","the invasion of Troy, and the surrender to the Romans",B,True,0.08673011566248616,0.8750572460617061,0.02485631831287898,0.013356319962928782
Which of the following is the name of the stone blade exhibiting a fluted point on both faces and associated with extinct elephants?,Thule,Lapita,Dorset,Clovis,D,True,0.022207569171459933,4.759433255537691e-44,0.03317300306503082,0.9446194277635094
Levallois technology involved a shift in emphasis from:,producing core tools to producing flakes.,producing pottery to producing clothing.,producing arrows to producing spear points.,"larger, duller axes to smaller, sharper ones.",A,True,0.9707141265781536,4.0421084780939253e-44,0.010531926296886979,0.018753947124959456
To which species does Lucy belong?,Homo habilis,Australopithecus afarensis,Homo sapiens,Australopithecus robustus,B,True,0.09843335912684872,0.9015666408731513,4.0869185481111105e-44,4.0869185481111105e-44
Which of the following is an example of parietal art?,beadwork,inscribed bone,ivory statues,cave paintings,D,True,0.017576029733591295,4.484221220647812e-44,4.484221220647812e-44,0.9824239702664087
When did the florescence of Ancestral Puebloan culture occur?,"5,000 years ago",just after A.D. 1000,before A.D. 1000,"2,000 years ago",B,False,0.06391983337744239,0.14460783536242086,0.7492770922623887,0.042195238997748054
Which of the following is more complex than a tribe but less complex than a state?,chiefdom,archaic state,egalitarian society,democratic state,A,True,0.7147108843826988,0.10163364921903095,0.15942274912801976,0.02423271727025057
The Upper Paleolithic is generally associated with:,new and improved stone tool technologies.,a broadening of the subsistence base.,larger sites with increased populations.,all of the above.,D,True,0.02480548179616398,0.014723768148832335,4.3620907911308297e-44,0.9604707500550037
The native peoples of the northwest coast of North America were:,maize agriculturalists.,simple foragers.,affluent foragers.,conquered by the Aztec.,C,True,0.010777378732099762,0.05380132933142365,0.9226232539659351,0.012798037970541524
Archaeological evidence for the collapse of civilizations suggests which of the following is the most important variable?,whether warfare can be ended,changing environmental conditions,how societies respond to challenges,the ability of bureaucracies to store food and feed its people,C,True,4.2137373191438765e-44,0.08672191893668742,0.8800820884105733,0.033195992652739134
"Which culture was centered in the Ohio River valley around 2,800 years ago?",the Kwakiutl,the Mogollon,the Sinagua,the Adena,D,True,4.155306933955145e-44,0.020547360375500333,0.01700493309144338,0.9624477065330563
"Which culture was centered in the Ohio River valley around 2,800 years ago?",the Adena,the Mogollon,the Kwakiutl,the Sinagua,A,True,1.0,4.395939929934828e-44,4.395939929934828e-44,4.395939929934828e-44
"The pharaoh ruled a population of ________, of which _________ were farmers.","100,000; 25%","1,000,000; 50%","3,000,000; 75%","5,000,000; 100%",C,False,0.24049609745104825,0.26790698854363243,0.1576616470775199,0.33393526692779935
The key factor in the survival and success of anatomically modern human beings was:,their ability to control fire and produce art.,their ability to interbreed with other hominids.,their ability to hunt large mammals.,their ability to adapt.,D,True,0.04012066064613981,0.022282856805591757,0.03068144669466246,0.906915035853606
A proposed explanation for some phenomenon that may be derived initially from empirical observation through a process called induction is a:,deduction.,theory.,hypothesis.,scientific method.,C,True,4.04152509108943e-44,0.016932719339443236,0.9759123243576625,0.007154956302894363
"The development of civilization in Mesopotamia is associated with the _______, during the ______.",first writing; Amratian Period,first cities; Uruk Period],first religious specialists; New Temple Period,first permanent military; Nagada I Period,B,True,0.027558936426484274,0.7519141492484003,0.2034858265795203,0.017041087745595197
Which of the following is the Pleistocene ice mass in North America centered in the Rocky Mountains?,Beringia,Laurentide,Cordilleran,McKenzie Corridor,C,False,0.012188286899407394,0.9205142123275664,0.0672975007730263,4.039882119075721e-44
On which continent are most of the Venus figurines found?,Europe,Africa,Asia,Australia,A,True,0.8255357274861878,0.09293364949484181,0.08153062301897047,4.09932614364198e-44
"The ability of humans to live in different environments, from Arctic tundra to tropical forests, is made possible by:",specific biological adaptations to each new habitat.,"the rapid evolution of novel physical characteristics, which allows for movement into a new geographic range.",intelligence and cultural adaptations.,genetic changes and racial differences.,C,True,0.008975371802900079,4.1320905807206466e-44,0.9853578119021921,0.005666816294907973
Which of the following refers to the systematic study of the earth's layers?,primatology,stratigraphy,weathering,archaeology,B,True,4.1540415663120585e-44,1.0,4.1540415663120585e-44,4.1540415663120585e-44
The Aztec Empire was based on the systematic expansion of:,"tribute in the form of gold, jade, feathers, cloth, and jewels.",oppressive social and religious control based on military conquest.,"ceramic production, a distinctive architectural style, and artistic expression.",religious beliefs that required extensive and escalating human sacrifice.,A,False,0.09272519465338194,0.20905866840147974,0.03251869720817945,0.6656974397369589
All of the following statements are true of the walls of the central complex of Great Zimbabwe EXCEPT:,they were built of over 1 million granite bricks.,they exhibit sophisticated masonry.,they stood 40 feet tall in places.,the mortar that holds them together was made from ground up ocean shells.,D,True,0.1706510382289276,0.11689088108288664,0.13982044437902524,0.5726376363091604
How can the paleoanthropologist determine if a species is bipedal?,"The structure of the innominate, including the ilium and ischium",The position of the foramen magnum,The absence of a divergent big toe,All the above,D,True,0.05186883700297507,0.0219540836770833,4.4521092804611465e-44,0.9261770793199418
Which dating technique is based on the patterns of tree-ring growth?,radiocarbon dating,dendrochronology,paleomagnetic dating,fission-track dating,B,True,4.1252231767256113e-44,0.9853543463975741,4.1252231767256113e-44,0.014645653602425805
"Which area is home to the tradition of making stone tools from chipped pebbles, called Hoabinhian?",Australia,North America,Europe,Asia,D,True,0.0818241214852133,0.04011483771973899,0.020850419830997974,0.8572106209640499
The Pleistocene epoch lasted until how long ago?,"1,000,000 years","100,000 years","10,000 years","1,000 years",C,False,0.1707527322293817,0.5034564428442427,0.23597361541018935,0.0898172095161862
Which of the following is the last to be occupied by human beings?,New Guinea,Australia,New Zealand,Timor,C,False,0.1762779555308245,0.2629115179853475,0.2644131500172205,0.2963973764666076
"Based on the available evidence, which of the following evolved first among hominids?",bipedal locomotion,language,a larger cranium and brain size larger than 1000 cc,Oldowan stone tools,A,True,0.6107088763257053,0.09445914139367133,0.06423468790308672,0.23059729437753668
"The ""grandmother effect"" refers to:",the premature aging of many Paleolithic women.,the shift in cave paintings that took place as older women began to express themselves.,the decrease in child mortality associated with the presence of older generations.,the tendency of feminist archaeologists to question male prejudice in the field.,C,True,0.004976367207466422,4.2495961767333466e-44,0.9950236327925336,4.2495961767333466e-44
Why were the elite of state societies so conspicuous in their consumption?,Democracy and egalitarian states had not yet evolved.,"A monetary value was not placed on material possessions, making things effectively worthless.",The elite had not yet been introduced to capitalism and so wasted their wealth on monuments and possessions.,Monuments and possessions were used as symbols to reinforce the inequalities on which state societies are based.,D,True,0.012869204912349927,4.2167009380928876e-44,0.010802945639361222,0.9763278494482888
"Archaeological evidence for the production of cheese and yogurt in Europe suggests that dairying became an important part of subsistence by ______ years ago, with _______ providing an adaptive advantage.","10,000; artificial selection for certain varieties of cheese","7,500; the lactase persistence mutation","5,500; domesticated cattle","3,500; certain strains of lactose-free cheese and yogurt",B,True,0.04034564246684881,0.8050273367177775,0.09825842478269936,0.056368596032674446
"The presence of caribou bones found near the Hudson River valley in New York from a site dated 10,000 years ago implies:",that the main food source was caribou meat.,a much colder climate during that time.,that caribou were imported into the United States from Canada.,that the people who lived at this site had high cholesterol.,B,False,0.4758361630690676,0.4578603659310141,0.048877203405244596,0.01742626759467371
Experiments with stone spear points made to replicate those artifacts found at the Kathu Pan site in South Africa suggest that Homo erectus:,"made and used spears with stone projectile points for hunting 500,000 years ago.",made and used spears with stone projectile points for hunting more than 3 million years ago.,"did not use spears with stone projectile points, but probably hunted and caught fish with wooden and bone tools.","made stone spear points for use as weapons, but not for hunting.",A,True,0.5754852548891851,0.3733214954275865,0.020197007834739787,0.0309962418484885
What is the date of the first evidence of the use of metals in South America?,1200 B.P.,3100 B.P.,5100 B.P.,6200 B.P.,B,False,0.12032741150950861,0.1899165673713856,0.4253083590822632,0.26444766203684256
"Among the Inca, human sacrifice was preceded by:","ritual starvation, torture, and blood sacrifice.",elite-sponsored feasts in which captives of war were beheaded.,"improved diet, the use of coca leaves, and consumption of maize beer.",communal feasts and the torture of captives to be sacrificed.,C,False,0.3096706531699691,0.3556813776855978,0.10018139808817245,0.23446657105626076
