0,1,2,3,4,5,correct,A_prob,B_prob,C_prob,D_prob
An important source of information on the credit rating of retail businesses is,the Retail Merchants Association,the local chamber of commerce,"Dun & Bradstreet, Inc.",the United States Retail Credit Association,C,True,0.015442061441663863,0.008743789253527673,0.9575620400538406,0.018252109250968006
"In preparation for a writing unit on short stories, a teacher presents students with several examples of short stories and works with them to identify defining characteristics of the genre. Which of the following best describes this instructional strategy?",Conferencing,Discipline-based inquiry,Self-Regulated Strategy Development,Introduction-Body-Conclusion strategy,B,True,0.3477430237843587,0.5856973388770861,0.05119074067984272,0.015368896658712515
Paper will burn at approximately what temperature in Fahrenheit?,986 degrees,2125 degrees,3985 degrees,451 degrees,D,True,0.023864210214956875,0.06844533900890128,0.05494264681913288,0.8527478039570091
The Apple iMac computer is available in all of the following colors except which?,Tangerine,Strawberry,Kiwi,Grape,C,False,0.017532986756543443,0.024007617219620966,0.11457633294442336,0.8438830630794123
What were the first names of the early American explorers Lewisand Clark?,Morgan and Mason,Meriwether and William,Cabot and Joseph,Meredith and George,B,True,0.00581177270191261,0.9821977222088274,0.007187918543245915,0.004802586546013994
"A teacher provides support for small, flexible groups of beginning readers. As students read a text or a book that is unfamiliar to them, the teacher works with the students to teach them how to use a variety of reading strategies. Which of the following reading approaches is described?",Direct instruction,Literature circle,Guided reading,Read-aloud,C,True,0.005636361118709681,0.0019842856306582753,0.988709310298537,0.0036700429520948813
What is varicella?,a fancy pasta,a type of opera,the chicken pox virus,ancient Roman poetry,C,True,0.0013835930721014737,0.0005244304255253456,0.9973857475571828,0.0007062289451902747
Which of the following materials has a resistance that is LEAST affected by temperature changes?,Copper,Carbon,Germanium,Silicon,A,True,0.3932796952052262,0.2767099930840236,0.14070992494110615,0.1893003867696441
A second-year college student is usually called a what?,sophomore,senior,freshman,junior,A,True,0.9363337670636537,0.03385028475754839,0.011083676181873135,0.018732271996924805
In the film 'The Talented Mr Ripley' who plays Mr Ripley?,Jude Law,Matt Damon,Dustin Hoffman,Ben Affleck,B,False,0.5875340815321075,0.39427570184190075,0.016120576757734484,0.0020696398682571596
A hard-edge painting is most likely to be characterized by,"an even, solid paint application",blurry color mixed on the painting's surface,scratchy brush marks clearly separated,translucent multiple layers of paint,A,False,0.17680808920904476,0.014208764643302702,0.8034141244396806,0.005569021707971885
Who was president of the United States when Bill Clinton was born?,Herbert Hoover,Harry S Truman,Franklin Roosevelt,Dwight Eisenhower,B,False,0.3931758143839702,0.12826440875103454,0.3194637556942559,0.15909602117073932
Which of the following lists includes minerals only?,"Granite, gabbro, diorite, quartz, feldspar","Gold, quartz, topaz, diamond, corundum","Gneiss, schist, phyllite, chlorite, mica","Coal, chert, limestone, dolomite, halite",B,True,0.24241769708757097,0.5605300754460798,0.11389357495284398,0.08315865251350514
Which of the following is a likely outcome of the development and use of genetically modified plants?,Reduced cost of plant seeds,New plant varieties being patented,Increased genetic diversity within a planted field,Less oversight and fewer regulations than for unmodified crops,B,True,0.038578405047727395,0.9357733326659604,0.012476650845605649,0.013171611440706475
"A teacher reads aloud Where the Wild Things Are, a picture storybook in which a boy named Max encounters wild monsters that are vividly portrayed. The teacher then shows the students picture cards depicting scenes from the beginning, middle, and end of the story. Which of the following concepts of literary structure is the teacher helping students understand?",Plot sequence,Point of view,Character development,Setting,A,True,0.9803907041321465,0.007577273458488796,0.008456957140874615,0.003575065268490191
"Which movie popularized the phrase ""You talkin' to me?""",Ghost Busters,Taxi Driver,Joker,Groundhog Day,B,True,0.0005418756086078209,0.998548699877667,0.0007538768084839986,0.0001555477052410088
Which of the following most likely indicates the presence of water in the hydraulic system in a piece of farm machinery?,"A grayish, milky fluid",Excessive fluid use,Excessive thinning of the fluid,A noisy relief valve,A,True,0.9450657372415827,0.015785541060399637,0.02938808729820958,0.009760634399808182
What animal represents the year 2000 on the Chinese calendar?,dragon,rabbit,tiger,monkey,A,True,0.6199811828513364,0.16877885830994152,0.14516272104881892,0.06607723778990303
Which of the following is part of a farm combine?,Beater,Conditioner,Seed plate,Furrow opener,A,False,0.36730157582415396,0.5428313286860909,0.04098785663122262,0.048879238858532625
According to legend in what country are you most likely to meet a leprechaun?,Ireland,Poland,Greenland,Scotland,A,True,0.9939328094007248,0.003910076238698381,0.0014274524788127918,0.000729661881763965
During which of the following processes within the hydrologic cycle do water molecules absorb energy?,Formation of ice from water,Formation of a cloud from water vapor,Runoff along the land surface,Evaporation from the ocean surface,D,True,0.04525710766101914,0.16601506432626795,0.019427118158013137,0.7693007098546999
What French city is home to a famous international film festival each spring?,Cannes,Marseille,Dijon,Lyon,A,True,0.9988549538621199,0.0005892993800074205,0.00031211092072094907,0.0002436358371518261
What do you call three consecutive strikes in bowling?,yahtzee,mulligan,turkey,ace,C,True,0.001915975757289075,0.000637474710013661,0.9951623559899792,0.0022841935427181936
Which of the boys on the TV show 'My Three Sons' is adopted?,Mike,Ernie,Chip,Robbie,B,False,0.08841802263831554,0.11178641311671185,0.3786521088224242,0.42114345542254833
Which of these horror films spawned the most sequels?,Scream',Jaws',Halloween',Friday the 13th',D,True,0.11240648649302615,0.07043589073332697,0.0631706089552014,0.7539870138184455
What is the name of the female character played by comedian Flip Wilson on his 1970s TV show?,Miss Jackie,Elizabeth Sanford,Geraldine Jones,Gladys Knight,C,True,0.009113157391381526,0.0016493730342309046,0.9854591753800145,0.0037782941943731137
What kind of animal is a peregrine?,moose,cat,bird,fish,C,True,0.0015423104324558908,0.0005097109762937614,0.9974193043971629,0.0005286741940875155
What part of the human body does a gastroenterologist examine?,Brain,Skeleton,Stomach,Nose,C,True,0.0006990496338853015,0.0017314485455356687,0.9965008393193525,0.0010686625012264193
A piece of paper that appears blue in sunlight is illuminated solely by a red light that is passed through a green filter. What color does the paper appear under this illumination?,Blue,Green,Red,Black,D,False,0.3294698871118999,0.29382462040835516,0.2674135295664529,0.10929196291329211
Meat should be kept frozen at what temperature in degrees Fahrenheit?,0 degrees or below,between 10 and 20 degrees,between 20 and 30 degrees,just below 32 degrees,A,True,0.9931090001993874,0.0019096462527105815,0.003273445228261059,0.0017079083196409094
What kind of animal is cartoon character Tennessee Tuxedo?,cat,skunk,walrus,penguin,D,True,0.08074848901280537,0.02037329653549639,0.3119683530123045,0.5869098614393937
What US president is mentioned by name in the opening theme song of TV's 'All in the Family'?,Calvin Coolidge,Harry Truman,Herbert Hoover,Richard Nixon,C,False,0.0489467913046816,0.20528123486442723,0.08344078481273887,0.6623311890181522
What is the heaviest confirmed noble gas?,Xenon,Argon,Radon,Krypton,C,True,0.3699967957232484,0.044120163729978165,0.43941642747064896,0.14646661307612455
How many moles of HCl must be added to sufficient water to form 3 liters of a 2 M HCI solution?,1 mol,2 mol,3 mol,6 mol,D,False,0.21743975008008903,0.2585413651393352,0.2863599256896062,0.2376589590909696
Who led the 1831 slave insurrection in SouthamptonVirginia?,John Brown,Dred Scott,Nat Turner,Harriet Tubman,C,True,0.0013969162417307205,0.0003576404677149178,0.9976188269842492,0.00062661630630512
For what purpose would you use an awl?,to shoot ducks,to polish floors,to make holes,to weigh fruit,C,True,0.0004353013518030718,0.00044931713569821,0.9986536258168115,0.0004617556956870506
Which of these bones is located in the wrist?,Patella,Humerus,Carpals,Coccyx,C,True,0.0029588727838938808,0.0017007881810958603,0.9930239450039356,0.0023163940310745403
What do you call a young cow?,mare,lamb,kid,calf,D,True,0.0005952970133044897,0.0009482603193403801,0.004609784381648074,0.9938466582857071
Which of these is an Italian Design firm?,Escada,Fendi,Ghost,Mainbocher,B,True,0.05287890688363775,0.6431571037366548,0.25679282302133627,0.047171166358371104
Operant conditioning would be most useful for,determining whether a toddler is securely attached,increasing on-task behavior in the classroom,measuring a dependent variable,preventing anterograde amnesia,B,True,0.00309617097029801,0.9919197701678334,0.00374092975141791,0.0012431291104507284
Which of these countries was not a member of the Axis alliance during World War II?,Germany,Italy,Spain,Japan,C,True,0.0023224706033413037,0.0025360240863235906,0.9874365941829952,0.007704911127340029
The demand for labor is called derived demand because it is,dependent on the demand for the final product that the labor is used to produce,inversely related to the wage rate,dependent on the availability of capital goods,directly related to the marginal utility of working,A,True,0.9968401032981332,0.0015706166949478006,0.0007173937984255727,0.0008718862084933426
Which of the following actions is most important before removing the blade from a gas-powered lawn mower?,Adjusting the wheels to their highest level,Removing the spark plug,Emptying the gas tank,Removing the air filter,B,True,0.024871795713227826,0.8835112359286611,0.06064160806462289,0.03097536029348826
Which of the following is a force that is most responsible for causing a fixed-wing aircraft to move forward?,Lift,Drag,Thrust,Weight,C,True,0.0135967676715174,0.008088583259356037,0.9765636883961832,0.0017509606729432233
Which of the following heavenly bodies have never had a spacecraft landed on it?,Venus,Mars,The Moon,Jupiter,D,True,0.42497791291939657,0.07662865538443737,0.06654935134905648,0.43184408034710964
The labor force primarily consists of all,employed workers under the age of 16,persons classified as unemployed or employed,persons who are employed as full-time workers,"unemployed, employed, and discouraged workers",B,True,0.0050529221802681065,0.8409079285919863,0.0321301783979648,0.12190897082978068
Which of the following is an example of persuasive speech?,A campaign manager's introduction of a mayoral candidate,A professor's lecture on the structure of the heart,A company president's yearly sales report,A tour guide's discussion of an art museum installation,A,True,0.9526189907564171,0.006924757620957215,0.0033056133907941885,0.03715063823183152
What is the name of the POW camp where 'Hogan's Heroes' are held?,Stalag 13,Alcatraz 17,Devil's Island,Leavenworth,A,True,0.9955395537369789,0.001735773709113235,0.0015383309897790587,0.0011863415641287535
Which value is the most reasonable estimate of the volume of air an adult breathes in one day?,100 liters,"1,000 liters","10,000 liters","100,000 liters",C,False,0.3988163631075987,0.27996778083656293,0.24654300188540743,0.0746728541704308
What is a Dutch oven?,a toaster oven,a microwave,a kettle pot,a sauna,C,True,0.09774034977808607,0.010672221780560888,0.713522727889354,0.1780647005519991
What does it mean to work 'probono'?,work overtime,work without pay,work as your own boss,not work at all,B,True,0.0020665970970382393,0.9972805130332371,0.0004398294856000953,0.00021306038412451296
What is the largest animal ever to live on Earth?,blue whale,giant squid,woolly mammoth,Tyrannosaurus,A,True,0.9907127531214835,0.0064179450271603326,0.0022220241888627162,0.0006472776624933283
Which of these is not a Hindudeity?,Shiva,Vishnu,Sanskrit,Brahma,C,True,0.004123126358950567,0.0032681595593857943,0.9836915934032109,0.008917120678452734
What kind of angle is formed where two perpendicular lines meet?,obtuse,acute,right,invisible,C,True,0.014798186883719408,0.010354905465090936,0.9715507996943427,0.003296107956846964
The nineteenth-century photographic process used to create a daguerreotype was notable for its,quick exposure time,ability to capture sharp detail,capacity to be reproduced multiple times,use of paper negatives,B,False,0.12164991796802971,0.14898548646135973,0.6972684901953528,0.03209610537525777
A business teacher has students analyze a scenario in which a few firms in the gas industry produce a homogeneous product and dominate the market. This situation would primarily produce a market structure representative of,an oligopoly,a pure monopoly,monopolistic competition,pure competition,A,True,0.9771199255664972,0.011310290129768134,0.008461971990830812,0.0031078123129039386
In traditional English puppet shows who is married to the character Punch?,Debbie,Victoria,Judy,Barbara,C,True,0.23066639355168672,0.12411779606344941,0.5102168762750527,0.13499893410981112
In what sport do athletes compete for the Walker Cup?,cricket,tennis,squash,golf,D,True,0.00039701928131458044,0.0016827091234027712,0.0013516281030441632,0.9965686434922385
A pita is a type of what?,Fresh Fruit,flat bread,French tart,fried bean dip,B,True,0.0009262404640836629,0.9976048357011534,0.0010387924184314416,0.0004301314163314446
What is the oldest permanent European settlement in the United States?,St Augustine Florida,Plymouth Massachusetts,Newport News Virginia,Charlotte North Carolina,B,False,0.9893703067681532,0.007770227078549656,0.0021705803821218546,0.0006888857711751403
"As seen from Earth, the Moon goes through a series of phases due to changes in which of the following?",The amount of the Moon's surface that is in Earth's shadow,The amount of the illuminated side of the Moon that can be seen from Earth,The part of the Moon that faces Earth as the Moon rotates on its axis,The tilt of the Moon on its axis,B,True,0.0021405590371334614,0.9906486714239593,0.006523908289287127,0.000686861249620082
In which of the following fields did Islamic civilization most influence Europeans at the time of the Crusades?,Music,Theology,Mathematics,Law,C,True,0.02042546435670808,0.016144132568597487,0.9566843987668949,0.006746004307799508
Which of the following is not a flavor of Ben & Jerry's Ice Cream?,Wavy Gravy,Bovinity Divinity,Cutie Patootie,Chubby Hubby,C,True,0.10327061659083062,0.06879109396196964,0.7827999317484904,0.04513835769870927
Which of the following terms refers to the use of distortion to create the illusion of an object extending into space?,Cantilevering,Contrapposto,Sfumato,Foreshortening,D,True,0.01075570308500324,0.005629968423003517,0.004127101041185736,0.9794872274508075
How much energy do Americans waste each year by throwing out the unused ice in their drinks?,6*10^8 J,6*10^11 J,6*10^14 J,6*10^17 J,C,False,0.21462839201122738,0.33333341104696873,0.2521244269660424,0.19991376997576144
Who wrote 'A Tale of Two Cities'?,Charles Dickens,Nathaniel Hawthorne,Washington Irving,Mark Twain,A,True,0.9991874931145496,0.00041435629291430344,0.00025062573096275406,0.00014752486157336921
What is your astrological sign if you were born on Halloween?,Scorpio,Capricorn,Libra,Cancer,A,False,0.34186408447525934,0.0723208337223388,0.24020543689530727,0.34560964490709467
In an adult human how long is the large intestine?,one foot,five feet,twelve feet,twenty feet,B,True,0.019362041271987672,0.43495993086541057,0.4205263638552418,0.12515166400735997
The purpose of an amicus curiae brief is to,influence the outcome of a Supreme Court case,explain the reasoning of a Supreme Court decision,request a writ of habeas corpus from the Supreme Court,order a party to comply with a Supreme Court decision,A,True,0.9802370536790735,0.009393613259968691,0.005305544564218982,0.0050637884967389656
What are the names of the two primary M&M's spokes-candies?,Peanut and Plain,Red and Yellow,Mort and Marty,They don't have names,B,False,0.31126397226049507,0.2160071561734767,0.24117435522227523,0.23155451634375301
The accumulation of stress along the boundaries of lithospheric plates results in which of the following?,Earthquakes,Magnetic reversals,Hurricanes,Increased deposition of deep-sea sediments,A,True,0.9975523505184718,0.0012709309296390278,0.0005394078298179573,0.0006373107220710049
In bowling how many pins must you knock down to get a strike?,zero,8,10,12,C,True,0.1526188337417568,0.13784307910853205,0.5902091055232493,0.1193289816264618
Which of the following geometric shapes is most commonly used to give strength to the structure of truss bridges?,Circle,Triangle,Hexagon,Rectangle,B,True,0.005072627633729132,0.9806442035833227,0.010541474767070055,0.003741694015878096
What kind of item is a ginsu?,radio,knife,toothbrush,martial arts weapon,B,True,0.0007936216906394311,0.9971371543683776,0.0013630881287801022,0.0007061358122028641
Which of these words is a synonym for 'perambulate'?,kiss,shout,stroll,heal,C,True,0.0065070351857269984,0.0017743093131766029,0.9904553262136605,0.0012633292874357964
"After a visit to a rescue squad, Ms. Espinosa asks her 3-year-old students to help her write a thank-you letter to the rescue squad employees. She records the students' responses on a large sheet of chart paper as the students share their ideas. While writing, Ms. Espinosa focuses the students' attention on several early literacy skills. Which of the following is the most appropriate focus for 3-year-old students?",Paraphrasing ideas,Spelling words correctly,Expressing speech in print,Capitalizing proper nouns,C,True,0.20986449768508075,0.0650167073704575,0.6969439861559816,0.02817480878848012
What's the third letter of the Greek alphabet?,delta,gamma,phi,theta,B,False,0.48864481856796993,0.307492188343723,0.09238895927695007,0.11147403381135712
"A well on the side of a hill penetrates the water table at an elevation of 550 feet above sea level. If someone plans to drill on the top of the hill, where would the water table most likely be found?",The water table would be found at sea level.,The water table would be found at an elevation lower than 550 feet above sea level but above sea level.,The water table would be found at an elevation higher than 550 feet above sea level but many feet below the land surface.,"The water table would intersect with the land surface at the top of the hill, forming a spring.",C,False,0.11232258046230503,0.49583158079534495,0.2864419833392797,0.10540385540307019
Before he went into coaching Phil Jackson played for which of the following NBA teams?,Boston Celtics,Los Angeles Lakers,New York Knicks,Philadelphia 76ers,C,True,0.23341471432624303,0.24130873247203896,0.48647251334408925,0.038804039857628855
Old-fashioned steam engines were powered by coal transferred from the tender to the engine by human stokers using a shovel. What is the maximum power such an engine could attain?,6*10^3 W,6*10^5 W,6*10^7 W,6*10^11 W,B,False,0.21873321930021872,0.30761137307222786,0.32679981945577835,0.14685558817177494
People are supposed to drive on the left-hand side of the road in which country?,France,Italy,England,Germany,C,True,0.17009109424189664,0.08165824891194635,0.7209041023694962,0.027346554476660942
In the famous ballet 'The Nutcracker' who does the hero defeat?,Sugar Plum Fairy,Rat King,Snow Queen,Marzipan,B,True,0.0024170649714385546,0.9939887626240979,0.0027758160676146946,0.000818356336848829
An airplane's black box is usually what color?,black,white,orange,purple,C,True,0.015933845087655097,0.00203504385450078,0.9809434373867528,0.001087673671091264
Which of these sentences is written in the subjunctive?,I am not your man,I wish I were your man,Wherefore art your man?,Your man is where?,D,False,0.00795269230206933,0.9833186385278807,0.0051633894070426895,0.0035652797630073697
Which of the following terms refers to the process of using thick applications of paint?,Scumbling,Alla prima,Impasto,Frottage,C,True,0.0015708903112205002,0.001124217047787391,0.9964738350341004,0.000831057606891613
What was Richard Nixon's middle name?,Michael,Milhous,Mortimer,Matthew,B,True,0.0019090382572910683,0.9933812153385263,0.004204735478522018,0.0005050109256605257
In what country did Pokemon originate?,France,Hungary,Japan,Canada,C,True,0.0005742364331464164,0.0012347682948407066,0.9976515938128041,0.0005394014592088926
What important food crop is grown in fields called paddies?,wheat,rye,corn,rice,D,True,0.00031790086078816484,0.0003910351977073009,0.0028332976954241577,0.9964577662460805
A triad on a color wheel can be described as,three analogous colors,three colors equally spaced apart,three colors of equal value,a complementary set,B,True,0.30274622501910176,0.5527014118990924,0.039901320292450235,0.10465104278935568
Which of these famous baseball figures was once acquitted at court-martial for insubordination?,Abner Doubleday,Ty Cobb,Jackie Robinson,Billy Martin,C,False,0.29434748223669227,0.09926768417685661,0.19653186515478857,0.40985296843166263
Which of the following best describes an effect of the green revolution in the 1960s?,Increased varieties of each crop planted,Increased use of fertilizers,Decreased use of mechanization,Decreased use of pesticides,B,False,0.5255305718755361,0.45787172815749305,0.011870150829970269,0.004727549137000602
In what forest did Robin Hood live?,Black Forest,Petrified Forest,Nottingham Forest,Sherwood Forest,D,True,0.0005874683789116396,0.0005785094150524302,0.0029365662084793217,0.9958974559975565
If a piece of music is in 'common time' how many quarter notes are there per measure?,one,four,five,ten,B,True,0.2995809257518648,0.6199870333703077,0.0446726690469075,0.03575937183091984
Which of these countries does not participate in NAFTA?,United States,Canada,Mexico,Guatemala,D,True,0.017955070383363983,0.009388205314692397,0.045708512406589845,0.9269482118953538
President Abraham Lincoln's Emancipation Proclamation declared free only those slaves who,were living in the areas still in rebellion,were serving in the Union armies,were living in the border states,had escaped to Northern states,A,True,0.9411281324606706,0.0071498992992534045,0.01718615078538721,0.034535817454688866
Which of the following terms refers to Archaic Greek statues whose poses‚Äîrigidly frontal with clenched fists‚Äîrecall the stance of ancient Egyptian statues?,Caryatids,Telamones,Discoboloi,Kouroi,D,True,0.006433817528431377,0.017945445818515864,0.021794986535204914,0.9538257501178479
In 1978 who became the youngest jockey ever to win horse racing's triple crown?,Jerry Bailey,Steve Cauthen,Willie Shoemaker,Pasquale Devito,B,True,0.0018232626090944188,0.9905344486478489,0.007346248968865125,0.00029603977419128736
What does the Latin phrase 'e pluribus unum' mean?,What a crazy life,In God we trust,from many one,for the greater good,C,True,0.0005426740727956631,0.00038968234430666264,0.9983744685046412,0.0006931750782565577
In the United States what is the first day of spring?,21-Feb,21-Mar,21-Apr,21-May,B,True,0.015485647187763983,0.9415118939977111,0.0354784761527459,0.007523982661779016
Which of the following is an example of a concurrent power?,The printing and coining of money,The power to declare war,The process of naturalization,The levying of taxes,D,False,0.7072410070148593,0.07409797134558328,0.03323519333457769,0.18542582830497983
Which of these animals shares its name with a luxury car?,yak,gazelle,sloth,jaguar,D,True,0.014780400766516287,0.006043679593104777,0.00621119761875723,0.9729647220216218
Who were the Know-Nothings?,a '60's comedy troupe,computer designers,a political party,a spy ring,C,True,0.0017807640045474703,0.000257748877331109,0.9969170772689525,0.0010444098491689503
Which of the following poses the greatest safety risk while being heated in a school laboratory?,A mixture of iron and sulfur,Mercury(II) oxide,Sodium chloride,Copper(II) sulfate hydrate,B,True,0.2811713649529984,0.3810821097824339,0.05228949147947403,0.28545703378509374
Who is the star of the TV show 'Everybody Loves Raymond'?,Ray Liotta,Ray Romano,Ray Parker Jr,Sugar Ray Leonard,B,True,0.00048321486722395995,0.9971657157337518,0.002101786369823448,0.0002492830292007609
In what sport do you find 'steel cage' matches?,boxing,fencing,pro wrestling,college basketball,C,True,0.023030640556032097,0.1216905354469424,0.8545296216476497,0.0007492023493758747
Which of the following best helps explain why volcanoes tend to form along subduction zones?,Rock material carried deep below Earth's surface results in material melting and rising to the surface.,"Two plates pull away from each other, and magma oozes out.",The friction resulting from the collision of two continents causes rock to melt.,There is a row of hot spots at these boundaries.,A,True,0.9938852560232333,0.0018369409993804371,0.002758885207466033,0.0015189177699202142
How many sides does a rhombus have?,4,6,8,10,A,True,0.8198079066219056,0.10997472125366199,0.04662168296530376,0.02359568915912849
Which of the following degrees can be awarded by the local chapter of the FFA? I. Greenhand FFA Degree II. Chapter FFA Degree III. State FFA Degree IV. American FFA Degree,I only,II only,I and II only,"I , II , III , and IV",C,False,0.04962665812009671,0.05049919782231829,0.13586705236117635,0.7640070916964087
From whom does the Lutheran Church get its name?,Martin Luther King Jr,Martin Luther,Luther Vandross,Lex Luthor,B,True,0.0011375441588050551,0.9977401283982698,0.0009189474794041353,0.00020337996352097804
What is the only metal that is a liquid at normal atmospheric pressure and temperature?,lead,antimony,uranium,mercury,D,True,0.0003822673137176675,0.00024694858029401486,0.0009047253690277079,0.9984660587369607
"Which of the following has provided the most information about the structure of Earth's core, mantle, and lower crust?",Measurement of the intensity and fluctuations of Earth's magnetic field,Examination of flowing lava,Collection of samples from deep boreholes drilled into Earth,Studies of the speeds and travel paths of seismic waves passing through Earth,D,True,0.05104258434386447,0.007415807506777073,0.029767198668334677,0.9117744094810237
"When the production of a good generates negative externalities, the private market will",overproduce the good relative to the socially optimal level of output,underproduce the good relative to the socially optimal level of output,compensate the third parties harmed by the negative externality,charge lower than the market equilibrium price to compensate for the externality,A,False,0.39800404444587006,0.5775162422779703,0.01562636992777966,0.008853343348379986
Some observers argue that a limitation of the official unemployment rate is that it understates the true unemployment level because it fails to include which of the following?,New entrants to the labor market,People who are laid off and are looking for new jobs,Discouraged people who have given up looking for jobs,Full-time students looking for part-time jobs,C,True,0.0056442950948035735,0.0044282227449381865,0.970347321991018,0.019580160169240274
Which fast food chain used the advertising slogan 'Where's the beef?',Wendy's,Kentucky Fried Chicken,Burger King,McDonald's,A,True,0.9991314462284031,0.0005345029600244051,0.0002589443745047824,7.51064370676573e-05
What city is known as 'the rubber capital of the world'?,Omaha Nebraska,Rockford Illinois,Grand Rapids Michigan,Akron Ohio,D,True,0.0010633319064103659,0.002666054292142925,0.005626237850513966,0.9906443759509328
What was the first American college to become coeducational?,Oberlin College,Dartmouth College,Grinnell College,Antioch College,A,True,0.5233234940164414,0.05765874683375982,0.0661747028843049,0.35284305626549384
What color is Uncle Sam's goatee?,brown,black,white,dishwater blond,C,True,0.16744238089103386,0.27165986770450257,0.515341917273882,0.04555583413058158
According to a famous line from the existentialist play 'No Exit' what is hell?,oneself,other people,little made,large hued in green and blue,B,True,0.22732089147658194,0.7692220720398101,0.0030899309305977883,0.0003671055530101889
"A passage from Zora Neale Hurston's Their Eyes Were Watching God is as follows. The people all saw her come because it was sundown. The sun was gone, but he had left his footprints in the sky. It was the time for sitting on porches beside the road. It was the time to hear things and talk. These sitters had been tongueless, earless, eyeless conveniences all day long. Mules and other brutes had occupied their skins. But now, the sun and the bossman were gone, so the skins felt powerful and human. They became lords of sounds and lesser things. They passed nations through their mouths. They sat in judgment. Zora Neale Hurston is associated with which of the following literary movements?",New England Puritanism,Transcendentalism,Naturalism,Harlem Renaissance,D,True,0.0011398766740328375,0.004527775122376574,0.004478799204912738,0.9898535489986777
What is the 7-Eleven company's trademarked name for its super-large sodas?,Big Slurp,Big Gulp,Big Drink,Big Sip,B,True,0.03402020673754124,0.953853282688982,0.011114754544322553,0.0010117560291542462
The sport of judo comes from what Asian country?,Japan,Vietnam,Laos,Philippines,A,True,0.9986639448537037,0.0008203992545047503,0.0004063362901047255,0.00010931960168681913
The demand for which of the following products is likely to be the most elastic?,Water,Bread,Salt,Pork,D,False,0.686076103113481,0.2090610802056556,0.035727302023115866,0.0691355146577476
What country is the rock group U2 from?,England,Ireland,Belgium,Germany,B,True,0.0007960144002402856,0.9984255480226228,0.0006769629714974735,0.00010147460563947981
Elephant tusks are made of what material?,Coral,Ivory,Bone,Calcium,B,True,0.00037208140072465384,0.9975756245803235,0.0017344824522879348,0.00031781156666396807
What city did the Beatles originally call home?,London,Leeds,Liverpool,Manchester,C,True,0.0038048718788403386,0.002310182946362075,0.9929650052231732,0.0009199399516242043
Which of these is not one of the three branches of the US government?,Judicial,Executive,Parliamentary,Legislative,C,True,0.002782243332399198,0.010322640155856088,0.9849255715023222,0.00196954500942245
In British currency how many pence make a pound?,10,100,500,1000,B,True,0.2803728549894528,0.5047727067462223,0.07019188052500047,0.14466255773932435
How are actors Charlie Sheen and Emilio Estevez related?,They're cousins,They're brothers,They're father and son,They're uncle and nephew,B,False,0.0546153616703304,0.33519011973849333,0.5867507086312482,0.023443809959928074
Which of the following requires the use of at least two needles?,macrame,braiding,crocheting,hand knitting,D,False,0.15006211062207622,0.22345248116391267,0.35461027843078213,0.271875129783229
In 1909 Frederick Cook claimed to be the first explorer to reach what location?,Mount Everest,Bermuda Triangle,Atlantis,North Pole,D,True,0.0013082931519965632,0.0009931532964570881,0.0013238918239940518,0.9963746617275523
A clothes dryer that is set to run for 30 minutes is an example of which of the following control systems?,Open loop,Closed loop,Negative feedback,Positive feedback,A,True,0.637873294198785,0.3011123723626503,0.051913824628196374,0.009100508810368288
How many stars are on the American flag?,13,48,50,51,C,True,0.01920062882714036,0.05539019707054656,0.8739788619148804,0.051430312187432846
Who was the English king at the time of the American Revolution?,Charles I,James I,Edward III,George III,D,True,0.00037239831061079237,0.0007815968018346836,0.001500949833318031,0.9973450550542365
Which of these animals lays eggs?,cow,gerbil,frog,elephant,C,True,0.017510604399344498,0.01131784137213094,0.9486877966509784,0.02248375757754638
"An enterprise analysis shows an average return of $151 for each $100 of feed fed to hogs last year and a return of $130 for each $100 of feed fed to hogs this year. Assuming that feed costs are stable and there are no major death losses, which of the following is the most likely explanation for the difference in returns?",Lower feed efficiency,Poor record keeping,Lower market prices,Lower purchase prices,C,False,0.8394851084332402,0.07675633300190042,0.0519004830653416,0.03185807549951791
"If tickets to a baseball game generally cost between $10 and $30, a season has about 150 games, and each game is attended by 50,000-75,000 people, which of the following is a good estimate for ticket sales revenue for the 150 games combined?","$20,000,000","$200,000,000","$2,000,000,000","$20,000,000,000",B,False,0.05305075381260575,0.1748561567384256,0.4729344873875463,0.29915860206142236
Which of these is not a breed of cat?,Persian,Turkish Angora,Bichon Frise,Maine Coon,C,True,0.0017085277179396173,0.01669122472910231,0.9708119216348229,0.010788325918135125
Approximately how many movies are watched in homes in the United States in one year?,"200,000,000","2,000,000,000","20,000,000,000","200,000,000,000",C,False,0.06600921719617363,0.16745520568662695,0.3651584199802882,0.40137715713691124
Which of these is not found in a Snickers candy bar?,almonds,chocolate,nougat,caramel,A,True,0.466037706674502,0.26084272681935544,0.017146777352210926,0.2559727891539316
In the children's game what color is 'Rover'?,Green,black,red,blue,C,True,0.15370361753139103,0.13588560425364102,0.54007995131044,0.17033082690452803
Which of the following breakfast cereals is shaped like the letter O?,Life Corn,Chex,Cheerios,Raisin Bran,C,True,0.1114825809666726,0.2606315578319668,0.5653902237091425,0.06249563749221825
"Normally, S-P arrival intervals from a minimum of how many seismic stations are required to uniquely locate the epicenter of an earthquake?",1,2,3,4,C,True,0.06949857998961657,0.3530573896241041,0.37876229583897125,0.1986817345473081
Which character on the TV show 'Friends' is a chef?,Joey,Monica,Ross,Rachel,B,False,0.7882480576444455,0.18663205053199244,0.013767941835505813,0.011351949988056205
"If the tax rate for a single person with $25,000 in taxable income is 24 percent, and the tax rate for a single person with $20,000 in taxable income is 20 percent, the tax rate over this income range is",regressive,progressive,proportional,revenue-neutral,B,True,0.28480711671592973,0.5828956764386187,0.12147655335965062,0.010820653485800961
The aesthetic philosophy that claims that the value of a work of art is determined by museums and galleries is known as,capitalism,conceptualism,structuralism,institutionalism,D,True,0.0014350811168621564,0.010018456832303865,0.01030414328514404,0.9782423187656899
What is your hallux?,earlobe,tongue,eyelid,big toe,D,True,0.0006998912771941306,0.00042980000880134126,0.0007675142182417455,0.9981027944957629
What metal device is used by police to immobilize the wheels of repeat parking offenders?,Brooklyn clamp,Denver boot,LoJack,The Club,B,False,0.013466549154097257,0.19248783753203447,0.0053307858699688385,0.7887148274438994
What disease is sometimes referred to as the 'royaldisease'?,rickets,measles,hemophilia,tuberculosis,C,True,0.02800546417774641,0.004916439749169215,0.963978604961875,0.0030994911112092022
Which of the following statements accurately describes a JPEG compressed digital photograph?,The JPEG format is used only for color photos.,A JPEG compression alters the proportions of the original image by rearranging data.,A JPEG compression sharpens the details in an image.,The JPEG format compresses file size by selectively discarding data.,D,True,0.0015722215602206587,0.00498276683290976,0.0023152005760144014,0.9911298110308552
What do herpetologists study?,Herpes,Blood,Insects,Reptiles and amphibians,D,True,0.0001636186510320182,0.0001689001009549615,0.0009939664181553406,0.9986735148298577
Which of these is a virus?,Staphylococcus,Leukemia,Scoliosis,Chicken pox,D,True,0.03568012629963287,0.018732195866040996,0.020081577399565887,0.9255061004347602
What new token was recently added to the Monopoly board game?,piggybank,sack of money,globe,telephone,B,True,0.2523357037046322,0.4222935120838894,0.2124312185451118,0.11293956566636651
What is considered the proper way to address a duke?,Your Majesty',Your Eminence',Your Excellency',Your Grace',D,True,0.002346056272933563,0.0038117230717258552,0.006063759799779923,0.9877784608555605
Which of the following is about the Watergate scandal?,All the King's Men',All the Pretty Horses',All the President's Men',All the Right Moves',C,True,0.0008762203662442949,0.00023490049969750187,0.9983050713925153,0.0005838077415429994
What causes the disease toxoplasmosis?,a bacterium,a protozoan,a virus,a prion,B,True,0.0018929884228815806,0.9843361577644875,0.011441599086325938,0.0023292547263049513
Which of these rock guitarists designed a colorful line of men's neckties?,Eric Clapton,Jerry Garcia,Jeff Beck,Keith Richards,B,True,0.22893056586405056,0.42972321343491643,0.06187622085871981,0.2794699998423132
In mobster lingo if you 'sing like a canary' what are you doing?,impersonating Sinatra,talking to the cops,killing an enemy,betting on horses,B,True,0.0017893157479634937,0.9969545144099927,0.0010164630295279177,0.00023970681251595083
Where did Lewis and Clark begin their famous expedition in 1804?,Seattle,St Louis,New Orleans,Washington DC,B,True,0.002447709519654294,0.9834279312771005,0.011060993246347225,0.003063365956898023
According to a popular slogan what state should people not 'mess with'?,New York,Texas,Montana,Rhode Island,B,True,0.0014284618334381813,0.9955392419880743,0.0019921288173234044,0.0010401673611640679
Each year in pro baseball the player voted as the best fielder at his position wins what?,a brand new car,the Gold Glove,the Silver Bat,the Brass Baseball,B,True,0.008593624282480766,0.9861496962289994,0.004438167499057944,0.0008185119894619742
"Of the following objectives, which is most appropriate for a technology education program that has a goal of enabling students to develop creative technical solutions to present and future societal problems?","Design and construct a threedimensional model of a low-income, multifamily dwelling unit",Describe several construction careers that are related to home building,Categorize the components of a technical system,Identify the major tools and equipment used in highway construction,A,True,0.9449455230888385,0.00978564881064042,0.02984993926929384,0.015418888831227199
Who was the first US president to resign from that office?,Martin Van Buren,Andrew Jackson,Andrew Johnson,Richard Nixon,D,True,0.0024214458361781054,0.0029609240975480137,0.0048075298847147,0.9898101001815592
How much kale would be needed to provide enough calories for a person for an entire year?,2*10^3 kg/yr,2*10^4 kg/yr,2*10^5 kg/yr,2*10^6 kg/yr,A,False,0.1636379534825975,0.2153110629139371,0.40121503351762666,0.21983595008583875
How long has the average United States citizen spent as president?,1 seconds,10 seconds,1 minute,10 minutes,B,False,0.16720903103758236,0.2769554637499399,0.3559985694961091,0.1998369357163687
What is the proletariat?,the homeless,the royalty,the upper class,the working class,D,True,0.0008398236573422839,0.0004933007053324563,0.0005233115256446208,0.9981435641116806
According to the proverb necessity is the mother of what?,Invention,Luck,Problems,Procrastination,A,True,0.9869251335520328,0.0015521272168563913,0.006176907786181935,0.005345831444928835
What rank entitles a general in the US Army to wear three stars?,brigadier general,corporal general,lieutenant general,major general,C,False,0.06960680810240237,0.03742914129840575,0.15443976968747,0.738524280911722
What is another way of writing-'six feet'?,6',6,6'',6#,A,True,0.3799025198167612,0.21726023898791355,0.2925240521938531,0.11031318900147222
"In construction, the plates are horizontal structures at the top and bottom of a wall. Which of the following are the vertical structures?",Rafters,Studs,Headers,Joists,B,True,0.035359672978848435,0.9061193129688476,0.040384978212164406,0.018136035840139533
What part of the world was once known as Cathay?,China,India,Iran,Indonesia,A,True,0.9985765146642449,0.0009066534774724739,0.0003960528348174196,0.00012077902346515928
What is a shaddock?,a fish the offspring of a male shad and a female haddock,"a crystal such as quartz, that sticks out from a mineral vein",a plant that is a member of the nightshade family,a grapefruit,D,True,0.0014965448398126585,0.0006191217799750697,0.0011498210378267353,0.9967345123423856
How many innings are there in a regular Major League Baseball game?,seven,eight,nine,ten,C,True,0.01044727170825682,0.032867790424598566,0.9542559728110854,0.002428965056059187
"Which of the following statements is correct about a trophic structure in which a leaf-eating grasshopper is eaten by a frog, which in turn is eaten by a snake?",The frog is a herbivore.,The snake is a secondary consumer.,The grasshopper is a primary consumer.,The snakes outnumber the grasshoppers in the community.,C,False,0.1880315289463545,0.45865264365451003,0.33602886228444806,0.017286965114687452
"People who believe their political views are important, that government will respect these views, and that their views can influence political affairs are said to have a strong sense of",political partisanship,political alienation,political allegiance,political efficacy,D,True,0.003392267303632347,0.004239638978174256,0.0031928240872422533,0.9891752696309511
What was the average life expectancy of white males born in the U.S. just before the Civil War?,40 years,50 years,60 years,70 years,A,True,0.4556809887350415,0.24183591973684973,0.20237505395007988,0.10010803757802893
"What does the Yiddish word""'meshuga' mean?",crazy,sacred,stingy,sweet,A,True,0.9964723750115845,0.001467940613350495,0.0015345059541408011,0.000525178420924159
What is the last letter of the Greek alphabet?,omicron,omega,upsilon,zeta,B,True,0.0006530761586515922,0.9968320453720498,0.0008950917718025399,0.0016197866974959297
An elementary school student is able to follow fast and slow songs by playing appropriate rhythm patterns on the drum. Which of the following attributes of music does the student understand?,Dynamics,Pitch,Tempo,Harmony,C,True,0.05870627160640906,0.012696100039532318,0.9250095694436138,0.003588058910444848
When FDR carried states in the presidential election of 1932 how many states did he not carry?,six,seven,eight,ten,A,False,0.29530090559261285,0.32300223911137166,0.24561656852829117,0.13608028676772416
Which of these is a member of the cucumber family?,green pepper,watermelon,potato,green bean,B,True,0.23817644516204944,0.6916529173177639,0.02754070425973294,0.04262993326045373
"I became what I am today at the age of twelve, on a frigid overcast day in the winter of 1975. I remember the precise moment, crouching behind a crumbling mud wall, peeking into the alley near the frozen creek. That was a long time ago, but it's wrong what they say about the past, I've learned, about how you can bury it. Because the past claws its way out. Looking back now, I realize I have been peeking into that deserted alley for the last twenty-six years. The excerpt is an example of which of the following types of writing?",Informative,Persuasive,Descriptive,Narrative,D,True,0.005295139769809985,0.006574566703406273,0.010052895226635678,0.978077398300148
Which of the following defenses may NOT be used to legally avoid payment on a negotiable instrument?,Breach of contract,Diminished economic resources,Fraud in the inducement,Mental incapacity,B,True,0.18201172424208126,0.553782828688003,0.0662677135796028,0.19793773349031288
"Simple accompaniments, light texture and smooth melodies are qualities of",galant style,partitas,Sturm und Drang,serenade,A,True,0.9339491133151846,0.01162724375710151,0.014239569078899278,0.040184073848814596
Which of the following is true about a monopoly?,It competes with many firms selling the same product in the market.,It has to lower its price on all units to sell more output.,Its marginal revenue increases as output sold increases.,It sets a price below average variable cost to drive its competitors out of the market.,B,False,0.06583002086151445,0.042266270420406135,0.0420330443163543,0.849870664401725
Which of these names has never belonged to a Pope?,Leo,Lando,Linus,Lawrence,D,False,0.004278614303244898,0.910111315038229,0.0248677602696726,0.060742310388853527
Which of the following best helps explain why some localities have normally large tidal ranges (up to 60 feet) and others have one- to two-foot tidal ranges?,The position of the Sun is different at different localities.,The Coriolis effect and rotation of Earth tend to enhance tidal flow in the higher latitudes.,Ocean floor topography and the shape of the coastline serve to amplify tidal flow at specific localities.,Trade winds push the water into large tidal bulges near rocky shorelines.,C,True,0.011785238220868207,0.014412362570166802,0.9687923298951764,0.005010069313788568
"Which of these is typically not ""used as a spice?",Dill,Thyme,Hemlock,Marjoram,C,True,0.0037130334137453944,0.004244176356829168,0.96553949498049,0.02650329524893537
Who is the patron saint of animals?,St Isidore of Seville,St Anthony of Padua,St Francis of Assisi,St Joan of Arc,C,True,0.002302267457686123,0.0033523359068422937,0.9930542594250819,0.0012911372103898134
The dissolved salts in Earth's oceans are principally derived from,marine biological activity,atmospheric deposition,the weathering of continental rocks,the eruptions of undersea hot-spot volcanoes,C,True,0.004586449562889537,0.015504692329462076,0.9683377696915608,0.011571088416087632
What is the baseball term for a batter who substitutes for another batter?,Switchhitter,Shadow hitter,Clip hitter,Pinch hitter,D,True,0.000963586453866662,0.0013677208396884147,0.0022123918908669004,0.995456300815578
In 1960 Nazi official Adolph Eichmann was finally captured in what country?,Brazil,East Germany,Argentina,Paraguay,C,True,0.07507697916190868,0.007048502451158969,0.9160039400091352,0.0018705783777970553
What is the square root of 81 squared?,9,27,81,729,C,True,0.21147768142841558,0.2490794365200934,0.2870454219172091,0.252397460134282
Which of the following has provided evidence that the Sun's atmosphere contains sodium atoms?,Absorption lines in the solar spectrum are consistent with the presence of sodium.,Stars with the same spectral class as the Sun are made mostly of sodium.,Solar samples returned to Earth by the Voyager spacecraft contained sodium.,The Sun gives off energy produced by the nuclear fusion of sodium in its core,A,True,0.9849197663739439,0.00311998212112553,0.009316669093318491,0.002643582411612271
What letters are on the '3' button of a touch-tone telephone?,ABC,DEF,GHI,WXY,B,True,0.12997799537297716,0.32385334348927775,0.30669365096059714,0.23947501017714784
"To best encourage student engagement in the classroom, a teacher should select texts based on which of the following?",The instructional objectives,The culture of the local community,The instructional reading level of the class,Topics that are interesting for the students,D,True,0.10211825436555923,0.08911840673540147,0.16351852689734434,0.645244812001695
When born a Dalmatian puppy is always?,Black,black with white spots,white,white with black spots,C,False,0.04644868189918631,0.689665562520235,0.051156301847862774,0.21272945373271587
Which of these countries is not in Europe?,Italy,Spain,Greece,Israel,D,True,0.004201907410109413,0.004250206489244724,0.013423503559266118,0.9781243825413798
What famous radio personality was also the voice of Shaggy on the cartoon 'Scooby-Doo'?,Rush Limbaugh,Casey Kasem,Larry King,Howard Stern,B,True,0.0004998096779356086,0.9983096216672847,0.0008737092739605804,0.0003168593808191394
Many scientists think that some of the dinosaurs did not go extinct but rather evolved into what kind of creature?,amphibians,reptiles,birds,mammals,C,True,0.003749233331477255,0.008061895270835761,0.9546612716016524,0.03352759979603462
What are fans of the TV show 'Mystery Science Theater 3000' known as?,Mysterians,MiSTies,Bot Brigade,Gizmonics,B,True,0.005773778213391177,0.9884964795954357,0.005258007586965244,0.00047173460420766314
What automobile company makes the Sonata?,Toyota,Honda,Subaru,Hyundai,D,True,0.00103741650314872,0.0019599275161281413,0.0014280280277366125,0.9955746279529867
Force equals mass times what?,Velocity,Distance,Acceleration,Weight,C,False,0.0027256824744681368,0.004019705117578094,0.018177221533049393,0.9750773908749044
To create a tapestry one must traditionally engage in what activity?,Weaving,Sculpting,Baking,Singing,A,True,0.9795996923091965,0.013246867163425106,0.0037883549850201946,0.0033650855423581045
What element do organic compounds contain?,Carbon,Oxygen,Hydrogen,Nitrogen,A,True,0.9948936286863134,0.0007723675058376351,0.004104437483993825,0.00022956632385512228
What is the technical term for someone who studies fish?,entomologist,ichthyologist,marinologist,herpetologist,B,True,0.0002610209398555001,0.998078152589899,0.0014269515055976205,0.00023387496464784526
A person uses a remote control to change the volume level on a television. The signal that travels from the remote to the television is most likely encoded in a,visible light pulse,radio wave signal,series of infrared pulses,series of intense infrared beams,C,True,0.0068337318415383295,0.019040734666604133,0.9691087067331631,0.005016826758694431
When it comes to measuring horses how long is a 'hand'?,four inches,seven inches,ten inches,two feet,A,False,0.09845429540518075,0.21769753264891226,0.4319097413934387,0.2519384305524682
What is the (approximate) value of lemon juice on the pH scale?,14,2,7,0,B,True,0.05625383034780643,0.719108128558063,0.13677276974976796,0.08786527134436249
Which of the following best describes the situation after the price is raised on a product that has an inelastic demand?,The quantity demanded will not change.,The quantity demanded will increase.,Total revenue will decrease.,Total revenue will not change.,A,True,0.49751477123837123,0.15329232004810445,0.30338480616150443,0.04580810255201992
Which of the following statements reflects the Confucian worldview that figured prominently in classical Chinese culture?,Having faith in God will be rewarded in the afterlife.,Life's ultimate goal is to escape the suffering inherent in the endless cycle of death and reincarnation.,A life of quiet contemplation and isolation from worldly temptations will result in self-perfection.,Observing rules of proper behavior toward others will ensure social and political harmony.,D,True,0.0017002852892351152,0.0033472631914854057,0.009861149600683237,0.9850913019185963
Which of these Democrats lost to Ronald Reagan in the 1984 presidential elections?,Michael Dukakis,Walter Mondale,Gary Hart,Jimmy Carter,B,True,0.10052309985184178,0.8916481199235119,0.0046407706943230875,0.0031880095303232136
Real gross domestic product (GDP) is defined as the ratio of nominal GDP to the,money supply,unemployment rate,government's budget deficit,GDP deflator,D,True,0.0066699916089402456,0.007812391304148914,0.007302192911627992,0.978215424175283
Which of these is another name for a golf course?,Pitch,Links,Steps,Suite,B,True,0.0020547596263785963,0.9957696089131532,0.001959691123895465,0.00021594033657249378
"When Corporation X pays out $300,000 in salaries, which of the following is the impact on assets and liabilities?","Salary expense is increased by $300,000; cash is increased by $300,000","Salary expense is increased by $300,000; cash is decreased by $300,000","Salary expense is decreased by $300,000; cash is increased by $300,000","Salary expense is decreased by $300,000; cash is decreased by $300,000",B,False,0.5187074693806631,0.20984515916639457,0.08075434925922978,0.1906930221937126
Who was not one of the Cartwright sons on the TV series 'Bonanza'?,Adam,Little Joe,Hoss,Ben,D,True,0.07530649344003636,0.33869522623583753,0.054482511777128574,0.5315157685469976
How long is a single term in the US Senate?,two years,four years,six years,eight years,C,False,0.08876796889349627,0.7587548802151549,0.11431017354898854,0.03816697734236028
On what body part should you wear a babushka?,head,hands,foot,legs,A,True,0.968113325413578,0.018258531607476713,0.012346684384424978,0.0012814585945202935
A kindergarten teacher has students determine the following. ‚Ä¢ How many students are absent that day ‚Ä¢ If there are enough snack cups for each student to have one during snack time ‚Ä¢ How many balls are taken outside during recess and how many are brought back inside after recess. Which of the following concepts is most closely aligned with the determinations the teacher is having the students make?,Classifying,Counting,Patterning,Ordering,B,False,0.37528418002200853,0.2728035536243948,0.12364963627162363,0.22826263008197295
"Grammar may be taught in two main ways‚Äî by experience with discourse that entails the varieties of word forms and sentence construction, or by analyzing dummy sentences and diagramming parts. Plentiful discursive experience is what really teaches grammar, for it exercises judgment and provides language intake, whereas formal grammar study has been proved irrelevant. Politics more than pedagogy retards the changing of the curriculum to fit this truth. The author of the passage above argues that",using language in a wide variety of situations improves grammar,good judgment can be improved by studying the rules of formal grammar,analyzing and diagramming provide exercise in logical thinking,formal study of grammar improves writing ability,A,True,0.9262965840805898,0.005805456891217349,0.029750547005141525,0.03814741202305128
Who was the mother of the Greek god Zeus?,Gaia,Phoebe,Rhea,Hera,C,True,0.009773199474777054,0.009450089307133687,0.9773459533418203,0.0034307578762690634
Which of these evangelists is a cousin of rocker Jerry Lee Lewis?,Billy Graham,Oral Roberts,Jerry Falwell,Jimmy Swaggart,D,True,0.031200830635065183,0.10156885241056555,0.15721904395031913,0.7100112730040502
Which of the following prescribes standards for wages and overtime pay that affect most private and public employment?,The Employee Retirement Income Security Act,The American Recovery and Reinvestment Act,The Fair Labor Standards Act,The Federal Employees' Compensation Act,C,True,0.000619556230387352,0.0011345154974925146,0.9973884773323368,0.0008574509397833573
What organelle is primarily responsible for photosynthesis?,Nucleus,Chloroplast,Mitochondria,Golgi Apparatus,B,True,0.0007895515005158204,0.9952307409224022,0.0036860225773747675,0.00029368499970724326
In what city is TV's 'The Mary Tyler Moore Show' set?,Dallas,Chicago,New York,Minneapolis,D,True,0.0013944617076524321,0.0024593939754575106,0.0018877721329665339,0.9942583721839234
What Greek poet wrote 'The Iliad' and 'The Odyssey'?,Sophocles,Plato,Homer,Socrates,C,True,0.00036054099308252405,0.0003611573232948771,0.9989485513966069,0.00032975028701570994
What is Delta Burke's character's job on the sitcom 'Designing Women'?,fashion designer,graphic designer,interior designer,website designer,C,False,0.7595977214339432,0.09573223056211157,0.14220735361839876,0.0024626943855464386
Which of the following activities will best help a teacher collect data that will inform instruction to meet the individual needs of students?,Concentric circles,K-W-L chart,Book pass,Reciprocal teaching,B,True,0.17234445313733232,0.48897680691751677,0.09857835446277526,0.24010038548237558
On average what length of time passes between high tides?,3 hours 25 minutes,6 hours 25 minutes,12 hours 25 minutes,24 hours 25 minutes,C,True,0.14893018389499316,0.19361646770247193,0.5036264041891296,0.15382694421340518
An increase in the real interest rate in the United States relative to its trading partners will most likely result in which of the following?,An increase in United States imports,An increase in United States exports,A decrease in the demand for the United States dollar,A decrease in the United States trade deficit,A,True,0.2956673941128445,0.14640926045452876,0.2679475504274889,0.2899757950051378
The legal basis for the escalation of United States involvement in the Vietnam War was the,declaration of war by Congress,passage of the Gulf of Tonkin Resolution by Congress,United Nations resolution condemning the North Vietnamese invasion of South Vietnam,mutual defense provisions of the North Atlantic Treaty Organization (NATO),B,True,0.0014483986770486965,0.990382627140418,0.0070640799806091165,0.0011048942019241332
What professional sports team plays its home games in the Alamodome?,New York Jets,Detroit Tigers,Boston Bruins,San Antonio Spurs,D,True,0.0007121374885568011,0.0006730740105351376,0.0011478566441816462,0.9974669318567264
What is the name of Howard Stern's female on-air sidekick?,Allison Norris,Jackie Reeses,Jackie Martling,Robin Quivers,D,True,0.0016432883227967354,0.002060708816366713,0.005443202101146986,0.9908528007596895
In what decade did Israel become an independent state?,1920s,1940s,1950s,1960s,B,False,0.016611523765555622,0.33694036534474125,0.4025739502288784,0.2438741606608248
In cooking the term 'au gratin' is sometimes used to describe a dish with what topping?,cheese,fruit,gravy,whipped cream,A,True,0.9976641425261055,0.0009906735197756252,0.0011076301753368057,0.00023755377878223105
Which of the following is the most effective way to evaluate the development of a student's drafting skills throughout the school year?,Baseline assessment,Portfolio assessment,Short-answer unit assessment,Teacher-created assessment,B,True,0.05238091232935711,0.8588993778725043,0.026305363570720282,0.062414346227418295
In the sci-fi movie 'Fantastic Voyage' where do the voyagers travel?,through outer space,through a human body,to the ocean floor,to the center of the earth,B,True,0.0005915402175700558,0.9980130879816855,0.0011459818662325856,0.0002493899345118431
What would be the most likely thing one would do with the compound MgSO4 7H2O?,power a car,blow up a building,soak ones feet,fertilize a lawn,C,True,0.0007040728798852508,0.0006264776963881256,0.9954474796793654,0.0032219697443612435
Who originally proposed the idea of daylight-saving time?,Benjamin Franklin,Henry David Thoreau,Galileo,Albert Einstein,A,True,0.9948389547650417,0.0025516532605251493,0.001343547476740319,0.0012658444976927686
If you ask for 'gai' at a Thai restaurant what will you get?,shrimp,chicken,beef,pork,B,True,0.15535284080851036,0.589958020206877,0.1450460853867365,0.10964305359787613
On a set of jumper cables what color designates the negative connector?,black,red,orange,blue,A,True,0.9653363212305719,0.029956890055200212,0.0028184262168371122,0.0018883624973906942
Which of these is a commonly-known investment account?,CNN,EMC,IRA,IRS,C,True,0.0021729041886182692,0.0009432604028652522,0.9927048453332858,0.004178990075230764
If you are 'riding fakie' inside a 'half pipe' what are you probably doing?,skiing,biking,snowboarding,surfing,C,False,0.003311304842465929,0.8767706783161577,0.08825990468734503,0.03165811215403146
Which of these people was not alive in the 20th century?,Mark Twain,Thomas Edison,Sigmund Freud,Ulysses S Grant,D,False,0.16451202637846551,0.06639309606930734,0.5919493514357558,0.17714552611647133
What color is cartoon character Marge Simpson's hair?,yellow,purple,blue,brown,C,False,0.038658975629005554,0.062480516772715405,0.03158601554219623,0.8672744920560828
Which of these is not a fabric?,Velveteen,Celotex,Seersucker,Tencel,B,True,0.0041039191470902845,0.9696219630054215,0.014009852143780758,0.012264265703707507
How is 4:00 pm expressed in military time?,1600,4,400,4:00,A,True,0.9712985034615954,0.007905032876864547,0.015547662871068525,0.005248800790471455
Which of the following is most likely to cause a rise in the average temperature of Earth's atmosphere in the future?,Atomic warfare,CO2 from fossil fuels,Dust clouds from volcanoes,Depletion of Earth's ozone layer,B,True,0.0026313169467240562,0.9743140608376932,0.012130336467873301,0.0109242857477094
Which of the following activities is likely to have the greatest impact on biodiversity?,Copper mining in Chile,Soil erosion on the slopes of the Rocky Mountains,Large-scale deforestation of the Amazon or Congo basin tropical forests,Increased use of ethanol fuels in the United States,C,True,0.027307728179487404,0.024964737910704003,0.9410723243153958,0.006655209594412821
Whom did Billie Jean King defeat in the famous 'Battle of the Sexes' tennis match?,Jimmy Connors,Pete Sampras,John McEnroe,Bobby Riggs,D,True,0.0014787924228377007,0.0034381413640042296,0.0023185945952437672,0.9927644716179144
Which of the following structures is most susceptible to damage by acid precipitation?,A monument made of granite,A roof made of slate,A tombstone made of marble,A statue made of gabbro,C,True,0.09958204993283401,0.2437317235577273,0.6323788727893671,0.02430735372007166
Who is an archenemy of the cartoon superhero Underdog?,OverCat,Muttley,Mr Whoopie,Dick Dastardly,A,False,0.16516347238218673,0.031136698050372124,0.08149281241658152,0.7222070171508596
Mohair is made from the fleece of what animal?,camel,llama,goat,mole,C,True,0.0016970209931599822,0.002720849252947173,0.995117255086901,0.0004648746669919539
"The Burgess Shale is a rock formation in Canada that has a large number of fossils from the Cambrian period preserved in exquisite detail. Many primitive members of modern phyla, including arthropods, mollusks, and chordates, can be found among the fossils exposed in this region. Based on these fossils, it can be concluded that most of the modern groups of animal life first appeared roughly",3 billion years ago,540 million years ago,65 million years ago,"200,000 years ago",B,True,0.0026118084827293545,0.978102643172526,0.017719715445132133,0.0015658328996124393
The Strauss family of composers popularized what dance?,waltz,tango,fox-trot,square dance,A,True,0.9979044547072158,0.0010080746439670317,0.0008430340911392282,0.00024443655767777516
What was Ludwig Van Beethoven's final symphony?,Ninth,Tenth,Eleventh,Twelfth,A,True,0.9855006907099965,0.00560963619168751,0.00631447910763417,0.002575193990681801
A portrait that comically exaggerates a person's physical traits is called a what?,Landscape,Caricature,Still life,Impressionism,B,True,0.0010019274794171955,0.99721816941166,0.001550999131467962,0.00022890397745495142
The government establishes a price floor in a market for a good in order to,eliminate a surplus in the market,eliminate a shortage in the market,help buyers of the good,help sellers of the good,D,True,0.2325606305368259,0.33260964579755853,0.04418474384101689,0.3906449798245986
A student is standing in front of the class delivering a presentation. Some students in the back of the room note that they are having trouble hearing what the presenter is saying. Which of the following suggestions to the presenter would best address this problem?,Engage your audience by making eye contact with people in the back of the room,Entertain your audience with exaggerated body language,Emphasize your main points by reading them directly from a paper,Project your voice by relaxing the rib cage and maintaining good posture,D,True,0.013886496133958006,0.007749253117373993,0.005812285498620801,0.9725519652500473
"A passage from Zora Neale Hurston's Their Eyes Were Watching God is as follows. The people all saw her come because it was sundown. The sun was gone, but he had left his footprints in the sky. It was the time for sitting on porches beside the road. It was the time to hear things and talk. These sitters had been tongueless, earless, eyeless conveniences all day long. Mules and other brutes had occupied their skins. But now, the sun and the bossman were gone, so the skins felt powerful and human. They became lords of sounds and lesser things. They passed nations through their mouths. They sat in judgment. The description of the sun in the second sentence contains which of the following literary devices?",Foreshadowing,Irony,Flashback,Personification,D,True,0.004282182174212821,0.007609902300227158,0.008105766593071165,0.9800021489324888
Which of these is not one of the 3 methods of heat transfer?,Conduction,Radiation,Convection,Induction,D,True,0.002544111076501785,0.003882503613176287,0.006764178407150002,0.986809206903172
Which of these is not an ingredient in Yorkshire pudding?,eggs,milk,chocolate,meat drippings,C,True,0.0019873834003494104,0.0011946786048988624,0.9937275801259972,0.0030903578687546092
"Anna feels that she is confusing ""who"" and ""whom"" in her narrative. She wants to correct her error. Which of the following reference materials will best help Anna accomplish such a task?",A dictionary,A thesaurus,A glossary,A grammar guide,D,True,0.004044363442072711,0.0030934125574509797,0.011966186360882026,0.9808960376395943
Where was the chicken First domesticated?,France,India,Peru,Zaire,B,True,0.12639045673646804,0.5909201973120131,0.17894011170160753,0.1037492342499114
Which of the following is not in Nevada?,Liberace Museum,Pikes Peak,Lake Mead,Hoover Dam,B,True,0.017345055212674314,0.9660616515155646,0.011189222784104454,0.005404070487656633
What famous folksinger founded the Institute for the Study of Non-Violence in 1965?,Bob Dylan,Woody Guthrie,Joan Baez,Peter Yarrow,C,True,0.08746814568770567,0.08131527455387416,0.8100138512250996,0.021202728533320527
Phoebe Dione and Helene are moons of what planet?,Jupiter,Saturn,Neptune,Pluto,B,False,0.6156434474860719,0.281490352979375,0.08267130600389508,0.020194893530657995
Which of these companies is not an online stock brokerage?,E*Trade,EDigital,Datek Online,DLJ Direct,B,True,0.008427540854042457,0.6708168546462051,0.1809923410664147,0.1397632634333379
Which of these is not the name of one of rock musician Frank Zappa's children?,Dweezil,Ahmet,Moon Unit,Lumpy Gravy,D,True,0.004333192603405957,0.008231827077108652,0.015411817605685716,0.9720231627137996
How much does Peanuts character Lucy charge for her psychiatric advice?,5 cents,10 cents,75 cents,$125,A,False,0.408015790085982,0.419239231342798,0.15161526713704365,0.021129711434176433
Which of the following is the most reasonable action to take for an artist whose work requires the use of a specific hazardous product?,Finding a nontoxic product to use and adapting the art-making process as necessary,Reading the product's label and proceeding according to the label directions,Making sure no children are present when using the product,Checking with a qualified toxicologist before using the material,B,False,0.9405095141738294,0.027890513825860816,0.009307063469926217,0.022292908530383553
What children's storybook character believes that the sky is falling?,Chicken Little,Curious George,Jack Sprat,Tom Thumb,A,True,0.999610508533226,0.0001723249960286466,0.00021716647074533117,3.7224674428733584e-44
Pop icon Tiny Tim was famous for playing what musical instrument?,ukulele,kazoo,accordion,fiddle,A,True,0.9958529125735436,0.0022481145272967196,0.0013590234319048144,0.000539949467255066
Which of the following is the highest level taxonomic rank?,Domain,Class,Phylum,Kingdom,A,True,0.48826200873791564,0.016944668387301718,0.02296767137861682,0.47182565149616584
When daylight-saving time arrives in the spring how do most Americans turn their clocks?,one hour forward,one hour backward,two hours forward,two hours backward,A,True,0.9115343241532,0.07487496688670059,0.009531847059822593,0.004058861900276941
Which of these fashion designers was born in the United States?,Laura Ashley,Helmut Lang,Donna Karan,Christian Dior,C,True,0.07716447756237305,0.08342864502601151,0.72177271194649,0.11763416546512548
Who was on the $500 bill?,Calvin Coolidge,Andrew Jackson,Aaron Burr,William McKinley,D,False,0.3982094668344134,0.15994389786736135,0.38274764643119247,0.05909898886703287
For a man and woman on a date 'dutch treat' means what?,The man pays,The woman pays,The Dutch pay,Each pays their own way,D,True,0.0036209666963667136,0.004255387100735052,0.006605667768929591,0.9855179784339686
What city's residents are known as 'Knickerbockers'?,Boston,Philadelphia,New York City,London,C,True,0.005151310439505106,0.0054200613608661255,0.9867213452330984,0.002707282966530515
Which of these college football programs has produced the most Heisman Trophy winners?,Notre Dame,USC,Oklahoma,Michigan,A,False,0.1781549160390255,0.06981159312645666,0.6306329557035564,0.12140053513096159
What does a pH level measure?,acidity,density,wavelength,humidity,A,True,0.9995673585802375,0.0002191265566009015,0.000213514863161748,3.722360390724253e-44
If a hertz is equal to one cylce per second how many cycles per second does a megahertz equal?,-328716,1000,1000000,1000000000,C,True,0.009529361251793666,0.0433032067182476,0.7199816534920578,0.227185778537901
"Every day was a happy day, and every night was peaceful. The sentence above can best be classified as",simple,compound,complex,compound-complex,B,False,0.265733773104446,0.22968583826195502,0.22960481939078542,0.27497556924281363
Which of these holidays is not attached to a specific date?,Independence Day,New Year's Day,Thanksgiving,Christmas,C,False,0.14655374658550074,0.4364643205460773,0.23974182905255137,0.17724010381587074
Where is the Louvre museum?,Paris,Lyon,Geneva,Vichy,A,True,0.9995322642805577,0.00035696615280767944,0.00011076956663465876,3.7224836784369855e-44
Which of the following guidance systems is principally a materials-handling device?,Escalator,Conveyor,Highway,Railroad,B,True,0.03152104778949961,0.9617200754771805,0.004347869723831521,0.0024110070094882897
"A preschool teacher is teaching students about a color wheel, which is an organization of hues around a circle. Red, yellow, and blue are examples of which of the following kinds of colors on the color wheel?",Complementary,Primary,Secondary,Tertiary,B,True,0.031588130838317505,0.9447599741781857,0.022131243510558233,0.0015206514729387323
A second-grade teacher has each student select a card at random that is marked with a three-digit number. Students then model their numbers with base ten blocks on a place value mat. Which of the following whole number concepts does the lesson best reinforce?,Comparing quantities,Describing quantities,Ordering quantities,Decomposing quantities,D,False,0.19219999182492978,0.13640852643852186,0.49979322055943687,0.17159826117711147
Which brand of cat food claims it's so tasty that 'cats ask for it by name'?,Fancy Feast,Cat Chow,Meow Mix,9-Lives,C,True,0.2636147618485197,0.007193749341880478,0.6398637109291893,0.08932777788041071
In the phrase 'Y2K' what does 'K' stand for?,millennium,computer code,catastrophe,thousand,D,True,0.024058875944390667,0.2603386518493591,0.012512412987884282,0.703090059218366
What is the approximate speed of light?,165 miles per hour,122000 miles per hour,186000 miles per second,293000 miles per second,C,True,0.005569161640541511,0.07883721281548624,0.5708275210094166,0.3447661045345557
Which of these people was buried in the Valley of the Kings?,Louis XIV,Elvis Presley,Julius Caesar,King Tut,D,True,0.021205634356192295,0.06411142068605248,0.050178533608636874,0.8645044113491183
After Prince Charles who is next in line to be the king of England?,Prince William,Prince Andrew,Prince Edward,Fresh Prince,A,True,0.9759779156481946,0.010508941179862312,0.009580388417139553,0.003932754754803712
The disco band ABBA comes from what country?,Norway,Sweden,Switzerland,The Netherlands,B,True,0.0005528908897042986,0.9988877354753766,0.0004359967006109872,0.00012337693430824724
When it's noon in New York during daylight-saving time what time is it in Honolulu?,6:00 AM,6:30 AM,7:00 AM,8:00 AM,A,False,0.2776601217903257,0.19199564360972965,0.2811458804796655,0.24919835412027924
"The total retail market value of all the goods and services produced in a nation, usually stated in annual terms, is the",ratio of profit to sales,current ratio,gross domestic product,trade surplus,C,True,0.0011738690613566016,0.0003378418755165224,0.9976909243655111,0.0007973646976159881
What is the world‚Äôs most venomous fish?,Scorpion fish,Lion fish,Stonefish,Toadfish,C,True,0.02707521269483504,0.047337104988823646,0.9140809722571014,0.011506710059239905
What force causes an ice cream cone to fly off of a spinning merry-go-round?,centrifugal,Vehicular,Gravitational,Torsal,A,True,0.9727699779386312,0.010971351575785864,0.014009987571633017,0.0022486829139498933
Which of these words is spelled correctly?,decieve,foriegn,hygiene,wierd,C,True,0.11034205850444584,0.06328584355914342,0.6574543050953631,0.16891779284104766
The term 'chili con carne' refers to chili with what?,beans,meat,cheese,chili peppers,B,True,0.08479091274508531,0.8797077728630895,0.010562343500267109,0.024938970891558013
At what age can someone first attend an R-rated movie without an accompanying adult?,15,17,18,21,B,True,0.1187652791207594,0.4453301293895394,0.4155622825592062,0.020342308930494806
On TV's 'Seinfeld' what type of doctor did Mr Costanza go to when he sat on 'fusilli Jerry'?,ophthalmologist,cardiologist,neurologist,proctologist,D,True,0.038684965017196975,0.0335196865253831,0.04956024120619113,0.8782351072512288
In the comic strip 'Peanuts' what is Schroeder known for doing?,Dancing,playing football,playing the piano,Flying an imaginary plane,C,True,0.0008589956689908306,0.00013529443182615862,0.9986421547945578,0.00036355510462524797
How is the Arabic numeral for '2' written?,2,II,I,ii,A,False,0.060123568007424334,0.7633575339314619,0.046351029871644085,0.1301678681894696
What country gave us the fashionable headgear called the beret?,Switzerland,China,Mexico,France,D,True,0.002835709437794316,0.0030926556284055625,0.009576035241916768,0.9844955996918833
How many spikes are on the Statue of Liberty's crown?,five,seven,nine,thirteen,B,False,0.11507803117142933,0.25368613912011645,0.43391416159275725,0.19732166811569704
In a game with no wild cards what is the highest possible poker hand?,straight flush,royal flush,full house,four of a kind,B,True,0.23786710901544245,0.7378134997117145,0.011248435499246198,0.013070955773596937
Moderate and frequent irrigation is normally most appropriate for a corn crop growing in a,dispersed alluvial fan soil,"heavy-textured soil, such as silty clay","light-textured soil, such as loamy sand",region of low humidity,C,False,0.11779205290896866,0.4615867712761588,0.39500138308237637,0.02561979273249624
What is the capital of North Dakota?,Bismarck,Fargo,Sioux Falls,Pierre,A,True,0.9728891286859687,0.01769877862189069,0.002531920821810106,0.006880171870330477
A fiscal policy to combat a recession would call for,an increase in taxes,an increase in government spending,a decrease in the reserve requirement,a decrease in the discount rate,B,True,0.0033438119750295145,0.9827732686277767,0.007907158323366125,0.005975761073827419
An electric fence installed to keep both mature cattle and sheep in a field should have a wire placed at which of the following heights? I. 6 inches II. 18 inches III. 40 inches IV. 60 inches,I only,II only,II and III only,III and IV only,C,True,0.19425409327222348,0.20891125847789427,0.36012524049426625,0.23670940775561608
How much chicken excrement is produced in the United States every year?,4*10^10 kg,4*10^12 kg,4*10^14 kg,4*10^16 kg,A,False,0.19584950177804322,0.24131012119859496,0.25855240901743193,0.30428796800592994
According to the American Kennel Club what is the most popular breed Of dog in the US as of 1999?,Poodle,Beagle,German shepherd,Labrador retriever,D,True,0.0024165744528818283,0.00959596043639541,0.01169539672459025,0.9762920683861326
What singer appeared in the 1992 baseball film 'A League of Their Own'?,Brandy,Madonna,Garth Brooks,Whitney Houston,B,True,0.0009632024587822013,0.997100213037217,0.0015514785016111613,0.0003851060023897587
How is the word 'ambulance' normally written on the front of American ambulances?,in French,in reverse,in braille,in gibberish,B,True,0.2076615787364338,0.5784258889004182,0.10633824766697045,0.10757428469617755
What is the colored part of the eye called?,iris,pupil,retina,cochlea,A,True,0.9905362474837854,0.007268721501626022,0.002022711052123068,0.00017231996246537732
If you work as a 'dolly grip' what business are you in?,sheep farming,film production,construction,moving,B,True,0.0021979258398718226,0.9771553783601931,0.002513580964758427,0.018133114835176652
Who was the longest reigning monarch in French history?,Louis XIII,Louis XIV,Louis XV,Louis XVI,B,True,0.019330809021006003,0.9397116242412994,0.03372951417010537,0.007228052567589122
The principles of xeriscaping are best exemplified by a homeowner who,installs an in-ground sprinkler system that operates on a timer,lowers the cutting height on the lawn mower to reduce the surface area in contact with the cutting blade,increases the use of fertilizer on the turfgrass to promote growth,replaces nonnative ornamentals with native shrubs that do not require irrigation,D,True,0.004101677161096661,0.01182736546561939,0.002859434716574194,0.9812115226567099
What was the revenue for flat screen televisions sold in Australia in the past 12 months (as of 2013)?,$120 million annual Revenue,$1.2 billion annual Revenue,$12 billion annual Revenue,$120 billion annual Revenue,B,True,0.11832614658847183,0.5985670781981928,0.22361228148384246,0.059494493729492906
What native empire controlled Large areas of South African Territory during the 19th century?,Hutu,Zulu,Aztec,Masai,B,True,0.002373786421192075,0.9895211283246648,0.0069298053607869375,0.0011752798933560534
How many keys are on a Standard piano?,20,54,88,100,C,True,0.002180551802879637,0.006381568830705436,0.9868804671531021,0.004557412213312907
The most important consideration in designing successful messages to be transmitted through graphic communications is knowledge and understanding of,current technologies,the capabilities of the designer,the limitations of the printer,the nature of the audience,D,True,0.0025858744082859946,0.0025703038285766564,0.0046370733010988536,0.9902067484620385
Which one of these world leaders was assassinated?,Indira Gandhi,Ferdinand Marcos,Golda Meir,Neville Chamberlain,A,True,0.9807940674058537,0.00782597302105155,0.007471148804677862,0.003908810768417033
Which of these candy bars was named for a baseball player?,Baby Ruth,Clark Bar,Reggie Bar,Butterfinger,C,False,0.9692065221375377,0.009531672410676754,0.01685850355172536,0.004403301900060123
The common term for someone who has difficulty seeing objects in the distance is what?,farsighted,nearsighted,hindsighted,hypermetropic,B,False,0.6114243965356143,0.3585812350355468,0.006917008866097393,0.023077359562741612
Where did jazz great Sun Ra claim he was born?,Atlantis,Mount Olympus,Saturn,in a saxophone,C,False,0.43930197582455294,0.08813279301842386,0.4248588298290899,0.04770640132793331
By what name is Bob Keeshan better known?,Bozo the Clown,Pee Wee Herman,Captain Kangaroo,Buffalo Bob,C,True,0.004620063998270834,0.002627434927269292,0.9906750673255229,0.0020774337489369724
Where would you typically find a bailiff?,grocery store,courtroom,football stadium,doctor's office,B,True,0.0009254231930549095,0.997362414486726,0.0015303597827913704,0.00018180253742764878
Girls of what religious community traditionally wear bonnets?,Amish,Sikh,Roman Catholic,Christian,A,True,0.9933041514685678,0.0029574891315422435,0.0020980059415643326,0.0016403534583256808
What New Age musician released a 1998 album titled 'King of the Pan3Flute'?,Zamfir,Yanni,Vangelis,Kenny G,A,True,0.7008299781053721,0.15617123971117236,0.07076545059745283,0.07223333158600273
Which of these is a fish?,sea horse,sea cow,sea snake,sea lion,A,True,0.8864750628228377,0.08323657671465975,0.015544695813510442,0.014743664648992093
How many airplanes are in the air worldwide right now (as of 2014)?,"5,000","20,000","80,000","320,000",B,False,0.05320281656215449,0.16895860394435455,0.3480394160401803,0.42979916345331065
Reindeer herding as an economic activity of the Sami in Norway is an example of which of the following types of diffusion?,Stimulus,Hierarchical,Relocation,Contagious,A,False,0.293784895691684,0.19432817473885355,0.4514853623318354,0.06040156723762719
"When cool air flows from a high mountain region to a region of lower elevation, the air will",increase in moisture content,"condense, forming large amounts of dew",undergo adiabatic warming,undergo adiabatic cooling,C,False,0.03411626986575124,0.057572550060786834,0.21796972841505421,0.6903414516584078
In Greek mythology what is the name of Zeus' father?,Apollo,Cronus,Prometheus,Hercules,B,True,0.0003209493100042662,0.9983549253580416,0.0012156354192812539,0.00010848991267283538
What disease does a carcinogen cause?,cancer,influenza,emphysema,heart disease,A,True,0.9979826012684161,0.000648584223042053,0.0010485188926732305,0.0003202956158685797
Who sang lead vocals for the band Big Brother and the Holding Company?,Grace Slick,Janis Joplin,Mama Cass,Karen Carpenter,B,False,0.8816909474064075,0.1159729952965165,0.001983801522580405,0.00035225577449560686
Which Pope immediately preceded John Paul II?,John XXIII,Paul VI,John Paul I,Hank II,C,True,0.3869308527436121,0.2083087703889778,0.3958966736116169,0.008863703255793115
Which of these is not a spice?,dill,aniseed,cucumber,cayenne,C,True,0.0018637044186130443,0.002995404347549639,0.9899066848747352,0.005234206359102154
Which of the following protocols is used to transport HTML pages from Web servers to Web browsers?,BOOTP,HTTP,SNMP,SMTP,B,True,0.0012297674543576447,0.99675927854038,0.0009936427831660735,0.0010173112220960945
What is the correct spelling of New Mexico's largest city?,Albuqerque,Albuquerque,Albequerque,Santa Fe,B,True,0.018352227426122913,0.9757890958589044,0.005162887173451404,0.0006957895415213342
Which of the following best defines federalism?,A government in which the political leader is also the religious leader,The concentration of government power in the hands of a small group of people,The division of national power into different branches of government,The division of a country's power into national and subnational units,D,True,0.0015050482592274146,0.0009978881966196604,0.04097757490846271,0.9565194886356901
What sport is known as 'The Sport of Kings'?,polo,archery,yachting,horse racing,D,True,0.005717059667419813,0.0020283016739277462,0.003116215014720488,0.9891384236439319
Which of the following is matched with its correct function?,Ovule ..... production of pollen,Vascular cambium ..... formation of apical meristem,Xylem ..... transport of sugars,Guard cell ..... regulation of transpiration rate,D,True,0.014617371080423838,0.01489044186427277,0.023711681606377263,0.9467805054489262
Which of the following protocols is usually associated with hyperinflation?,A rapid decrease in total spending,A rapid increase in money supply,A slow increase in exports,A slow increase in labor productivity,B,True,0.15172717696988666,0.8031091156813799,0.03051660066821086,0.014647106680522718
In which century was the greatest number of chemical elements discovered?,17th,18th,19th,20th,C,True,0.10098374461598927,0.19141756758876205,0.5566089671210855,0.15098972067416325
"The term ""Cold War"" refers to the",race between the United States and the Soviet Union to claim ownership of Antarctica,contest between the United States and the European Union for economic domination in the West,struggle between the United States and the Soviet Union to gain political hegemony in world affairs,competition between the Soviet Union and China for the resources of the Pacific Rim,C,True,0.0010885984302104015,0.0006365351268426587,0.9973669931678654,0.0009078732750814817
Which of the following articles of clothing has a hood?,Parka,kilt,lederhosen,sarong,A,True,0.9928632981471077,0.0037448922694631737,0.0024304607539482916,0.0009613488294808772
Which of these measurements is equal to one square foot?,50 square inches,77 square inches,100 square inches,144 square inches,D,True,0.2623878896931991,0.1425713254445471,0.2009672991286123,0.3940734857336415
Which of the following is a disorder in ruminants that is characterized by an excessive accumulation of gas in the rumen?,Agalactia,Bloat,Bovine pleuropneumonia,Grass tetany,B,True,0.0009106512950050504,0.9947414538620036,0.003624087285625256,0.0007238075573659802
"_Whenever the mood strikes her_, Angela takes a short walk around the block. In the sentence above, the underlined portion can best be described as",an adjective clause,a relative clause,a subordinate clause,an independent clause,C,True,0.21018407420754873,0.2606236181880684,0.5041746272115399,0.025017680392842887
"What term is used to describe a""group of geese?",gaggle,gang,gander,grist,A,True,0.9122217185416721,0.00520692579443962,0.07732152079290215,0.005249834870985937
If you dial '411' on a telephone who are you calling?,the police,the White House,directory assistance,Moviefone,C,True,0.002867563925649046,0.0033643200016799987,0.9909224152760766,0.0028457007965944315
Which of these are not legumes?,beans,peas,radishes,peanuts,C,False,0.010809660336382077,0.009058274142545456,0.17849850215861218,0.8016335633624603
"In 1989 scientists from Norway discovered that there are far more viruses in oceans lakes, and streams than previously believed. How many viruses did they find that a milliliter of natural water might contain?",up to 250,up to 25000,up to 2500000,up to 250000000,D,False,0.15048885078337676,0.21793586020853317,0.4383087629521948,0.19326652605589528
Which company holds an annual self-named 'Bake-Off'?,Betty Crocker,Duncan Hines,Pillsbury,Keebler,C,True,0.07317782690918007,0.04089727210003089,0.7724598505349258,0.11346505045586323
Which of the following fiscal policy actions is most expansionary?,Increasing both government spending and taxes,Increasing government spending and decreasing taxes,Decreasing government spending and increasing taxes,Decreasing both government spending and taxes,B,True,0.08852998149034279,0.7004424652319448,0.054310249636401096,0.15671730364131137
Which of the following steps should be taken first to effectively present new information to coworkers?,Analyzing the audience,Determining the objective,Creating three to five key messages,Choosing a communication tool,B,False,0.4404320353692327,0.38786158013073213,0.10973116102953162,0.06197522347050358
What is the name of the character Played by Woody Allen in the 1967 James Bond film 'Casino Royale'?,Dr Evil,Q,Little Jimmy Bond,M,C,True,0.07451148319795511,0.02076143855373723,0.6911645097977915,0.21356256845051622
Which of the following is generally the first step taken in a large-scale commercial construction venture?,Filing applications for building permits and variances,Ordering the materials needed for the building foundation,Drafting a contract that spells out the details of the building plan,Holding a discussion between the developer and the designer/contractor about the scope of the construction,D,True,0.3373094723654358,0.07547581128438552,0.07136616122513322,0.5158485551250456
How many eyes does a Giraffe have?,one,two,three,four,B,True,0.04610616208616228,0.6600426201249892,0.1373569770546674,0.15649424073418108
What pro wrestler grapples with Sylvester Stallone in the movie-'Rocky III'?,Dolph Lundgren,Hulk Hogan,Andre the Giant,The Iron Sheik,B,True,0.04778838918874272,0.9146714922893124,0.03513494102054458,0.002405177501400176
Which of the following activities will be most effective in introducing kindergartners to the concept of how plants transport water?,Demonstrating that a celery stalk can be peeled lengthwise but not crosswise,Placing celery stalks in water colored with a dye and observing the results,Collecting rainwater in a rain gauge and comparing the amount of rainfall to a plant's growth rate,"Planting bean seeds in paper cups, placing them on the windowsill, and watering them daily",B,True,0.017868694065709942,0.9376318395382223,0.013904899315818259,0.030594567080249362
What is the function of mitochondria in the cell?,To generate energy,To process waste,To kill viruses or other antigens,To repair damage,A,True,0.9975471846166182,0.0011195390661517721,0.0008020075577906385,0.0005312687594394568
Which of these is not one of the four basic forces in nature?,electromagnetic,gravitational,nuclear,centrifugal,D,True,0.003547885645206258,0.004164702452753682,0.004119778637483167,0.9881676332645568
Which of these is a slang term for 'police'?,fuzz,shrinks,bean counters,aardvarks,A,True,0.9980704852796506,0.000932295599582105,0.0006692996929424878,0.00032791942782479445
What is the name of the fruit that is half tangerine and half grapefruit?,graperine,tangefruit,tangelo,kumquat,C,True,0.0066318236038158075,0.003998392957403817,0.9834766814071572,0.0058931020316231215
What are the Smothers Brothers'(first names?,Frank and Bill,Tom and Dick,Dave and George,Ed and Pete,B,True,0.0027108622449636024,0.990463010686537,0.004833450277734468,0.001992676790765006
Which of the following great apes (the Hominidae) is NOT native to Africa?,Gorilla,Human,Chimpanzee,Orangutan,D,False,0.04383536989280393,0.8477258668486741,0.025428826276680513,0.0830099369818415
In the movie 'Star Wars' what kind of creature is Chewbacca?,Woolie,Woobie,Wookiee,Klingon,C,True,0.00823359049131865,0.00234576737750571,0.9874344474487138,0.001986194682461778
In the film 'Easy Rider' what emblem is on the back of Peter Fonda's leather jacket?,peace symbol,American flag,two white doves,Harley-Davidson logo,B,False,0.5072981731373519,0.2243646305639035,0.1660931114440577,0.10224408485468692
What are the tallest trees on Earth?,Coast Redwood,Coast Douglas Fir,Giant Sequoia,Sitka Spruce,A,True,0.6953990101094616,0.011754980182227573,0.2890682721681509,0.0037777375401599443
Which of these painting tools has bristles on it?,Easel,Knife,Brush,Palette,C,True,0.004956789508994372,0.02030325980637236,0.9700735144811928,0.004666436203440308
Astronaut John Glenn served as a pilot in what branch of the military?,Army,Air Force,Marines,Navy,C,False,0.31624272611902243,0.5589923564025077,0.04300525163845646,0.08175966584001347
On the TV show 'CHiPs' what was Officer Frank Poncherello's-nickname?,Franky,Ponch,Chipper,Hot Dog,B,True,0.005846299959793141,0.9873346667035602,0.00478294074347789,0.0020360925931689035
Which of the following criteria is the most important when assessing reading comprehension?,Ability to spell inventively,Ability to decode new words,Ability to identify the main idea,Ability to recognize rhyming patterns,C,True,0.008384162013499393,0.010729757449788747,0.9747138829244992,0.006172197612212658
Which of these games is not played with cards?,baccarat,rummy,craps,solitaire,C,True,0.002991311257742763,0.005013441167057326,0.9641835769571088,0.0278116706180912
In American football how many points is a touchdown worth?,two,three,six,seven,C,True,0.01750624060858007,0.07375934680770123,0.9042688472376886,0.004465565346030128
What is the most likely impact of an increase in interest rates?,Investment levels diminish,Employment increases,The value of the U.S. dollar increases,Mortgage rates decline,A,True,0.9165961585343934,0.011070917302090616,0.04796481911481836,0.02436810504869777
Whose profile can you see on the front of dimes that are currently in circulation?,George Washington,Thomas Jefferson,Benjamin Franklin,Franklin Roosevelt,D,False,0.8425199425963171,0.04065650357264539,0.09988405993206588,0.016939493898971522
Who is considered the owner of a 'publicly held' company?,the CEO,the stockholders,the president,the government,B,True,0.001035625427284286,0.996070686835349,0.0022699756890912207,0.0006237120482755757
Which of the following candies is traditionally fruit flavored?,M&M's,Skittles,Reese's Pieces,Junior Mints,B,True,0.04950689899634388,0.9112527703898176,0.030655859955683092,0.008584470658155508
In 1926 the Harlem Globetrotters basketball team was formed in what city?,Boston,Philadelphia,Chicago,New York City,C,True,0.028663201162657824,0.020729730183294014,0.7023852415243408,0.24822182712970742
Which of the following steps in the design of a dog house would be earliest?,Acquiring all the tools necessary for the building,Purchasing all the materials for building the structure,"Identifying the color, shape, and style of the exterior surface",Accessing the measurements of the dog and all the interior materials,D,True,0.15909925916327536,0.3049377565546818,0.14850485909873024,0.3874581251833126
What was the name of the 1999 art exhibit that sparked a national debate about censorship?,Sticks & Stones',Pulsation',Black & White',Sensation',D,True,0.0064129531330032645,0.0038259387883093367,0.006522761779187605,0.9832383462994998
What was the title of Beethoven's only completed opera?,Faust',The Silence',Immortal Beloved',Fidelio',D,True,0.0011348939630492043,0.001358054582927811,0.0030861233437184167,0.9944209281103047
What is the name of the StarKist tuna mascot?,Charlie,Sam,Al,Morris,A,True,0.9602720483610161,0.01357558784016962,0.02416074401766732,0.0019916197811470295
Which of the following groups was converted to Christianity in the tenth century C.E. by missionaries from the Byzantine Empire?,Franks,Visigoths,Russians,Anglo-Saxons,C,True,0.1198082714143965,0.07999055192995021,0.7810498895179734,0.01915128713767991
Which of these words is an adverb?,hurried,fast,speedy,quickly,D,True,0.10085373806353184,0.14317755870490534,0.06927128270224775,0.686697420529315
On which part of a car would you find the 'caliper'?,battery,engine,radiator,brakes,D,True,0.00044197542667039584,0.0007348944509593673,0.0018412658660957098,0.9969818642562746
Which of these plants is the national emblem of Scotland?,ivy,thistle,rose,linden,B,True,0.0007992331086494862,0.9957489577206076,0.003244964060451927,0.0002068451102909162
How much does it cost to air condition all American automobiles for a year (as of 2018)?,$10m,$100m,$1 billion,$10 billion,C,False,0.03664826969864044,0.12913336605785827,0.31364705207350896,0.5205713121699923
What fictional character claims to be 'smarter than the average bear'?,Paddington Bear,Fozzie Bear,Smokey Bear,Yogi Bear,D,True,0.0009424654664485179,0.0027872822002547584,0.0017224773930078906,0.9945477749402887
If you are truly afraid of the dark what do you suffer from?,hypnophobia,cryptophobia,hadephobia,nyctophobia,D,True,0.002425955122563707,0.001618908103512299,0.0072066053257756465,0.9887485314481483
Which of the following is a way in which Congress can influence the federal bureaucracy?,Increasing or decreasing departmental salaries,Appropriating funds,Appointing agency heads,Dismissing cabinet secretaries,B,True,0.19713366878840227,0.5948080333211639,0.19363776450556414,0.014420533384869512
What country was once ruled by shoguns?,China,Japan,North Korea,Taiwan,B,True,0.000554077597621299,0.9977995109165737,0.0015071462557512284,0.00013926523005384936
On what continent can you find tigers in the wild?,Africa,Asia,Europe,South America,B,True,0.0028884992712789152,0.9957138936581634,0.0011927631424377848,0.0002048439281198397
"The construction of a transportation network that included roads, canals, and steamboats that took shape in the United States in the early decades of the nineteenth century had which of the following effects in the years before the Civil War?",It decreased the need for immigrant labor.,It stimulated the development of a market revolution.,It weakened the plantation system in the southern states.,It transformed the United States into an international military power.,B,True,0.008244134731706891,0.9777648328350546,0.012009829096569018,0.0019812033366695724
What is the more common name for the disease 'pertussis'?,whooping cough,tennis elbow,black lung,German measles,A,True,0.99917177734266,0.00034578080735036436,0.00035200235627580847,0.00013043949371376745
The primary purpose of a Supervised Agricultural Experience ( SAE ) program is to,provide a basis for students to apply for and win proficiency awards,provide students with an income to be used to learn money management skills,"give students a chance to earn enough money to qualify for local, state, and national FFA degrees",allow students to apply skills learned in the classroom and learn new skills in a specialized area,D,True,0.016081011727063763,0.0048858837501810385,0.006604763823603488,0.9724283406991517
An early-nineteenth-century railroad steam engine is an excellent example of which of the following power systems?,Internal combustion engine,External combustion engine,Rotary engine,Reaction engine,B,True,0.004306290977434453,0.9893336013637565,0.004008144722502044,0.002351962936307052
With which of the following statements would both Thomas Hobbes and John Locke most probably have agreed?,Government authority is created as the result of a social contract.,Government must enforce religious law to prevent moral decay.,Government must enforce the majority's will regardless of the wishes of the minority.,Government must bend to the will of the educated minority.,A,True,0.9967439632856587,0.0010130696899886438,0.0012384186934078615,0.001004548330945036
In the classic song 'Take Me Out to the Ballgame' for whom do we 'root root root'?,the umpire,the home team,the bat boy,Mighty Casey,B,True,0.0010133275008626973,0.9910975347341794,0.003464801940591976,0.004424335824365989
Who was Charlie McCarthy?,a US senator,a Chicago gangster,a famous baseball pitcher,a wooden dummy,D,True,0.0007473307277231125,0.0004580572738702895,0.0010098026840414062,0.9977848093143653
How many states were in the Confederate States of America?,11,13,16,22,A,False,0.3782018745252361,0.4568333084708011,0.13189236491616815,0.03307245208779457
Who were the Chicago Seven?,war protesters,bluegrass musicians,bank robbers,mobsters,A,True,0.9980455023799282,0.0005617580813688386,0.001042949250962102,0.0003497902877408288
Which dwarf planet is closest to the Sun?,Pluto,Eris,Ceres,Makemake,C,False,0.7779380832853963,0.10725666136892521,0.10533430678915677,0.009470948556521742
What company makes perfumes called 'Beautiful' and 'Pleasures'?,Estee Lauder,Ralph Lauren,Elizabeth Arden,Calvin Klein,A,True,0.7804469916628619,0.03129060528266621,0.09106698200829455,0.09719542104617732
What nationality was Karl Marx?,Russian,German,Danish,English,B,True,0.004664208241879149,0.9883879936918932,0.005082722264132435,0.0018650758020951775
In America what is the main ingredient in pepperoni?,Fish,pepper,wheat,meat,D,True,0.001497440476429891,0.002797362479359367,0.0030634658372826083,0.9926417312069282
A student in the process of solving a fabrication problem in the manufacturing laboratory asks the teacher what assembly procedures should be used. The teacher's best response would be to,give an opinion as to the best assembly procedure for the particular problem,suggest two or three possible assembly procedures and have the student select one,place the responsibility completely on the student for making the judgment,use leading questions to help the student review and analyze the relative merits of several assembly procedures,D,True,0.02095552003293558,0.05667613925416793,0.03693315649975234,0.8854351842131442
"If the government places a price ceiling on leather garments that is below the equilibrium price, which of the following will occur in the market for leather garments?",There will be a shortage.,There will be a surplus.,The demand curve for leather garments will shift leftward.,The supply curve for leather garments will shift rightward.,A,True,0.9287048685135719,0.055966270739808525,0.009061477634362752,0.006267383112256795
"During President Dwight Eisenhower's administration in the 1950s, the federal government promoted significant changes in transportation in the United States by",establishing generous subsidies for urban mass transit,sponsoring research to develop less polluting automobiles,funding the construction of the interstate highway system,funding the establishment of a national railroad passenger system,C,True,0.001376076046096882,0.0032342925055268076,0.9915433523845065,0.0038462790638698666
Animals in which of the following groups may have a backbone and a spinal cord?,Mollusks,Chordates,Invertebrates,Echinoderms,B,True,0.0037624838532372713,0.9811260744505987,0.01365009305149926,0.001461348644664747
Which of the following statements best illustrates active listening on the part of a second-grade teacher who is helping a student solve a personal problem?,"I have gathered the facts, and I know what really happened.","I understand you, and I know what is best for you.",I believe you understood the class rules.,I respect you as a person with your own ideas and feelings.,D,True,0.011968549299166392,0.004149203207028827,0.014941794966515572,0.9689404525272891
Which of the following stages is the first step in the writing cycle?,Outlining,Brainstorming,Publishing,Editing,B,False,0.5742579263680794,0.3641943611978064,0.023496791606955617,0.03805092082715846
Which of these is a government agency established to protect investors?,AAA,NBA,SEC,MADD,C,True,0.0009148809009887798,3.7597667756432343e-44,0.9986217965813764,0.0004633225176347459
What character did Woody replace on the TV show 'Cheers'?,Coach,Diane,Norm,Frasier,A,True,0.8146249566372076,0.1007001945221416,0.04167938872464632,0.04299546011600453
Which of the following rocks would most likely form from the metamorphism of a shale?,Granite,Quartzite,Schist,Marble,C,False,0.00806266934199581,0.5763417412591607,0.37397553676639866,0.04162005263244485
"Which of the following states of matter is characterized by a closely packed arrangement of particles, resulting in a stable, definite shape and definite volume?",Solid,Liquid,Gas,Plasma,A,True,0.9910388005057627,0.006667564910903436,0.001552548869773786,0.0007410857135602625
How old is the Earth approximately?,"50,000 years",300 million years,4.5 billion years,no one knows,C,True,0.0008973765737059949,0.0029584477132805517,0.9937512403215526,0.0023929353914607767
"As part of a staffing strategy, a human resources manager hires new personnel through a hidden market. Which of the following best represents the use of a hidden market?",Posting the job opening to a social media Web site,Advertising the job opening on job posting Web sites,Receiving a recommendation from a current employee,Participating in a career fair at a local community college,C,True,0.0148723638568017,0.00540079419560183,0.9709637393853532,0.008763102562243072
What liqueur is used to make a Pink Lady cocktail pink?,grenadine,schnapps,triple sec,pernod,A,True,0.8588145049471795,0.02978876549585412,0.09058262572750209,0.020814103829464296
What is the proper nautical use of an anchor?,to catch large fish,to calculate water depth,to hold a ship in place,to damage other boats,C,True,0.0004837757346382477,0.0005015626080311475,0.9984675369059243,0.0005471247514064572
In ice hockey which of the following is not a penalty?,hooking,charging,carving,butt-ending,C,True,0.001310105307383747,0.0029914084239585524,0.9772478008234537,0.018450685445204056
"Ethan, a new preschool student, does not talk or play with other students during center time. Which of the following strategies will best help him develop interpersonal relationships?",Demonstrating empathy for Ethan when there is a conflict during center time,Modeling how to show appropriate affection in the classroom,Encouraging students to name and discuss their feelings throughout the day,Identifying a student to be Ethan's partner and participate in center time with him,D,True,0.04847390974103423,0.05776007018603976,0.10194913472299197,0.791816885349934
If a business files under Chapter 11 what is it doing?,declaring bankruptcy,selling stock,buying a smaller,company suing the government,A,True,0.9967960277816762,0.0006269049837226196,0.0018852499452417849,0.0006918172893593256
How many $100 bills does it take to equal one million dollars?,one thousand,five thousand,ten thousand,one hundred thousand,C,True,0.11960071722543682,0.1372440651606767,0.39349613211441664,0.3496590854994698
A prekindergarten teacher is planning a lesson with a teaching objective of categorizing geometric objects by type of shape. Which of the following actions must children be able to perform successfully before the teacher teaches the lesson?,Identifying attributes of objects,Recognizing the position of whole numbers,Creating sets of objects using counters,Matching values with their numerical representatives,A,True,0.9178068839944954,0.019357136028078502,0.05211420907124437,0.01072177090618162
What former 'Today' show personality played a neighbor on the TV sitcom 'The Hogan Family'?,Jane Pauley,Willard Scott,Deborah Norville,Joe Garagiola,B,True,0.22205873428025008,0.4594179010788214,0.06198882430857638,0.2565345403323522
"If one party to a contract is forced to sign, the contract is defined as",enforceable,executory,unilateral,voidable,D,True,0.008369098092939729,0.03836531222866009,0.016956487839252785,0.9363091018391475
What was the name of the first ship to sail around the world?,Triton,Victoria,Magellan,Elizabeth II,B,False,0.006888624638446611,0.2831756702622002,0.7078092157056145,0.002126489393738602
Which of the following was a direct result of the First Opium War of 1839-1842?,The Chinese commissioner of trade in Canton (Guangzhou) banned the opium trade in that city.,China was forced to open some of its ports to international trade.,Chinese revolutionaries toppled the Qing dynasty.,Chinese leaders set out to remake their economy along Western lines.,B,True,0.00884814251805348,0.978094071488558,0.005546358309970271,0.007511427683418342
What animal is considered sacred in India?,Sheep,Cow,Chicken,Dog,B,True,0.0007002486113504323,0.9963952478720778,0.002615975719667629,0.0002885277969041967
In computer terminology what does the acronym 'FTP' stand for?,file transfer protocol,full time portal,full text processor,free to print,A,True,0.999491397419325,0.00023263477700129242,0.00019449447239689815,8.14733312769211e-05
What is the art of elegant handwriting called?,calligraphy,engraving,decoupage,lithography,A,True,0.9983332736882415,0.0005287174409785053,0.0006945930615425415,0.00044341580923736116
By what collective name do Christians refer to God the Father God the Son and the Holy Ghost?,the Trio,the Troika,the Triumvirate,the Trinity,D,True,0.0016958517529112264,0.0012202236037448255,0.00446283905847282,0.992621085584871
In what year did the United States last win an Olympic gold medal in men's ice hockey?,1976,1980,1984,1988,B,True,0.01354373098179129,0.9644392767506903,0.018136759350099715,0.0038802329174187846
What term describes the passing of genetic traits from one generation to the next?,heredity,heresy,homogeneity,hemoglobin,A,True,0.9988591204364096,0.00031388331303435234,0.0006313500747628859,0.00019564617579316714
Modern computer microchips are primarily composed of what element?,Sodium,Silicon,Aluminum,Silver,B,True,0.0002964389399157589,0.9985356892133457,0.0009557130021525127,0.00021215884458601004
The film 'Stand By Me' is based on a novel by what author?,Anne Proulx,Stephen King,Dean Koontz,Frank McCourt,B,True,0.0036517601367468356,0.9939350245906237,0.0018061909505459495,0.0006070243220835196
What kind of car did Burt Reynolds drive in the movie 'Smokey and the Bandit'?,Lamborghini,Camaro,Corvette,Transam,D,True,0.0006190075949652803,0.0024854326856390513,0.0025766929215646998,0.994318866797831
Which of the following is the best description of traditional phonics instruction?,Students study lists of high-frequency words in order to increase reading speed and comprehension.,"Students are taught individual letter sounds first, followed by letter combination sounds and the rules of putting these combinations together to make words.","Students are immersed in written language, and encouraged to decode entire words using context clues.",Students analyze patterns of organization and syntax as a way of learning to recognize common structures.,B,True,0.002868343227854236,0.9927996909121602,0.0037701179617562882,0.0005618478982293627
Who composed the 'Moonlight Sonata'?,Mozart,Handel,Bach,Beethoven,D,True,0.0006486121892579578,0.003095982514365173,0.005235120739203086,0.9910202845571737
The first commercial radio station was located in what city?,Chicago,Austin,Pittsburgh,Cleveland,C,False,0.40981423269107103,0.054767676006417194,0.1857054592267391,0.3497126320757727
Which of these is not a position on an American football team?,quarterback,tight end,striker,free safety,C,True,0.0006126870401837061,0.0011198184663442046,0.9954912031483545,0.0027762913451176135
Which of these is not a type of primate?,baboon,marmot,orangutan,chimpanzee,B,True,0.0007166563868644917,0.9947110866897809,0.002903336257752943,0.0016689206656015506
In 1986 Libyan leader Muammar Qaddafi drew a so-called 'Line of Death' overwhat body of water?,Gulf of Sidra,Gulf of Oman,Red Sea,Persian Gulf,A,True,0.9961446679809189,0.0018757957999405246,0.0011067998086156797,0.0008727364105249811
What is the nickname of Florida's controversial death row electric chair?,Old Yeller,Old Geezer,Old Smoky,Old Sparky,D,True,0.007577032620959246,0.0057933119967078115,0.22234324760959492,0.7642864077727379
The dance known as the 'fandango' is of what origin?,Australian,African,Native American,Spanish,D,True,0.0025446993482536855,0.006560047926135329,0.004168353062439953,0.9867268996631711
In what restaurant can you order a Grand Slam breakfast?,Denny's,McDonald's,Burger King,Hardee's,A,True,0.9951054983494804,0.002095662222384992,0.0005600754904461607,0.0022387639376885
Which of these minerals is hardest on the Mohs scale?,Corundum,Quartz,Apatite,Calcite,A,True,0.9958780953982351,0.0009227490015733857,0.002844642159450152,0.0003545134407413111
Which of the following beverages is brewed from the leaves of a plant?,tea,coffee,ginger ale,wine,A,True,0.9900875673438944,0.0074212333799568535,0.0015340412101357884,0.0009571580660128338
"According to Erik Erikson, the primary dilemma faced in adolescence is",industry vs. inferiority,identity vs. identity confusion,generativity vs. stagnation,integrity vs. despair,B,True,0.0014902500173947654,0.9959424639427692,0.00128593348590983,0.001281352553926398
What literary work is the source of the quote 'Abandon every hope all you who enter here'?,Paradise Lost',The Wizard of Oz',The Divine Comedy',Beowulf',C,True,0.003721205568207945,0.0005091922630486241,0.9948430114353846,0.0009265907333589254
What's the popular name of the breakfast meal consisting of sausages wrapped in pancakes?,ducks in a pond,pigs in a blanket,cows in a pasture,dogs in the oven,B,True,0.001528274762213512,0.9973013061384476,0.000775216133000124,0.00039520296633884395
Which of the following is not a TV cartoon duo?,Chip and Dale,Beavis and Butt-head,Simon and Garfunkel,Tom and Jerry,C,True,0.0026566540334837883,0.004724741964878859,0.9856744708735431,0.0069441331280943154
Which of these is not a 'lock' function on a standard desktop computer keyboard?,print lock,number lock,scroll lock,caps lock,A,True,0.4342223983686001,0.3952071830672109,0.03887130980975574,0.1316991087544332
The American patriot Paul Revere was named for his father whose original name was what?,John Paul Revere,Paul Silver,Apollos Rivoire,Paolo Reverini,C,True,0.3765324544813082,0.03905969605805529,0.46648781224915437,0.1179200372114821
Which of these movies does not star Jim Carrey?,Patch Adams',The Truman Show',Dumb and Dumber',The Mask',A,True,0.4777778100986806,0.2663263994074761,0.08670332398629356,0.16919246650754968
What is the name of Mario's brother in the 'Super Mario' video games?,Louis,Luigi,Luciano,Zelda,B,True,0.0005993994784935248,0.9983380188931448,0.0008080026068655804,0.00025457902149625514
Who wrote the lyrics of the Frank Sinatra anthem 'My Way'?,Frank Sinatra,Kris Krist offerson,Carole King,Paul Anka,D,True,0.002516558704033946,0.005235139411428476,0.012675848304485267,0.9795724535800524
In the movie Austin Powers: The Spy Who Shagged Me what is the name of Dr Evil's diminutive clone?,Little Buddy,Mini-Me,Small Fry,Dr Evil Jr,B,True,0.0014247222002488247,0.9953459669715926,0.0024747709530653,0.0007545398750932644
What is the chemical process wherein a solid is turned to a liquid via the application of heat?,distillation,photosynthesis,freezing,melting,D,True,0.000674986563543606,0.0003759515147014828,0.0028747712498979503,0.996074290671857
In what state is the 1999 movie Magnolia' set?,California,South Carolina,Georgia,Texas,A,True,0.8377414312314027,0.07479443383588719,0.038570331550406706,0.04889380338230335
How long is the time on an NBA shot clock?,18 seconds,24 seconds,30 seconds,35 seconds,B,True,0.10834949686189022,0.6710966291872631,0.20997384688818713,0.010580027062659526
The Pointillist paintings of Georges Seurat are most notable for containing which of the following characteristics?,An expressionistic use of broad brushstrokes and tactile surface texture,Lively figures created through the use of forceful lines,Static figures and a sense of optical surface movement,An emotional use of strident colors with a high degree of simplification,C,True,0.009821662564804042,0.0036588936195994896,0.9817973495006174,0.004722094314979182
Backgammon is a how many player game?,Two,Three,Four,Six,A,True,0.9224467414444635,0.05392673366923539,0.01709106549677149,0.006535459389529614
According to the children's nursery rhyme what type of ocean did Columbus sail in 1492?,calm,blue,windy,really big,B,False,0.13491078709616577,0.3080714460183084,0.045632223545935456,0.5113855433395904
Which of these refers to an alcoholic drink laced with a knockout drug?,Zombie,Kamikaze,Mickey Finn,Molotov cocktail,C,True,0.012691412592825767,0.000560560664758719,0.9852826880707323,0.0014653386716834364
"Students are reading the following passage from the National Park Service's Web site. Ten miles long and nearly 500 feet deep (152.4 m meters), Lake McDonald, the largest lake in the park, is a direct result of glacial carving. High peaks surrounding the lake all show evidence of the power of glaciers to carve even the hardest of rock. The powerful glaciers that carved the broad U-shaped valley that Lake McDonald sits in also carved smaller hanging valleys with wonderful waterfalls that are accessible by numerous hiking trails. Which of the following best identifies the intended audience of the passage?",Scientists researching glacier development,Teachers interested in creating virtual park field trips,Academics studying the historical context of national parks,Families interested in visiting Lake McDonald,D,True,0.04508976571067001,0.11790045849497284,0.014005162286257786,0.8230046135080994
How do you express 3/4 as a decimal?,0.25,0.5,0.75,0.9,C,True,0.1498988906980466,0.047783529299876025,0.7437001317033614,0.058617448298716054
What tea is known for its distinctive bergamot flavor?,Earl,Grey Darjeeling,English Breakfast,Prince of Wales,A,True,0.9942663522959228,0.0013552159281688782,0.0028754017344751453,0.0015030300414332358
"Science fiction: readers claim to either love it or loathe it; either they avoid it like poison or they devour favorite works and authors like chocolate addicts gulping down fudge truffles. The author of the passage compares certain readers with ""chocolate addicts"" primarily in order to",suggest that science fiction is not a serious literary genre,indicate the depth of certain readers' feelings about science fiction,explain why some readers consider science fiction to be dangerous,contrast the characteristics of science fiction with those of other literary genres,B,True,0.011607906992496303,0.9097614144274159,0.009473165364915515,0.06915751321517215
Which of these foods could contain small amounts of naturally occurring opium?,chocolate truffles,poppy seed bagels,carbonated soda,sesame chicken,B,True,0.2137765134780532,0.767100804552348,0.011033385698463976,0.008089296271134909
What is the slowest wind speed a hurricane can have according to the Saffir-Simpson scale?,50 m.p.h.,74 m.p.h.,96 m.p.h.,110 m.p.h.,B,False,0.6487499481327522,0.1975871444074442,0.06960929620121183,0.08405361125859183
In which of the following bands did Jimmy Page not play guitar?,Bad Company,The Firm,Led Zeppelin,The Yardbirds,A,True,0.7096187316010543,0.18829115432425228,0.047324453918085166,0.05476566015660827
Which of these magazines does not focus on natural science?,Tiger Beat,Outside,National Geographic,Smithsonian,A,True,0.9432189476033186,0.029059921524075934,0.018801255653011335,0.008919875219594194
Which of the following artists is an English landscape painter who created a poetic sense of changing atmospheric effects by using tiny applications of local color?,John Constable,William Morris,William Hogarth,Joshua Reynolds,A,True,0.9979822145058337,0.0008853482212859496,0.0006791459398699734,0.00045329133301022864
A flashing red traffic light signifies that a driver should do what?,stop,speed up,proceed with caution,honk the horn,A,True,0.9927971344451471,0.0023392334296909465,0.004242073919221656,0.0006215582059401095
Which composer was famous for writing approximately 600 lieder?,Schubert,Beethoven,Liszt,Mozart,A,True,0.9919109917436009,0.0012885790468538782,0.003817194761405689,0.002983234448139622
"Students in a fourth-grade science class are learning about processes that change Earth's surface. Which of the following is the best example of an agent that gradually shapes Earth's surface by taking bits of rock, soil, and other substances away from their original locations and depositing them in other locations?",Fire,Lightning,Water,Sunlight,C,True,0.0012135728960503112,0.0009732230489227324,0.9962214590286392,0.0015917450263878087
What country does Bordeaux wine come from?,France,Spain,Australia,United States,A,True,0.9994742551641215,0.0002565352662661114,0.00026920956961242116,3.7221657109616824e-44
What is the loudest animal on earth?,African elephant,sperm whale,blue whale,Indian elephant,C,False,0.1977097711759811,0.5513353546896606,0.20481928488590523,0.046135589248453214
Which of these household pets should be vaccinated for parvovirus?,hamster,cat,dog,bird,C,True,0.0031336796488478456,0.0033563182716969176,0.9917355987380538,0.0017744033414012394
Which color is not considered to be one of the primary colors of light?,red,yellow,green,blue,B,True,0.08097240735985929,0.4227351443952901,0.10094857681702914,0.39534387142782157
If someone has cataracts what part of their body might need an operation?,ear,hand,eye,knee,C,True,0.0017592638164683689,0.00046176218821339366,0.9973001958085926,0.00047877818672552633
"""I counted seven ministers all preaching at once . . . . Some of the people were singing, others praying, some crying for mercy in the most piteous accents."" The quotation above describes group participation in an event that was most characteristic of which of the following?",A meeting of the Pennsylvania Quakers during the time of the Revolution,A frontier camp meeting of the Second Great Awakening during the early nineteenth century,A presentation to a Chautauqua Assembly during the late nineteenth century,A convention of the Women's Christian Temperance Union during the late nineteenth century,B,True,0.07039721894626139,0.7935458091353592,0.09323591101327727,0.042821060905102015
In baseball how many balls make a walk?,one,two,three,four,D,False,0.08988354874641163,0.17801035623543623,0.6638519114630174,0.06825418355513485
What term describes a tribe that has no set homeland and wanders from place to place?,Nomadic,Pedantic,Schematic,Cathartic,A,True,0.9984797507484927,0.0007438806831496,0.00045001924560518285,0.00032634932275269873
What is the official language of The Netherlands?,Danish,Swedish,German,Dutch,D,True,0.0013774346637960163,0.0027755211459791615,0.002659157198499411,0.9931878869917254
Which of these foods is not traditionally considered kosher?,citrus fruits,barley,chicken,shellfish,D,False,0.1322954132182823,0.6235610659913953,0.09930945678102229,0.14483406400930032
The use of inexpensive labor in Asian countries by footwear companies based in the United States and Europe is an example of which of the following?,Primary economic activity,Global division of labor,Intervening opportunity,Global-local continuum,B,True,0.004520130466093562,0.8853688763548999,0.03898090292478489,0.07113009025422166
Which one of the following instruments is used to measure humidity?,anemometer,ammeter,hygrometer,barometer,C,True,0.0005659257529880252,0.0002188461324065096,0.9985076854782282,0.0007075426363770954
"Jacques, Hedwig, and Reyes want to form a business entity through which they can raise capital by selling equity shares to the public. Which of the following business structures should they adopt?",LLC,PC,Corporation,LLP,C,True,0.019651909950587083,0.014902242904034625,0.9588444102807804,0.0066014368645979085
In the Arthurian legend who is married to Guinevere?,Merlin,King Arthur,Lancelot,Camelot,B,True,0.03345317915191054,0.8002092243951048,0.15811455847924816,0.0082230379737365
What does the 'ROM' in CD-ROM stand for?,Really Obscure Memory,Run-Other Memory,Random Object Memory,Read-Only Memory,D,True,0.00109268371443955,0.0013771619086045855,0.002054565712546829,0.995475588664409
In the card game blackjack how much are a queen and a king worth-together?,11,15,20,21,C,False,0.5989835965426052,0.16711558738087928,0.07881704755557742,0.15508376852093805
Which of these performers made her film debut in Spike Lee's 'Dothe Right Thing'?,Jennifer Lopez,Rosie Perez,Paula Abdul,Tisha Campbell,B,True,0.02353879197591807,0.9526771725070071,0.004935557240825202,0.01884847827624943
"A farmer buys a new tractor for $40,000 and expects to use it for 20 years, after which the tractor will have a salvage value of $10,000. What is the straight-line depreciation that can be taken for the first year of ownership?",1500,1667,2000,2250,A,False,0.1353115923359647,0.42621747055180925,0.28631918221593405,0.15215175489629204
In which kind of geometry is the sum of the angles inside a triangle exactly equal to 180 degrees?,elliptical,euclidean,hyperbolic,linear,B,True,0.003675595011230642,0.9910269595772976,0.004793016810036735,0.0005044286014350456
Which of the following short-run costs always increases as output increases?,Average total cost,Marginal cost,Total fixed cost,Total variable cost,D,False,0.0808367346287227,0.7213933993903366,0.03562011472663981,0.16214975125430078
"The book announced an insane world of dehumanization through terror in which the individual was systematically obliterated by an all-powerful elite. Its key phrases‚ÄîBig Brother, doublethink, Newspeak, the Ministry of Peace (devoted to war), the Ministry of Truth (devoted to lies), the Ministry of Love (devoted to torture)‚Äîburned their way at once into the modern consciousness. The passage above discusses",E.M. Forster's A Passage to India,Thomas Pynchon's V.,George Orwell's 1984,Flannery O'Connor's The Violent Bear It Away,C,True,0.001075266324299066,0.0008257792231006948,0.9971451020421888,0.0009538524104114596
What is the capital of New Zealand?,Sydney,Wellington,Auckland,Melbourne,B,True,0.000843110462019181,0.9952773890385483,0.0037487142137713867,0.00013078628566124293
What popular toy is featured in the film 'The Hudsucker Proxy'?,Beanie Babies,Hula Hoop,Lincoln Logs,Lite Brite,B,True,0.06165805285419243,0.6380039491449799,0.09133490660812868,0.20900309139269888
What is the most popular month for weddings in America?,January,May,August,November,C,False,0.02243048301534972,0.888389540594865,0.07681008776578924,0.012369888623996078
Which of the Three Stooges was not related to the others?,Moe,Larry,Curly,Shemp,B,False,0.03132352254301372,0.23059594756536475,0.11207055566453553,0.626009974227086
What is the name for the thin board used to mix colors while painting?,pestle,easel,shoe,palette,D,True,0.0010627178676213137,0.004018213306344103,0.003016746861687113,0.9919023219643475
Which of these foods could you catch at sea?,shallot,stollen,scallop,scone,C,True,0.0033891704285099493,0.0014988379083601916,0.9940744925896492,0.0010374990734806854
If a ring has the number 925 stamped into it it is most likely made of what material?,platinum,gold,steel,silver,D,True,0.0006556532990077347,0.002797174673691988,0.002473349890206677,0.9940738221370936
Which of the following questions can a student ask to best determine whether an author is using the persuasive technique of pathos in a passage?,Does the author use tone and style to convey authority on the subject to the audience?,Does the author use credible and reliable sources to convince the audience of the argument?,Does the author use facts and sound reasoning to substantiate claims made to the audience?,Does the author use personal connections and stories to appeal to the audience's emotions?,D,True,0.0020991746565946663,0.002104528700480323,0.002839990896775691,0.9929563057461492
During which war did US troops fight the Battle of New Orleans?,American Revolution,Civil War,Mexican War,War of 1812,D,True,0.0012761154447421515,0.0016873164285502974,0.00867940479890097,0.9883571633278065
What animal is used to make lard?,pig,cow,snake,chicken,A,True,0.9913214586954908,0.00637763479177042,0.0015938540376653396,0.0007070524750735228
"If the permeability of subsoil is rapid, the subsoil texture is most likely classified as",coarse,medium,fine,silty,A,True,0.5541364569861248,0.16423038172306645,0.25211317873905853,0.02951998255175021
"A passage Jane Eyre is as follows. This was all the account I got from Mrs. Fairfax of her employer and mine. There are people who seem to have no notion of sketching a character, or observing and describing salient points, either in persons or things: the good lady evidently belonged to this class; my queries puzzled, but did not draw her out. Mr. Rochester was Mr. Rochester in her eyes, a gentleman, a landed proprietor‚Äìnothing more: she inquired and searched no further, and evidently wondered at my wish to gain a more definite notion of his identity. Mrs. Fairfax differs from the speaker in that Mrs. Fairfax",has more interest in the complexities of people's personalities,judges people by their social station in life,is more willing to take people at face value,has a more positive opinion of Mr. Rochester,C,True,0.22267522135471074,0.2810715331727348,0.45645567753254984,0.0397975679400045
Earth's seasons are caused by which of the following?,The tilt of Earth's axis of rotation relative to the ecliptic as Earth revolves around the Sun,The varying amount of sunspot activity,Earth's orbit about the Sun as an ellipse rather than a circle,The rotation of Earth during a 24-hour day,A,True,0.9983100193026445,0.00040253017924505495,0.0010567168545962424,0.00023073366351423477
According to the Bible Moses and Aaron had a sister named what?,Jochebed,Ruth,Leah,Miriam,D,True,0.0040888181587747765,0.0009225122440831434,0.0023534947933677294,0.9926351748037743
Where is the Frank Lloyd Wright-designed house known as Falling Water?,Connecticut,Pennsylvania,Illinois,New York,B,True,0.00021523489436487794,0.9993553796713944,0.0004293854342407179,3.722179922971357e-44
In the story 'Jack and the Beanstalk' what does Jack trade to get the magic beans?,a cow,a hat,a harp,a goose,A,True,0.8373229643803529,0.04679535030542271,0.04207978022136834,0.07380190509285613
Which of these vitamins was the first to be named?,Vitamin A,Vitamin-12,Vitamin E,Vitameat avegimen,A,True,0.8172493345873797,0.04905380522014127,0.049425340654975766,0.08427151953750324
How many water molecules are in a human head?,8*10^21,8*10^23,8*10^25,8*10^27,C,False,0.21847191890310377,0.45159300765816524,0.2187049778847032,0.1112300955540278
Who wrote musicals with Oscar Hammerstein II?,Richard Rodgers,Rogers Hornsby,Gilbert O' Sullivan,George Rogers Clark,A,True,0.9951886985182277,0.002646049234149129,0.0013835612243910376,0.0007816910232321229
If Christmas Day is on a Saturday then the following New Year's Day falls on what day of the week?,Sunday,Monday,Friday,Saturday,D,False,0.31826521328320473,0.27643716374128324,0.2259064869818173,0.17939113599369477
What Mexican holiday takes place on May 5th?,Mexican Independence Day,Santa Anna's Birthday,Cinco de Mayo,Christmas,C,True,0.003677402038393204,0.0018910734580099779,0.993845132734572,0.0005863917690248293
Which of the following is a type of bacterium that produces a toxin in food under anaerobic conditions?,Clostridium botulinum,Clostridium tetani,Mycobacterium bovis,Staphylococcus aureus,A,True,0.9820421847318158,0.0021537632230903066,0.002911852417967696,0.012892199627126259
Which of the following lists the gases that were most likely the largest components of Earth's early atmosphere?,N_2 and O_3,C_2H_4 and O_2,"Ne, Ar, Kr, and Rn","N_2, H_2O, CO_2, CH_4, and NH_3",D,True,0.007825842693258797,0.004574608508059062,0.023198298212145467,0.9644012505865366
What disease is characterized by a body's inability to properly metabolize glucose?,Influenza,Septicemia,Diabetes,Arthritis,C,True,0.0011136113937236785,0.0005515362249599934,0.997830977532719,0.0005038748485973684
Who co-founded Microsoft with Bill Gates?,Steve Jobs,Steve Wozniak,Paul Williams,Paul Allen,D,True,0.0009852113784547686,0.003615842685918802,0.002580459636074262,0.9928184862995522
Who was the first First Lady to run for political office?,Hillary Clinton,Rosalynn Carter,Bess Truman,Eleanor Roosevelt,A,True,0.7200440454309354,0.09798112757387278,0.05117680921158743,0.13079801778360445
Who or what was Big Bertha?,a comet,a World War I gun,a pro wrestling champion,a giant Muppet,B,True,0.0015386322824685074,0.9970827225046027,0.0011681197368039757,0.0002105254761248975
To ward off bad luck what do many people do to wood?,knock on it,kiss it,thank it,scratch it,A,True,0.827245231010778,0.04693044828257679,0.013431329251402323,0.11239299145524294
What kind of flying contraption is featured in the movie 'Chitty Chitty Bang Bang'?,boat,car,truck,bike,B,True,0.017673195445832752,0.9718357747367639,0.007585817686994944,0.0029052121304082965
"What is the name of the disease that has been referred to as the ""disease of kings""?",hemophilia,jaundice,rubella,syphilis,A,True,0.712737580117878,0.00633559969041387,0.016582664995435908,0.26434415519627236
Among these elements which one has the highest atomic mass?,Helium,Sodium,Uranium,Copper,C,True,0.022432949132734508,0.016355104026614595,0.7905872956711888,0.17062465116946202
What car company once manufactured and sold the 'Datsun' line of automobiles?,Nissan,Mazda,Toyota,Daihatsu,A,True,0.9943410902736739,0.0013057001221236852,0.0021986070240994303,0.0021546025801029295
Which part of the electromagnetic spectrum has the shortest wavelength?,Gamma rays,X-rays,Radio waves,Microwaves,A,True,0.9871761173202169,0.005876875772618241,0.004813218511289245,0.0021337883958755703
Which of the following is a renewable energy source?,Wood,Oil,Natural gas,Coal,A,True,0.986244472039012,0.0066675429924465835,0.005953871767228791,0.0011341132013127967
A _ is a plant cell that helps control the passage of materials into and out of the stomates.,Cell membrane,Cytoplasm,Guard cell,Cellulose,C,True,0.003321624592271079,0.000781326625785641,0.9945833101391902,0.00131373864275318
Which of the following has reduced the power of political parties?,An increase in the number of direct primary elections,A surge in soft-money campaign contributions,Stricter voter registration requirements,A decline in the number of political action committees,A,True,0.8502603811166016,0.05818065628765999,0.005272050274558343,0.08628691232117995
Poverty as defined by the United States government is best understood as,the index value of government services such as Medicaid and public housing,the concept of relative deprivation and is based on changes in the distribution of income,an absolute level set in the 1960s and since adjusted to reflect inflation at the consumer level,a concept based on lifestyle and measured on a sliding scale based on the needs of an individual,C,True,0.024822419488994257,0.07136918948895042,0.8906948304043779,0.013113560617677288
What internet company goes by the acronym AOL?,America Over Lines,America Online,Americans On Links,Americans On LOR,B,True,0.007175699918468956,0.9895708155649101,0.002380858665643684,0.0008726258509773341
What was the original name of the Apple Macintosh XL computer?,Lisa 2,Mac Daddy,Granny Smith,Orange XL,A,True,0.9414172064832427,0.01669778809664008,0.031990156987666885,0.009894848432450148
What country is famous for making wooden shoes?,Russia,Thailand,The Netherlands,Australia,C,True,0.0013989975265684298,0.0015227175915768824,0.996210846129666,0.0008674387521887173
A knish is traditionally stuffed with what filling?,potato,creamed corn,lemon custard,raspberry jelly,A,True,0.9930181451880296,0.004044310707682468,0.001984930557654708,0.0009526135466335232
Including the bottom how many sides are on a square-based pyramid?,three,four,five,six,C,False,0.1397794350694637,0.4671322865836921,0.27248831064610357,0.12059996770074069
Which of these is not a traditional Greek dish?,sukiyaki,souvlaki,moussaka,finikia,A,True,0.9828026618258652,0.0038807206466204432,0.004529076112657593,0.008787541414856607
What color is Pepto-Bismol liquid?,pink,blue,clear,green,A,True,0.9968448789579525,0.0013238788801107312,0.0013683860409270435,0.0004628561210096728
Which of the following groups was converted to Christianity in the tenth century AD by missionaries from the Byzantine Empire?,Franks,Visigoths,Russians,Anglo-Saxons,C,True,0.2040753353223957,0.22304713491771677,0.5387858685028228,0.034091661257064754
"A passage from Zora Neale Hurston's Their Eyes Were Watching God is as follows. The people all saw her come because it was sundown. The sun was gone, but he had left his footprints in the sky. It was the time for sitting on porches beside the road. It was the time to hear things and talk. These sitters had been tongueless, earless, eyeless conveniences all day long. Mules and other brutes had occupied their skins. But now, the sun and the bossman were gone, so the skins felt powerful and human. They became lords of sounds and lesser things. They passed nations through their mouths. They sat in judgment. Which of the following is the best way of describing the last three sentences of the passage (""They became . . . in judgment"") ?",The sentences emphasize the weariness the sitters feel after a long day's work.,The sentences are used to paint a picture of the way in which the sitters wish they spent their evenings.,The sentences are a vivid way of describing the ease and authority the sitters feel during the evening.,The sentences highlight the contrast between the feelings of the sitters and the feelings of the bossman.,C,True,0.018070182089608783,0.008416770313517749,0.9478196262232111,0.02569342137366246
What Native American tribe did chief Crazy Horse lead?,Apache,Comanche,Sioux,Iroquois,C,True,0.000747974938520493,0.0008277110108588078,0.998122902751957,0.0003014112986636818
Which of the following people would benefit most if the value of the United States dollar increased relative to the Japanese yen?,A United States car dealer importing Japanese cars,A Japanese tourist vacationing in the United States,A worker in the United States beer industry,A Japanese baker buying United States wheat,A,True,0.48252191562696906,0.381859905088998,0.04672587784925187,0.08889230143478122
What is the fundamental basis of competition in a market with poorly differentiated products?,Promotion,Product placement,Price,Value proposition,C,True,0.0062446591153402725,0.00782357066306309,0.9691834635843957,0.01674830663720088
The phrase 'hospital corners' refers to what?,bed sheets,paint,landscaping,scissors,A,True,0.9991866963251352,0.00045939930480132295,0.00020402260101128462,0.0001498817690520322
What sporting event is held annually on Memorial Day weekend?,Iditarod,Kentucky Derby,Indianapolis 500,Super Bowl,C,True,0.008611991180738951,0.06552025001760539,0.9211562011948747,0.004711557606780809
"A student comes across the unfamiliar words ""intercontinental,"" ""interglacial,"" ""interface,"" and ""intercept"" in his reading. The student can use his knowledge of affixes to understand that all of the words share which meaning?",between; among,not; opposite of,earth; environment,under; too little,A,True,0.8964111011316741,0.05839221534005058,0.0382060577153983,0.006990625812876841
"Ballad opera, opera buffa and opéra comique shared which feature?",They contained da capo arias,They began with a French overture.,They focused on everyday problems.,They contained obbligato recitative.,C,True,0.014613058238999712,0.028926930976797896,0.942545689347512,0.013914321436690389
What is the national animal of Australia?,koala,kangaroo,platypus,alligator,B,True,0.019181132213695065,0.9689584402643289,0.010753423819120703,0.001107003702855211
"In weaving, the vertical and horizontal threads in a loom are called the",bobbin and quill,shuttle and paddle,ply and twist,warp and weft,D,True,0.001651613136826147,0.0028812593388240263,0.0030587822186663536,0.9924083453056834
The majority of calcium in the human body is found where?,Hair,Blood,Bones,Digestive tract,C,True,0.0005601032473730171,0.0009571885912105899,0.9981088531556817,0.00037385500573476675
Which of these is made from cacao seeds?,marzipan,soy sauce,chocolate,anchovies,C,True,0.0006050536375955075,0.00047077289960058424,0.9983735048986078,0.0005506685641961615
Which of the following charts is used in advanced manufacturing to record results data for a preproduction process?,R chart,Run chart,X-bar chart,Pareto chart,B,True,0.2967499864323533,0.5700499495444492,0.11541066734140396,0.01778939668179357
A first-grade teacher is planning activities to introduce students to nonstandard units of measurement. Which of the following activities will best meet the teacher's goal?,"Asking students to stand in a line, from the shortest person to the tallest",Asking students to use pencils to measure the length of a desk,Asking students to determine how many one-liter bottles of water can fill a onegallon container,Asking students to use a measuring tape to measure the length of the classroom door,B,False,0.47387770104688537,0.15555634818583974,0.277390131907374,0.09317581885990074
"When scanning a drive for viruses, it is typically important to check files having which of the following extensions?",.jpg,.pdf,.wav,.exe,D,True,0.0051193098191569504,0.004074395242858771,0.0054469527780782526,0.9853593421599061
What term describes a word created by rearranging the letters of another word?,onomatopoeia,malapropism,anagram,antonym,C,True,0.00031494623497069083,0.00036321935722270776,0.9987597648887542,0.0005620695190523549
What biological process replicates DNA?,molting,mitosis,diffusion,peristalsis,B,True,0.001037233148223479,0.997720520693514,0.000972689497439921,0.0002695566608224546
Louis Pasteur developed which vaccine?,polio,rabies,smallpox,anthrax,B,True,0.0017046209529533198,0.9864927517906623,0.010684984851515889,0.0011176424048684127
Which of these planets has no known moon?,Neptune,Mercury,Mars,Saturn,B,True,0.3805321581306911,0.5510056643271674,0.030510310912430276,0.037951866629711305
According to a Yale University study what smell is the most recognizable to American adults?,tuna,laundry,popcorn,coffee,D,False,0.11452784628669148,0.4372008901987921,0.250389046043554,0.19788221747096243
According to the USDA which food group should you eat the most servings of per day?,vegetables,dairy,meats,breads,D,False,0.3818232669682226,0.4513244804402789,0.022076571203077582,0.14477568138842092
Which of these organs comes in A pair?,liver,kidney,stomach,gallbladder,B,True,0.06861428762750747,0.8738557860306413,0.015749578255730565,0.041780348086120724
"Carmen spends her entire weekly income on two goods: X and Y. At her current consumption level of the two goods, the marginal utility of the last dollar spent on good X is 5 and the marginal utility of the last dollar she spent on good Y is 10. To maximize her utility, Carmen should",maintain her current consumption level of the two goods,buy fewer units of X and more units of Y,buy fewer units of Y and more units of X,buy fewer units of both X and Y,B,True,0.24418570098376474,0.36294289412605957,0.27703767435260557,0.11583373053757014
The British dish 'bangers and mash' is made up of sausage and what?,eggs,bacon,liver,potatoes,D,True,0.0009078130489103862,0.018980662261105334,0.006268056792448804,0.9738434678975354
Where are fireworks first known to have been developed?,Italy,China,Great Britain,Greece,B,True,0.006008392474436499,0.9912987148746085,0.0024118322723828056,0.0002810603785721786
What is the name of the Swedish company that specializes in affordable furniture?,Gambro,Electrolux,Saab,IKEA,D,True,0.00030926534019389056,0.0004930638183001839,0.00036169944862190497,0.998835971392884
A committee of middle school teachers is meeting to begin the process of finding a software program to improve students' drafting skills. Which of the following steps should the committee take first in the process?,Downloading a trial version of the most popular software for evaluation,Conducting a survey to determine the importance of drafting skills in the classroom,Defining the learning objectives they would like the software to meet,Deciding what type of user interface would be most appropriate,C,True,0.009071123834250221,0.017724322754622254,0.9665872088670479,0.006617344544079631
Which of the following words cannot be decoded through knowledge of letter-sound relationships?,Flight,Said,Things,Lamp,B,False,0.07134644854807246,0.08228262500587687,0.2349295466262969,0.6114413798197538
In what country are police officers referred to as 'bobbies'?,Israel,Greece,England,France,C,True,0.001028520548068161,0.000726229141966116,0.9980590311261459,0.0001862191838198182
The ability to do which of the following is a characteristic of all living organisms?,Move from place to place,Detect and respond to changes in the environment,Produce sugars by photosynthesis,Produce heat to maintain a constant internal temperature,B,True,0.01130163394081959,0.9810467577644303,0.002804680732940255,0.0048469275618097515
In 1924 the United States Congress passed a bill that significantly altered immigration patterns by,suspending further immigration from Latin America,making it illegal for employers to hire or recruit undocumented workers,"promoting family unification, enabling close relatives of people already resident in the United States to be admitted","reducing immigration quotas sharply, leading to a dramatic decline in immigration",D,False,0.009619725163076237,0.007141360432330994,0.8298633634941565,0.15337555091043623
Astronomers have proposed that the solar system formed from a vast rotating cloud of gas and dust. This explanation is known as which of the following?,Kepler's laws,Big bang theory,Cosmic string theory,Nebular hypothesis,D,True,0.0003458302888899405,0.0006593915792194038,0.001935083119176693,0.9970596950127141
"The term that best describes an artwork that incorporates theatrical elements such as body movement, audience participation, music, and projected images is",mimesis,installation art,performance art,digital collage,C,True,0.0012935198408447434,0.002275360409034076,0.9953856553785624,0.0010454643715587892
What substance was used for blood in the famous shower scene from the movie 'Psycho'?,tomato juice,red wine,chocolate syrup,ketchup,C,False,0.23478854550969225,0.07773252778117998,0.3365128389477823,0.35096608776134547
What is actor Antonio Banderas native language?,Spanish,Russian,German,French,A,True,0.9990408491053142,0.0004924646014940552,0.00046668629319160387,3.723271869987659e-44
A preschool teacher is teaching students to forward roll. Which of the following is a problem most characteristic of preschoolers' forward rolling?,Keeping the chin tucked,Keeping the knees and hips flexed,Losing the curl,Using the hands to cushion the head contact,C,False,0.17148292084023073,0.28029201619950506,0.2672586389435749,0.2809664240166893
John Rockefeller made his fortune in what industry?,automobile,oil,steel,railroad,B,True,0.0009624469003007159,0.997416144672638,0.0013333420596118167,0.00028806636744956764
What is the name of the South African political party that was headed by Nelson Mandela?,African National Congress,South African Democrats,Inkatha Freedom Party,Aryan National Assembly,A,True,0.998517723317703,0.0005068342818088346,0.0005642467691845352,0.0004111956313037033
A kindergarten teacher notices that a new student who is from a foreign country is being excluded from play by a majority of the other students. Which of the following activities is best to help the class become aware of the common interests they share with the new student?,Inviting a member of the new student's family to discuss the family's culture with the class,Creating a chart with the class that shows the many ways students in the class are similar,Using a globe to show the class which country the new student's family comes from,Asking the class to help the new student learn the classroom rules by having students role-play,B,True,0.007315246771484713,0.9595600411035663,0.012056639076242383,0.021068073048706375
How many periods are there in an ice hockey game?,One,Two,Three,Four,C,True,0.022311970552141788,0.241348061580225,0.6667469579204947,0.06959300994713848
Which of the following parts of the Sun is easily visible only during a total solar eclipse?,Core,Photosphere,Sunspots,Corona,D,True,0.007546594149891077,0.017905366197824155,0.028517560502433294,0.9460304791498514
In what decade was the Hula-Hoop invented?,1890s,1920s,1950s,1970s,C,True,0.006581375546325321,0.03074451096400368,0.9203513166575056,0.04232279683216529
Which of the following sequences of events is consistent with the presence of a layer of sandstone in bedrock just above a layer of shale?,"A volcano erupted, sending lava out over a layer of shale. The lava cooled and hardened into sandstone.",The water level of a large lake lowered. A beach then formed where previously there had been lake bottom.,"One-celled organisms developed a colony on the seafloor. Shells made by these organisms accumulated and lithified, forming the sandstone.",Mud was deposited and lithified. Subsequent contact metamorphism resulted in localized recrystallization of the shale into sandstone.,B,False,0.25698105494120244,0.2824091669592087,0.4259954928273694,0.0346142852722194
In what US city can you find the Basketball Hall of Fame?,Canton Ohio,Cooperstown New York,Springfield Massachusetts,Lawrence Kansas,C,True,0.002086133006764462,0.0007464278752964623,0.9961594829180863,0.001007956199852641
Which of the following concepts in Robert's Rules of Order requires that motions be dealt with in order of importance?,Order of business,Orders of the day,Order of precedence,Point of order,C,True,0.30749591992331554,0.32416894614725106,0.3551848359471532,0.013150297982280231
When it first appeared on the Internet amazoncom sold only what?,Books,Compact discs,Cars,Clothes,A,True,0.998758663910021,0.0008481777895274457,0.00026743824270209345,0.0001257200577493811
How many digits are in a standard Visa credit card number?,12,15,16,20,C,True,0.14886318665988826,0.403675393594666,0.41797598294129734,0.029485436804148616
"A passage Jane Eyre is as follows. This was all the account I got from Mrs. Fairfax of her employer and mine. There are people who seem to have no notion of sketching a character, or observing and describing salient points, either in persons or things: the good lady evidently belonged to this class; my queries puzzled, but did not draw her out. Mr. Rochester was Mr. Rochester in her eyes, a gentleman, a landed proprietor‚Äìnothing more: she inquired and searched no further, and evidently wondered at my wish to gain a more definite notion of his identity. The passage suggests that the speaker would describe the ""account"" mentioned in the first sentence as",enlightening,mystifying,deficient,erroneous,C,True,0.04276514128274335,0.32697506518324837,0.5647252415522757,0.06553455198173258
What is the birthstone for the month of January?,topaz,garnet,opal,diamond,B,False,0.1922494003862002,0.35106591204946974,0.02069927321882909,0.4359854143455011
Who kills Tony at the end of the film 'West Side Story'?,Riff,Chino,Bernardo,He kills himself,B,True,0.23296975054226318,0.37540851979453393,0.34820083282736364,0.04342089683583916
In what country did Magic Johnson play professional basketball during the 1999 season?,United States,Sweden,Israel,Turkey,B,False,0.12030276346708088,0.12120121449617052,0.6065970876754989,0.15189893436124968
According to the Mother Goose nursery rhyme which child is full of woe?,Monday's child,Wednesday's child,Thursday's child,Saturday's child,B,False,0.19977236773656684,0.24080836640391295,0.2763004490166071,0.2831188168429131
What is called a 'lorry' in Britain?,a toaster,a truck,a babysitter,an elevator,B,True,0.007016768030571607,0.9819631336267862,0.009746771651548481,0.0012733266910936387
What newspaper do Lois Lane and Clark Kent work for?,The Bugle,The Daily Planet,The Metropolis Tribune,The New York Times,B,True,0.011233071809949893,0.9800079171983748,0.005525856551900784,0.0032331544397746566
Which of the following should a computer user do to prevent screen-induced eyestrain?,Use eye drops regularly,Change choice of software programs,Limit the resolution on the monitor,Take periodic breaks to view natural lighting,D,True,0.003009945090285272,0.004237980404881575,0.012074816903642436,0.9806772576011906
What percent of the observable universe has received radio transmissions from Earth?,10^-24 %,10^-29 %,10^-34 %,10^-39 %,A,False,0.148377820746537,0.388241008874323,0.2627561363143189,0.20062503406482113
Where is Ghirardelli Square located?,Milan,Rome,Washington DC,San Francisco,D,True,0.0006922479641010332,0.0010690217116464716,0.0011700435169315485,0.9970686868073211
"A research report states that a special education program for children aged 3-5 under study increases their chances of success in future schooling. Therefore, implementing a similar education program for all children will improve them in the future opportunities for success in school education. Which of the following best illustrates the logical loopholes summarized above?",Children's cognitive abilities are constantly changing at the age of 3-5,Establishing such education and training programs on a national basis requires a special public expenditure,Many parents mistakenly believe that early formal education will occupy the time that children would have been able to better explore the world independently,Investigators are unaware that they include a large group of children who have previously received another education,A,False,0.11782795489655858,0.2409460022144312,0.529312106457754,0.11191393643125627
"The traitor is a traitor, so you are a traitor, so I am a patriot.The words of a patriot are the most valuable, so my words are good.Since my words are good, you are undoubtedly a traitor! Which of the following makes the same logical mistake as above?","Literature and art are not worthy of attention. Modernization must relies on science and technology, so science and technology are worthy of our attention. But literature and art are not science and technology.","Non-university can also become an outstanding talent. Gorky, Edison, Faraday, Franklin, etc. have not attended college, but they have all become outstanding talents.","The earth is a sphere, which can be proved from the fact that when we stand at a height and watch the sailing boat in the sea, we always see the mast first and then the hull. The reason for this is because the earth is a sphere.",I saw them coming out of this chemical plant several times before I realized that this young man who was eager to help patients was originally a worker in this chemical plant.,C,False,0.3405202057241637,0.23037586371729518,0.23990095847848822,0.18920297208005293
"The tobacco industry has a lot of money, and it is expected to continue to do so. Last year, the total amount of tobacco sold by American tobacco farmers increased significantly, but the number of smokers in the country continued to decline. If the following are true, they can be the reason for the above phenomenon, except:",More women start smoking this year than men who have quit.,People who continue to smoke consume more tobacco than in previous years.,The number of people who started smoking grass or taking snuff this year is more than the number who have given up smoking.,More cigarettes produced in the U.S. are exported to other countries this year than last year.,A,False,0.1921740914615777,0.1707149809072653,0.3947378002133376,0.2423731274178194
Which of the following is most characteristic of gesture drawing?,An outline,Action and movement,Gradual shading,Carefully observed details,B,True,0.005823649463637513,0.9920382914916935,0.0012558999670853764,0.0008821590775836928
What type of meat is on a traditional Reuben sandwich?,turkey,bologna,corned beef,pepperoni,C,True,0.004945378346162398,0.004345518016933768,0.9889754635872305,0.0017336400496732356
Which of the following is the best source of objective information about a prospective employer that is publicly traded?,Annual reports,Press releases,Newspaper articles,10-K filings with the SEC,D,True,0.04373114656593531,0.010801636865739492,0.03590343898241644,0.9095637775859087
What children's TV character is known as 'Da Niao' in China?,Barney,Big Bird,Mickey Mouse,Tinky Winky,B,True,0.11390595594552633,0.6585876646358124,0.16717673731694851,0.06032964210171269
On Valentine's Day 2000 NASA's NEAR spacecraft began a yearlong orbit of what asteroid?,Eros,Cupid,Aphrodite,Venus,A,True,0.9964075482025059,0.002275824308388335,0.0010457343021484926,0.00027089318695734747
"The gasoline tank in a car holds 15 gallons when full. If there are 7 gallons of gasoline in the tank, how many gallons of gasoline are needed to fill the tank? Which of the following is most appropriate to use to correctly answer the question shown?",Multiplication,Subtraction,Estimation,Division,B,False,0.1823588116639898,0.2052893893170254,0.09690159111088764,0.5154502079080971
What cartoon character traveled in a time machine with Mr Peabody?,Rocky,Jonny Quest,Underdog,Sherman,D,True,0.010199428187801772,0.016317704087057572,0.007696053451491202,0.9657868142736495
Which of these is a type of a artwork consisting of pieces of wood inlaid in geometric patterns?,marquetry,parquetry,harquetry,sharquetry,B,False,0.7847773410211165,0.20856137773352437,0.0058477143502446574,0.0008135668951145017
What term describes someone who does not believe in the existence of God?,hedonist,deist,agnostic,atheist,D,True,0.000774095370802195,0.0017036769125309598,0.016142560689280664,0.9813796670273861
What animated character has a crush on the Little Red Haired Girl?,Richie Rich,Charlie Brown,Bugs Bunny,Jonny Quest,B,True,0.002902940293148283,0.994006296395015,0.0026194309971801265,0.0004713323146566255
Which of these dishes is made from pig intestines?,haggis,chitlins,grits,chop suey,B,True,0.34437416003291116,0.6525818949338255,0.0017041745196509327,0.0013397705136125601
Water's high heat capacity allows it to,change density significantly as its temperature changes,gain and lose large amounts of heat without significantly changing the temperature of the water,conduct sound efficiently without significant loss of velocity as the sound waves travel long distances,cause the ocean's surface temperature to fluctuate rapidly as the seasons change,B,True,0.004709912359879042,0.9925914700863697,0.0019718350381168373,0.0007267825156342889
Which of the following is the government regulator for all securities firms operating in the United States?,Federal Trade Commission,Federal Deposit Insurance Corporation,Federal Reserve Board,Financial Industry Regulatory Authority,D,True,0.002147268717970499,0.006392879998278551,0.008599614449567628,0.9828602368341833
Which of the following elements is a metal?,S,Se,I,Ga,D,False,0.5349754855134983,0.07252214216289099,0.08160168606974973,0.3109006862538611
How many ribs are there in the human body?,18,24,30,42,B,True,0.33463064388484404,0.4252009020747127,0.1741749002116403,0.06599355382880293
Which of these snakes is poisonous?,anaconda,boa constrictor,copperhead,python,C,True,0.08007125488958644,0.015223249389660042,0.8964721832226474,0.008233312498105999
What's unique about a skeleton key?,It opens many locks,It's made of bone,It's extremely old,It hangs in a closet,A,True,0.9945612517298507,0.0026040071285341423,0.0022848006139527133,0.000549940527662429
What color is a ruby?,red,black,yellow,blue,A,True,0.9976164194668325,0.0011411909471719392,0.0009662568475280801,0.0002761327384675421
In the 1960s 'Batman' TV series who was not a guest villain?,The Minstrel,The Archer,The Bookworm,The Squeegee Guy,D,True,0.10157506440008662,0.04404624813525021,0.12497593214064692,0.7294027553240162
Which of these is commonly used to treat allergies?,antimatter,anticoagulants,antiseptics,antihistamines,D,True,0.0013336850194699767,0.0016781798815580313,0.0024902076542349305,0.994497927444737
"How many ships did Columbus set sail with on his initial voyage to ""the New World""?",Two,Three,Five,Ten,B,True,0.2291898597306094,0.536113044016009,0.1863577552887265,0.0483393409646551
What does the acronym 'REM' stand for?,random energy module,rapid eye movement,red entertainment machine,really energetic music,B,True,0.0007535710099929853,0.9980388219926462,0.0010651801873465302,0.0001424268100143148
Where did the Exxon Valdez run aground in March of 1989?,Monterey Bay,Prince William Sound,Cape Cod,Gulf of Mexico,B,True,0.0007291977630190451,0.9985424501752114,0.000584269515246638,0.00014408254652307625
What is the name of the baby who appears in cartoons and comic strips with Popeye the Sailor?,Pun'kin,Lamikins,Suga'baby,Swee'pea,D,True,0.0007715583812807392,0.001266658920168843,0.0031641525479765326,0.9947976301505739
A geographer beginning a study of the cultural landscape within a specific region would most likely benefit from which of the following activities?,Describing and mapping the building types on a plat map,Determining how many cars travel along the highway system,Establishing the percentage of adults with a college education,Graphing and analyzing economic data for the past century,A,True,0.8220733745147887,0.056992883232679904,0.10570918695494261,0.015224555297588899
Fragile works of sculpture can be displayed most securely by placing the works,in glass-paneled cases,on a series of pedestals,on wall-mounted shelves with sturdier works around them,"in shadow boxes with signs that read ""Do Not Touch""",A,True,0.9538085480810083,0.02656511880034138,0.01702964811752832,0.0025966850011219294
In the Jimmy Buffet song 'Margaritaville' what is the singer searching for?,a lime,a shaker of salt,his car keys,the bartender,B,True,0.1595354059766565,0.3603657826901211,0.24209276487495085,0.2380060464582715
Which of the following actions by the Federal Reserve System would be most likely to increase consumer spending?,Increasing the discount rate to member banks,Decreasing the discount rate to member banks,Selling large amounts of government securities,Keeping reserve requirements of member banks constant,B,True,0.03302910722996991,0.6553820512695364,0.1870908466729739,0.12449799482751979
Which one of these is NOT a mineral?,Quartz,Lithium,Diamond,Calcite,B,True,0.005839476138245675,0.9516755810076225,0.013707225334133807,0.028777717519998098
According to the title of a popular children's TV show what color is Bear's big house?,red,green,purple,blue,D,True,0.1319889600932514,0.302610162107214,0.1981045028100968,0.36729637498943773
Which of these rocks will float In water?,granite,limestone,shale,pumice,D,True,0.001464531367628766,0.0013701645001267973,0.0020063087796142382,0.9951589953526302
Who is the twin sister of 'Dear Abby' columnist Abigail VanBuren?,Martha Stewart,Dr Ruth Westheimer,Ann Landers,Miss Manners,C,True,0.013693889736989722,0.01070675690641717,0.965868956047797,0.009730397308796157
Which of the following would be provided in the marketing segment of a business plan?,How the products and services will be priced,The organizational structure of the business,Any factors that could affect employee retention,The details of the budget plan,A,True,0.958560933990676,0.007189011665613508,0.016749164940061928,0.01750088940364846
"From the very beginning, I wrote to explain my own life to myself, and I invited any readers who chose to make the journey with me to join me on the high wire. I would work without a net and without the noise of the crowd to disturb me. The view from on high is dizzying, instructive. I do not record the world exactly as it comes to me but transform it by making it pass through a prism of fabulous stories I have collected on the way. I gather stories the way a lepidopterist hoards his chloroformed specimens of rare moths, or Costa Rican beetles. Stories are like vessels I use to interpret the world to myself. ----------Pat Conroy Which of the following best describes the organization of the passage?",The author provides several explanations for taking a certain course of action.,The author uses analogies to explain his experience of a particular action.,The author makes a comparison between his own experiences and that of others in his profession.,The author chronicles the various phases of his work in a particular discipline.,B,False,0.2770887616566157,0.21931904453787346,0.16406355677348858,0.33952863703202213
What is the normal playback speed of a 12'' long-playing record?,12 1/2 rpm,33 1/3 rpm,45 rpm,100 rpm,B,True,0.00824214919216207,0.8327980153595097,0.1576551628403287,0.0013046726079996094
During what war did Francis Scott Key write the words to 'The Star-Spangled Banner'?,American Revolution,War of 1812,Civil War,World War I,B,True,0.00041293868054038697,0.9981553741230972,0.0011229302121336339,0.0003087569842286934
What are the names of Donald Duck's three nephews?,Quick Quack Quock,Alvin Simon Theodore,Robbie Chip Ernie,Huey Dewey Louie,D,True,0.0014632524808485395,0.005217986944113106,0.009464027047667125,0.9838547335273711
What company makes Oreo cookies?,General Mills,Nabisco,Keebler,Kraft,B,True,0.00032076702949331145,0.9896426044404847,0.0024859886209731698,0.007550639909048892
A student is conducting a research project and has learned of a website that may have useful information. The domain extension for the site is .org. Which of the following assumptions about the website is correct?,All of the information on the site is current.,The site has been evaluated for bias.,The site might belong to a nonprofit agency.,The author of the site is well respected in his or her field.,C,True,0.0019981986291755047,0.006060496268905482,0.9890287038313827,0.002912601270536188
To make an international telephone call from within the US what are the first numbers you should dial?,11,101,888,911,B,False,0.5899906640372576,0.2586406801443626,0.10988507678005313,0.04148357903832658
The 'Arkansas toothpick' is better known by what name?,Scottie Pippen,spare rib,pinkie finger,Bowie knife,D,True,0.003187828410838359,0.001706397692698733,0.0054104298046224845,0.9896953440918405
What colors are the two circles in the MasterCard logo?,pink and orange,blue and green,black and white,red and yellow,D,True,0.042606684005145265,0.10677153262031419,0.12176493727126407,0.7288568461032765
Which of the following was a significant reason for the electoral success of Franklin Roosevelt's New Deal coalition during the 1930s?,A major shift of African American voters from the Republican to the Democratic Party,A major shift of urban voters in Northern states from the Republican to the Democratic Party,A focus on a bipartisan approach to major social and economic legislation,A focus on mobilizing young voters,A,False,0.2620419957971884,0.7237102319935511,0.010158880816418223,0.004088891392842285
What is the name of the mountain where the mythological Greek gods live?,Jupiter,Olympus,Vesuvius,Valhalla,B,True,0.00022632655533427653,0.9981043604996255,0.0014283859671033567,0.00024092697793686886
The first sound recording to be made and reproduced was a recitation of what nursery rhyme?,Humpty Dumpty',Mary Had a Little Lamb',Jack Be Nimble',Home Sweet Home',B,False,0.40699713575051244,0.2371056323485766,0.17410861836799035,0.1817886135329206
Which actress played a pointy-eared Vulcan in the movie 'Star Trek II: The Wrath of Khan'?,Whoopi Goldberg,Jennifer Grey,Kirstie Alley,Helen Hunt,D,False,0.36676882054021837,0.17130115241767455,0.34299018540929804,0.11893984163280899
Which of the following is most likely to result from a collision between a continental lithospheric plate and an oceanic lithospheric plate?,A chain of coastal volcanic mountains,A magnetic reversal,A mid-oceanic ridge,A transform fault,A,True,0.8956591249088409,0.016775404396129165,0.06877831385385248,0.01878715684117745
The process of drilling holes in the skull is called what?,bifurcation,trepanation,aeronomy,skullduggery,B,True,0.001317777649455793,0.9972238415484179,0.0010524994024763389,0.0004058813996499846
Who is the creator of the comic strip 'The Far Side'?,Jim Davis,Gary Larson,Garry Trudeau,Charles Schulz,B,True,0.000635763924319561,0.9961984166754744,0.00249042487206914,0.0006753945281370116
Which of these is not a type of chili pepper?,habanero,cheyenne,jalapero,guajillo,B,True,0.00809581245235779,0.6870715441848022,0.023050467397990233,0.2817821759648497
"In the definition of a public good, the term ""nonrival"" means that",one person's use of the public good does not reduce the amount available to others,the public good is produced by the government without any competition,the public good is produced at zero marginal cost,the public good is mostly consumed by free riders,A,True,0.9811963021773965,0.0018125294333483132,0.01517729174611135,0.0018138766431437527
Which of these foods is poisonous to dogs?,peanut butter,bananas,chocolate,olives,C,True,0.0010915483941679645,0.0034263718557021794,0.99218294270325,0.0032991370468798036
What type of substance is 'terra-cotta'?,metal,ceramic,wood,glass,B,True,0.0014894398917302146,0.9968723207238219,0.0014555532045783957,0.0001826861798692903
What disease causes a buildup of fluid pressure in the eyeball and damages the optic nerve at the back of the eye?,astigmatism,cataract,glaucoma,retinitis,C,True,0.00019451367521537382,0.0014489775810379768,0.9979258315796659,0.00043067716408059007
What article of clothing best describes a 'pashmina'?,shoes,pants,scarf,underwear,C,True,0.00048507522670391157,0.00040172179046623875,0.9982437924917508,0.0008694104910791986
Who was the first American in space?,John Glenn,Buzz Aldrin,Alan Shepard,Neil Armstrong,C,True,0.11468511444183871,0.005679270194109926,0.8720927016807167,0.007542913683334495
Stevie Wonder and Michael Jackson have both recorded duets with which former Beatle?,Paul McCartney,John Lennon,George Harrison,Ringo Starr,A,True,0.8323194680763123,0.09465272742818796,0.03942440312284823,0.033603401372651574
In which layer of Earth is the geomagnetic field generated?,Outer core,Crust,Mantle,Inner core,A,True,0.9741436434617516,0.005482630437604125,0.010099576503843098,0.010274149596801114
Which of these is not one of Aesop's fables?,The Dog and the Squirrel',The Hare and the Tortoise',The Eagle and the Beetle',The Ox and the Frogs',A,False,0.05894034204154606,0.01955567802860329,0.7799049712327215,0.14159900869712921
An accounts payable entry appears in the,asset section of the balance sheet,liability section of the balance sheet,cost of goods sold section of the income statement,operating expense section of the income statement,B,True,0.011518016727372984,0.9311451393975327,0.021626228952237942,0.03571061492285634
What is a balalaika?,musical instrument,Russian peasant,type of hat,breed of shark,A,True,0.9992561634603229,0.000496189102715803,0.0002476474369612448,3.723718043917488e-44
From what language does the term 'RSVP' originate?,Russian,Italian,Portuguese,French,D,True,0.0007003430911918743,0.002006567330312489,0.0025222056238088965,0.9947708839546866
Which of the following is a true statement about the flow of energy in an ecosystem?,Smaller organisms need less energy per gram of body weight than do larger organisms.,Energy transfer between organisms normally involves conservation of heat energy.,Energy flow between trophic levels is inefficient.,"Chemical energy is converted into radiant energy, which is then converted into chemical energy at the next trophic level.",C,True,0.00865847023863707,0.0024939820754468923,0.973777667529262,0.015069880156654192
The Federal Reserve implements an expansionary policy by doing which of the following?,Buying Treasury bonds in the open market,Raising the federal funds rate,Raising the discount rate,Raising the required reserve ratio,A,True,0.9858877735868966,0.0031739998036209986,0.004158562494018628,0.00677966411546384
"Determining how a product can be useful, identifying the target price, finding a place to sell the product, and deciding how to promote it best exemplifies using",market research,positioning,marketing mix,segmenting,C,True,0.22408693968484134,0.011979390322888537,0.7535152676327498,0.010418402359520402
In golf what is one stroke overpar called?,eagle,bogey,dormy,birdie,B,True,0.0018567160912062277,0.9814201741604018,0.013546465775884019,0.003176643972507758
What actress starred on 'Charlie's Angels' for the show's entire run?,Cheryl Ladd,Farrah Fawcett,Jaclyn Smith,Kate Jackson,C,True,0.05273178040915202,0.05606175312842965,0.4681582677056952,0.42304819875672306
If you are watching a Shavian play who is the author?,Shakespeare,Aeschylus,George Bernard Shaw,Anton Chekhov,C,True,0.036179301205705464,0.0270233407665993,0.9316946398926984,0.005102718134996815
In which of these sports do competitors use a 'funny car'?,supercross,dogsledding,gymnastics,drag racing,D,True,0.005462905865830567,0.007626496442883805,0.0018922372478585915,0.985018360443427
The TV show 'House of Style' airs on what network?,E,WB,MTV,Home Shopping Network,C,True,0.01672335638482871,0.001783474143741805,0.9807901116716261,0.0007030577998033974
By what nickname is the Federal National Mortgage Association known?,Morty,FEMA,Freddie Mac,Fannie Mae,B,False,0.00421317027882308,0.0011795248638740569,0.12506798877732211,0.8695393160799808
In computer terminology what does the acronym 'ISP' stand for?,Individual Site Privacy,Investment Stability Plan,Internal Security Position,Internet Service Provider,D,True,0.00030301759612144565,0.00025873280204168596,0.000523684224060971,0.9989145653777759
Which of these television series was not set in the United States?,Picket Fences',M*A*S*H',Northern Exposure',The Paper Chase',B,False,0.029304733834015443,0.0380454069940923,0.0573652183329064,0.8752846408389858
What day of the week is sometimes called 'hump day'?,Wednesday,Thursday,Friday,Saturday,A,True,0.9913787296369981,0.006002457006456095,0.002318639488939713,0.0003001738676059798
Which of the following figures is a contemporary installation artist who uses image projection and videos?,Bill Viola,Betye Saar,Damien Hirst,Rachel Whiteread,A,True,0.9690988948731911,0.014249844414520561,0.010191377181283273,0.0064598835310050425
Scientists believe that a worldwide catastrophic event occurred during the late Cretaceous period and that this event likely caused which of the following?,The movement of aquatic animals onto land,The sudden demise of the dinosaurs,The emergence of Homo sapiens on the grasslands of Africa,The first appearance of mammals,B,True,0.0035622579449559465,0.9902516116419345,0.0028891787668164936,0.0032969516462929946
"According to Article III, Section 1, of the United States Constitution, judges ""shall hold their offices during good behavior..."" A consequence of this clause is that:",Congress cannot remove federal judges from office,federal judges have political independence to fulfill their duties,the president has no influence over the composition of the Supreme Court,federal judges lack opportunity for advancement or promotion,B,False,0.5291864025288701,0.46062268517044047,0.007330255246935076,0.0028606570537545663
How many cups of coffee were consumed in the United States in the past week (as of 2013)?,300 million cups per week,1 billion cups per week,3 billion cups per week,9 billion cups per week,C,False,0.31454341899637456,0.24720037036770584,0.26023501428358375,0.178021196352336
In what city would you find people studying art and design at the Fashion Institute of Technology?,Paris,New York,Los Angeles,Melbourne,B,True,0.0008319274850648147,0.9966097874765963,0.002038812846892123,0.0005194721914466902
What is the traditional 20th wedding anniversary gift?,paper,leather,china,silver,C,True,0.07074833854220933,0.11498887134243166,0.5036648580737465,0.3105979320416125
"Many employers rely on temporary workers to provide flexibility in times of fluctuating need. However, an important consideration in hiring temporary workers is that they",are often less experienced and less committed to the job than full-time employees,are limited to 30 days on the job before they must be offered a permanent position,must be offered health care and other benefits like regular full-time employees,are required to receive pay equal to that of regular full-time employees doing the same job,A,True,0.780360666462205,0.10131312572995274,0.04035996287801262,0.07796624492982962
Someone would most likely contract salmonella poisoning from eating which of the following?,carrots,chicken,tofu,rice,B,True,0.0022867684327282224,0.9946607310432868,0.0020697090796901697,0.000982791444294515
Amps are a unit of measurement of what?,electric charge,electric current,electric field strength,electric potential,B,True,0.00463177535336749,0.9936627727364986,0.0014504891440258348,0.0002549627661082792
The maximum depth that plant roots can readily penetrate without encountering a restrictive soil layer is referred to as the,effective depth,depth to the subsoil,depth to a parent material,O horizon,A,True,0.9603808594866812,0.02032905135882191,0.0148879351640609,0.004402153990435739
How much more electrical energy will the United States need to generate if everyone drives electric cars?,2*10^19 J,2*10^21 J,2*10^23 J,2*10^25 J,A,False,0.10140540633112859,0.3324232500755439,0.3866480611700032,0.1795232824233242
Which of the following must be obtained by foreigners wishing to permanently reside in the US?,visa,bill of landing,driver's license,carte blanche,A,True,0.9729751669741609,0.00755370494234433,0.013058829091441208,0.006412298992053647
What is the largest moon in the Solar System?,Ganymede,The Earth's Moon,Pluto,Europa,A,True,0.9827912498703752,0.00981533994461514,0.0056168149161101005,0.001776595268899411
Islam first spread to Indonesia through,military conquest by the Mughal empire,mass migrations of African Muslims across the Indian Ocean,Dutch colonization in the 18th century,increased commercial contacts with Indian and Arab merchants,D,True,0.004315328642587113,0.02184054018812886,0.012655487106176373,0.9611886440631076
Which of these is not a city in the state of New York?,Perskippity,Kerhonkson,Schenectady,Lackawanna,A,True,0.8800942170695254,0.03539896019171566,0.03803146892391356,0.04647535381484538
In the original 'Get Smart' TV series what is agent Maxwell Smart's code name?,Agent 86,Agent 99,Larrabee,The Chief,A,True,0.9864138575568304,0.00936480105648688,0.003216636963096047,0.0010047044235866479
In horse racing what is the term for a wager on the 1st 2nd and 3rd place finishers in a specific race?,triple action,trifecta,exacta,triple crown,B,True,0.002877008749148559,0.696428586230977,0.29886310496774354,0.0018313000521308928
What principle explains why cold food warms up and hot food cools off when stored at room temperature?,entropy,chemical equilibrium,momentum,relativity,A,True,0.9704625200379837,0.022141455672119694,0.004574057532286839,0.0028219667576098485
How much does our highway gas mileage decrease in a heavy rain?,About 0.1%,About 2%,About 10%,About 50%,C,True,0.25478520943047894,0.30471934548705426,0.35160791405694936,0.08888753102551744
"What quantity of oxygen, O_2 , contains very nearly the same number of molecules as 36.0 grams of water, H_2O ?",64.0 grams,32.0 grams,16.0 grams,8.0 grams,A,False,0.19895165919218077,0.3863452796830161,0.2798250192540296,0.13487804187077354
The loss of water in the form of vapor from plants is referred to as the,transpiration,respiration,oxidation,condensation,A,True,0.9976972096631126,0.0005415431623497306,0.0010080117165529854,0.000753235457984622
"In a holistic evaluation of student essays, evaluations are made on the basis of the",number and variety of errors made by each student,average sentence length and the complexity demonstrated in each essay,ability of each student to communicate in a variety of discourse modes,overall quality of each student's essay in relation to the topic,D,True,0.004178887945190738,0.007117177080306503,0.012248594176717142,0.9764553407977857
Which of the following scenarios does not include a producer?,Direct selling,Reverse channels,Indirect channels,Dual distribution,B,False,0.1488352686214906,0.17952308638562414,0.1312925598745507,0.5403490851183347
In soccer which player is allowed to use his or her hands in the field of play?,midfielder,center,sweeper,goalkeeper,D,True,0.002301146880234658,0.0020856841735881187,0.004060550851964448,0.9915526180942127
As of 1999 which state has the most Girl Scouts?,California,Illinois,New York,Pennsylvania,D,False,0.3331610605954574,0.1146047484603519,0.3447656250551139,0.20746856588907683
In the 1992 animated film 'Aladdin' what device does the hero use to travel from place to place?,talking car,winged horse,magic carpet,hot air balloon,C,True,0.0015531447936010733,0.0035727863250941696,0.989095764531304,0.005778304350000702
Which one of these World War II leaders was not at the Yalta Conference?,Stalin,Mussolini,Churchill,Roosevelt,B,True,0.05350316532823473,0.5904746808051694,0.06145316974362958,0.29456898412296634
What is the technical term for the offspring of a female donkey and a male horse?,burro,dorse,hinny,honker,C,True,0.0015623800277041317,0.0018037638642263065,0.9951329441169848,0.0015009119910847416
The atmospheric concentration of which of the following gases is most likely to be directly affected by widespread deforestation?,Carbon dioxide,Ozone,Nitrous oxide,Argon,A,True,0.9574362349814136,0.02080616215986739,0.02014926075287691,0.0016083421058421031
Which of the following words does not appear in the Lewis Carroll poem 'Jabberwocky'?,brillig,bandersnatch,wabe,grelp,D,True,0.005242502425616423,0.004960449424831054,0.017183656807165784,0.9726133913423867
What is the final word of the Pledge of Allegiance?,America,stands,indivisible,all,D,True,0.0876927461082963,0.07043582301544196,0.4033658568117583,0.43850557406450347
Which of the following is a sports award?,Oscar,Emmy,Nobel,Espy,D,True,0.010955530955010315,0.011658097917825698,0.025126886264971327,0.9522594848621927
What term is used to describe a group of fish?,Knot,Drape,School,Gaggle,C,True,0.0008956416628661114,0.0002830973703039237,0.9980354094197865,0.0007858515470434335
"Assume that the marginal propensity to consume increased from 0.75 in year 1 to 0.80 in year 2. Based on this information, which of the following is a correct conclusion?","In year 1, a $100 billion increase in government spending would have increased real output by a maximum of $75 billion.","From year 1 to year 2, the spending multiplier increased from 4 to 5.",A given change in government spending would have had a more powerful effect in year 1 than in year 2.,The marginal propensity to save increased from year 1 to year 2.,B,False,0.4079172792015695,0.10238869506890874,0.469569917579552,0.02012410814996996
At the equator how fast is the earth's surface turning?,about 100 miles per hour,about 500 miles per hour,about 1000 miles per hour,about 2000 miles per hour,C,True,0.31689268610705834,0.1544267365730145,0.42106481930772616,0.10761575801220101
Which of the following components is present in both pneumatic and hydraulic systems?,Exhaust,Reservoir,Compressor,Control value,D,False,0.03441493913215828,0.48364868572035213,0.14070067298175717,0.34123570216573246
The primary purpose of antitrust laws is to,help businesses that are in financial trouble,encourage business investment,prevent business behavior that hampers competition,establish trust between government and businesses,C,True,0.0008707779803061552,0.0004445917041836641,0.9981705188801341,0.0005141114353760763
How many pairs of chromosomes are in the genome of a typical person?,1,23,88,7921,B,True,0.006080466288313315,0.9828382970686907,0.009324388483421537,0.0017568481595744796
"What was the acronym for the first computer, made back in 1946?",ENIAC,CASD,CNAC,CSREN,A,True,0.9975133630743233,0.0008425262796661851,0.0013000061240187166,0.00034410452199189613
"When a gas turns into a liquid, the process is called",condensation,evaporation,deposition,sublimation,A,True,0.979852203321305,0.008148537818252878,0.007754292045215971,0.004244966815226163
Which of the following types of stress dominates at divergent boundaries?,Compressional,Left-lateral shear,Right-lateral shear,Tensional,D,True,0.014649207904507815,0.0074073145598853056,0.013706905624894293,0.9642365719107127
Which of the following terms refers to pottery that has not been bisque fired?,Raku,Greenware,Terracotta,Stoneware,B,True,0.030133005207021682,0.9603178078524013,0.00876551689737084,0.0007836700432063158
In what year did the Great Depression begin?,1884,1929,1953,1975,B,True,0.0009017446861770337,0.9971639532129667,0.001682648176657384,0.00025165392419888594
Cheddar cheese got its name from a village in what country?,England,France,Switzerland,Denmark,A,True,0.9944348394665979,0.003882769536032438,0.0013849378942665694,0.0002974531031030237
Who is the mythological Roman goddess of flowers?,Diana,Echo,Flora,Niobe,C,True,0.0030068456559095252,0.0004488621627449297,0.9959694325719534,0.000574859609392043
According to legend if you give someone the 'evil eye' what are you doing?,cursing them,blessing a child,counting money,passing time,A,True,0.9876578356233013,0.0037657928731008876,0.004800325506870031,0.003776045996727675
"Which of these rivers flows""through France?",Volga,Seine,Mekong,Allegheny,B,True,0.0034563081815780984,0.9941961745404062,0.0018417336329850519,0.0005057836450306068
What condition is caused by malfunctioning sebaceous glands?,bad breath,shingles,acne,carpal tunnel syndrome,C,True,0.0010373152757808292,0.00047367346354002204,0.9981200501716065,0.0003689610890725235
What was the name of Huey Lewis band?,The News,The Attractions,The Silver Bullet Band,Louie and Dewey,A,True,0.9909526646442367,0.005829427991866808,0.002107113246126913,0.0011107941177694374
What high school does the gang from the 'Archie' comic strip attend?,Ridgemont High,Riverdale High,Rumson High,Riker's Island High,B,True,0.005021681162119515,0.9932412201034521,0.0011811042080971574,0.0005559945263312601
Cheese is a necessary ingredient in which of these dishes?,sushi,french fries,veal parmigiano,chicken pot pie,C,True,0.01855640156285353,0.04025632068745295,0.4910354021083077,0.4501518756413857
What city's airport uses the code ORD?,Chicago,Orlando,New York City,Portland,A,True,0.9988127508583721,0.0005539952686589739,0.0005280393705616432,0.00010521450240718981
Which of the following digital camera settings can be used to keep colors accurate under a variety of light conditions?,White balance,Aperture,ISO speed,Shutter speed,A,True,0.995190073928021,0.0012713077308169993,0.002930130847812287,0.0006084874933498251
At what speed will a sedan flip over when it slides sideways into a curb?,10 mph,20 mph,40 mph,80 mpg,B,False,0.17653721441332476,0.33780503201068063,0.4146823065510602,0.07097544702493433
"The intention of making traditional, saleable art objects was abandoned by",Impressionists,Pop artists,Abstract Expressionists,Conceptual artists,D,True,0.03639961323479436,0.09511008870668582,0.07181504892647897,0.7966752491320408
Which of these popular games relies on bluffing?,Outburst,Balderdash,Pictionary,Scattergories,B,True,0.012056074119383612,0.9493480721956992,0.005902405084152518,0.032693448600764785
What sport is featured in the 1996 movie 'Kingpin'?,wrestling,golf,chess,bowling,D,True,0.0052196187399425375,0.0036882450949494118,0.0009212139764948887,0.9901709221886132
Which of the following is an example of a chemical change?,Tearing up a piece of paper,Melting ice,Mixing vinegar with baking soda,Filling a balloon with air,C,False,0.1830287707459369,0.5733545909411636,0.23265648622918417,0.010960152083715454
Soil structure refers to which of the following?,Arrangement of soil particles,"Proportion of sand, silt, and clay",Organic composition,Profile depth,A,True,0.9177488949981486,0.07983124094184015,0.0017191144753596357,0.0007007495846514727
"At the border of two countries there is a port where fishermen work. The fishermen do not speak the same language, so they communicate using one that has been invented by them for the purpose of trade. The scenario above most accurately describes which of the following types of language?",A dialect,A creole,A pidgin,A regionalism,C,True,0.017245995924598526,0.03822121378740792,0.9417325341349682,0.002800256153025315
"With what would you use a""wah-wah pedal?",bicycle,stock car,electric guitar,baby,C,True,0.000623036005979372,0.00022657407006696281,0.9984277416577826,0.0007226482661710523
Who is the career hit leader among players never elected to Baseball's Hall of Fame?,Steve Garvey,Jim Rice,Pete Rose,Ken Griffey Jr,C,True,0.09946178607902914,0.05882741047871188,0.8108616931268892,0.030849110315369743
Which of these is not one of the official languages of the United Nations?,Japanese,English,Russian,Spanish,A,True,0.5494518869553571,0.0419954597877826,0.1808195571434311,0.2277330961134292
What people ruled the Andes Mountains until they were conquered by the Spanish in 1532?,Pueblo,Aztec,Inca,Apache,C,True,0.000951329557065078,0.0005128398124176411,0.9978751648136716,0.0006606658168456736
Which of these organizations is not part of the US government?,NAACP,NASA,CIA,FBI,A,True,0.8658617834658957,0.03814067135626049,0.042589430085780346,0.05340811509206337
Which of these men has never been a head coach in the NFL?,Dick Vermeil,Bill Parcells,Chuck Noll,Pat Riley,D,True,0.0020992685449490595,0.0029337397434594497,0.01062742551078363,0.9843395662008078
Which of these is not a style of shoe?,gingham,brogan,espadrille,docksider,A,True,0.9673003714636901,0.014399862086498657,0.009932972008610935,0.008366794441200176
Which of these words means 'yes'-in French?,qui,oui,ja,okey-dokey,B,True,0.0005708447831434477,0.9984951917254585,0.0007353295303339442,0.0001986339610640857
Which of these sounds is commonly associated with owls?,chirp,bark,growl,hoot,D,True,0.002263680104648692,0.0032666671789321807,0.00318339919081408,0.991286253525605
What do the initials 'E E' in poet E E Cummings' name stand for?,Edward Estlin,Edmund Earl,Ernest Eakins,Eugene Evan,A,True,0.7217819056108055,0.007353035516953324,0.012234243002061877,0.2586308158701792
"The true length of a block of wood is 1.010 cm. Three measurements of this block produced the following values: 1.4 cm, 1.2 cm, and 0.9 cm. Which of the following statements is true concerning these measurements?",They are precise and accurate.,They are precise but not accurate.,They are accurate but not precise.,They are neither precise nor accurate.,D,False,0.18505143090383178,0.30125283372833317,0.3449417255544033,0.1687540098134318
What is the medical term for a doctor's identification of a disease?,Hypnosis,Prognosis,Trichinosis,Diagnosis,D,True,0.0007309323891825526,0.008396601877693763,0.0024153538198596522,0.9884571119132641
Gerry Adams is the president of what organization?,Greenpeace,NASCAR,Sinn Fein,PLO,C,True,0.0031455776256594124,0.00037971414400833056,0.9957450912463112,0.0007296169840210507
What was the birth name of civil rights leader Malcolm?,Michael Brown,Malcolm Little,Malcolm Lincoln,Michael Lloyd,B,True,0.004057620483557425,0.9939622032192897,0.0018221875210808476,0.00015798877607211965
Which of the following dental topics is developmentally appropriate for toddlers?,Growth of permanent teeth,Correct use of incisors while eating,Correct toothbrushing technique,Evolution of the human tooth,C,False,0.16755181525225593,0.6306704931055931,0.191856337202641,0.009921354439509906
What topic does Spin magazine primarily cover?,politics,washing machines,books,music,D,True,0.0005356873241149053,0.0008199772043705613,0.001332562341516439,0.997311773129998
What is the name of Raggedy Ann's doll brother?,Red,Freckles,Randy,Andy,D,True,0.010785217306864072,0.008564839809041333,0.018606076643526308,0.9620438662405683
Which of the following tools is LEAST likely to be used in the process of creating a wood sculpture?,A rasp,A gouge,A lathe,An extruder,D,True,0.0075556666889020395,0.0037416640160588726,0.027133370023501843,0.9615692992715373
What exercise apparatus is used during a 'Spinning' class?,stationary bicycle,treadmill,rowing machine,barbells,A,True,0.999087470829315,0.00048064112404988963,0.0003016637805611315,0.00013022426607403929
In the 1976 remake of the classic film 'KingKong' what New York landmark does the giant ape climb?,Statue of Liberty,Empire State Building,World Trade Center,Chrysler Building,C,False,0.027949688696405895,0.9439062734951492,0.023744944903672092,0.004399092904772647
Which of these items is useful for removing ink stains?,baking soda,nail polish,hair spray,butter,C,False,0.8468818108456487,0.056784413982907414,0.07643568638247929,0.019898088788964624
How much angular momentum did Hurricane Florence have when it hit land?,L = 10^16 kg * m^2 / s,L = 10^19 kg * m^2 / s,L = 10^22 kg * m^2 / s,L = 10^25 kg * m^2 / s,B,True,0.21851479311108402,0.3195774694343926,0.24799347002387961,0.21391426743064385
Which of the following responsibilities of a human resources manager would have the most negative impact on a company if performed incorrectly?,Recruiting and hiring new employees,Providing professional development opportunities for employees,Ensuring company compliance with laws and regulations,Filing employee compensation and benefits forms,C,True,0.15607862109314352,0.01404709989996595,0.8172648626890582,0.012609416317832299
A car-manufacturing factory is considering a new site for its next plant. Which of the following would community planners be most concerned with before allowing the plant to be built?,The amount of materials stored in the plant,The hours of operations of the new plant,The effect the plant will have on the environment,The work environment for the employees at the plant,C,True,0.0075951839200542985,0.006389610754167026,0.9844594676049133,0.0015557377208653509
What team has won the most World Series?,Chicago Cubs,Los Angeles Dodgers,New York Yankees,San Francisco Giants,C,True,0.0026266536542865104,0.0029023741115749573,0.9914460854585113,0.0030248867756271884
What is the name of the Newtonian law that states 'An object in Motion tends to stay in motion'?,Law of Inertia,Law of Thermodynamics,Law of Relativity,Law of Gravitation,A,True,0.9990614397142137,0.000485199070641582,0.00018186680193802603,0.0002714944132067755
Who was the WNBA's Most Valuable Player of 1999?,Rebecca Lobo,Sheryl Swoopes,Lisa Leslie,Yolanda Griffith,D,False,0.06453126795879284,0.4732155916229638,0.27393624063342376,0.18831689978481966
Ada Lovelace is credited with being the first person to have made what?,a computer program,a souffle,a brassiere,a mystery novel,A,True,0.9985601715964739,0.000772156491988659,0.000515942197734138,0.00015172971380329528
Which of the following is true of a profitmaximizing firm in the short run?,The firm will shut down to minimize losses if product price falls below average total cost.,The firm will shut down if marginal revenue equals marginal cost but exceeds average variable cost.,"The firm will continue to produce as long as total revenue exceeds total variable cost, even if it incurs loss.",The firm will continue to produce as long as average variable cost is less than average fixed cost.,C,True,0.29332111510039716,0.15271408762872482,0.33475585158107307,0.21920894568980495
From 1971 to 1997 the Democratic Republic of Congo was known as what?,Zaire,Angola,Rhodesia,Belgian Congo,A,True,0.9947752331143472,0.0005034277463370319,0.0021201385070685388,0.0026012006322472686
What is New Mexico's nickname?,The Desert State',Gateway to Paradise',Land of Enchantment',The Garden State',C,True,0.004917206376125491,0.0013549271099753634,0.9924687024499123,0.0012591640639869474
A kindergarten teacher sets up a literacy center with an activity that asks students to match pictures of objects with pictures of letters to correctly indicate the beginning sound. Which of the following is the teacher trying to develop in students through the center?,Phonics,Vocabulary,Letter recognition,Phonemic awareness,D,True,0.1634848549821365,0.010651619602744335,0.03749441377831351,0.7883691116368057
Which of the following is the best description of a consumer checking account?,An asset for the consumer and a liability for the bank,A liability for the consumer and an asset for the bank,An asset for both the consumer and the bank,A liability for both the consumer and the bank,A,True,0.5197047149250162,0.123875148863236,0.3232630520378637,0.033157084173884015
What was the name of the first nuclear-powered submarine?,Nautilus,Neptune,Nordenfelt III,Nicholas,A,True,0.996291782479069,0.0011310654900127306,0.0010969670012938007,0.001480185029624344
What is Andromeda?,The nearest major galaxy to the Milky Way,A bacteria that can cause death,An array of radio telescopes,An element of the Periodic Table,A,True,0.9886294323115304,0.0038090384887767338,0.006544975081771852,0.0010165541179208576
Which of these is not one of superhero Captain Marvel's abilities?,the power of Apollo,the strength of Hercules,the courage of Achilles,the wisdom of Solomon,A,True,0.5656506578879,0.09932662236162343,0.12974341060482633,0.20527930914565026
Which of these animals is a rodent?,Bat,Wolverine,Beaver,Koala,C,True,0.09543606305059996,0.022355514545038906,0.8764611474216734,0.005747274982687649
Which two planets are most similar in size diameter wise?,Mars and Mercury,Venus and Earth,Uranus and Neptune,Jupiter and Saturn,B,True,0.026169982680952053,0.8891678761510212,0.022216086748033114,0.0624460544199936
Which of these stores is not owned by Gap Inc?,Gap,Banana Republic,Old Navy,J Crew,D,True,0.004117864342525268,0.0103991135350488,0.009506737573563507,0.9759762845488623
What is the largest city in Pennsylvania?,Philadelphia,Stewartsville,Harrisburg,Pittsburgh,A,False,0.2743634133334352,0.04015635677960609,0.21677495759141457,0.46870527229554415
A prekindergarten teacher uses a basket of red and yellow apples to reinforce concepts during a mathematics lesson. Which of the following tasks is best targeted at teaching students to compare quantities?,Having students count all the apples in the basket,Having students put one apple in the middle of the place mat on their desks,Having students make a Venn diagram for the color of the apples,Having students determine whether the numbers of red and yellow apples are equal,D,True,0.1062563056043587,0.09625804488618714,0.031215025109181782,0.7662706244002724
