0,1,2,3,4,5,correct,A_prob,B_prob,C_prob,D_prob
"In a population of giraffes, an environmental change occurs that favors individuals that are tallest. As a result, more of the taller individuals are able to obtain nutrients and survive to pass along their genetic information. This is an example of",directional selection.,stabilizing selection.,sexual selection.,disruptive selection.,A,True,0.8345496101818156,0.03276130096931652,0.007234811243056058,0.12545427760581168
Which of the changes below following the start codon in an mRNA would most likely have the greatest deleterious effect?,a deletion of a single nucleotide,a deletion of a nucleotide triplet,a single nucleotide substitution of the nucleotide occupying the first codon position,a single nucleotide substitution of the nucleotide occupying the third codon position,A,False,0.06432104245132333,0.7585469777993573,0.06373704399957174,0.11339493574974766
The energy given up by electrons as they move through the electron transport chain is used to,break down glucose,make glucose,produce ATP,make NADH,C,True,0.0023190330165469,0.000590637389264925,0.9953774373792028,0.0017128922149852882
"During the period when life is believed to have begun, the atmosphere on primitive Earth contained abundant amounts of all the following gases EXCEPT",oxygen,hydrogen,ammonia,methane,A,True,0.8720047000083707,0.03428535941414395,0.04246632563277479,0.05124361494471059
Convergent evolution is best exemplified by which of the following?,The pectoral fins of fish and the front legs of cats,The presence of a notochord in all chordate embryos,The wings of an insect and the wings of a bird,The leaves of an oak tree and the spines of a cactus,C,True,0.08249486837940713,0.009165997285557156,0.875332671362471,0.033006462972564855
Which of the following would most likely provide examples of mitotic cell divisions?,cross section of muscle tissue,cross section of an anther (site of pollen production in a flower),longitudinal section of a shoot tip,cross section of a leaf,C,False,0.37611384601642284,0.438493816188132,0.15589031944928436,0.029502018346160785
Invertebrate immune systems possess which of the following?,Cytotoxic T-lymphocytes,Phagocytes,B-cells,Helper T-cells,B,True,0.006878254590298864,0.9477932014129659,0.0312699704504708,0.014058573546264472
Two unrelated species evolve in a way that makes them more similar.,Divergent evolution,Convergent evolution,Parallel evolution,Coevolution,B,True,0.0783032701111797,0.6503383760646674,0.26342032912394925,0.007938024700203609
Which of the following is the most likely benefit of periodic natural wildfires in some forest ecosystems?,"The fires remove dead and decaying plant matter, reducing the risk of more intense and destructive fires.",The fires leach nutrients from the soil‚ preventing the germination of plants that might compete with native species.,The fires drive off herbivores whose plant-based diets reduce the amount of vegetation.,The fires dry out the soil and decrease the chance of flooding after heavy rains.,A,True,0.941074019279722,0.025773930844819853,0.016305318594399876,0.016846731281058343
"In a hypothetical environment, fishes called pike-cichlids are visual predators of algae-eating fish (i.e., they locate their prey by sight). If a population of algae-eaters experiences predation pressure from pike-cichlids, which of the following should least likely be observed in the algae-eater population over the course of many generations?",Selection for drab coloration of the algae-eaters,Selection for nocturnal algae-eaters (active only at night),"Selection for larger female algae-eaters, bearing broods composed of more, and larger, young",Selection for algae-eaters that become sexually mature at smaller overall body sizes,C,True,0.15004519188189833,0.07483347622167646,0.7177560068262719,0.05736532507015327
A man contracts the same flu strain for the second time in a single winter season. The second time he experiences fewer symptoms and recovers more quickly. Which cells are responsible for this rapid recovery?,Helper T cells,Cytotoxic T cells,Memory cells,Plasma cells,C,True,0.0051930218231893985,0.008889769909791493,0.952274213091391,0.03364299517562807
"The same gene that causes various coat patterns in wild and domesticated cats also causes the cross-eyed condition in these cats, the cross-eyed condition being slightly maladaptive. In a hypothetical environment, the coat pattern that is associated with crossed eyes is highly adaptive, with the result that both the coat pattern and the cross-eyed condition increase in a feline population over time. Which statement is supported by these observations?",Evolution is progressive and tends toward a more perfect population.,Phenotype is often the result of compromise.,Natural selection reduces the frequency of maladaptive genes in populations over the course of time.,"Polygenic inheritance is generally maladaptive, and should become less common in future generations.",B,True,0.042536541773859744,0.7676520287844877,0.18058000362477789,0.009231425816874732
Which of the following statements is correct?,Water flows from hypertonic to hypotonic.,Germinating seeds use less oxygen than do nongerminating seeds.,The rate of transpiration decreases with an increase in air movement.,Smaller DNA fragments migrate more rapidly than do larger DNA fragments on gel electrophoresis.,D,False,0.40653603832477986,0.12124287682098916,0.15051663057202783,0.32170445428220323
A gas phase is generally absent from which of the following biogeochemical cycles?,Water,Carbon,Sulfur,Phosphorus,D,False,0.4394505465854293,0.23127137135768003,0.15161593636191362,0.17766214569497712
Which of the following is a property that is shared by Zika fever‚ West Nile fever‚ and malaria?,The diseases are caused by viruses.,The diseases occur only in individuals who visit or live in tropical countries.,The pathogens that cause the diseases have developed resistance to antibiotics.,The pathogens that cause the diseases are primarily transmitted by the bite of an infected mosquito.,D,True,0.0018445437082314667,0.0010641005989059365,0.000841432514107743,0.9962499231787547
"If the HMS Beagle had completely bypassed the Galapagos Islands, Darwin would have had a much poorer understanding of the",relative stability of a well-adapted population's numbers over many generations.,ability of populations to undergo modification as they adapt to a particular environment.,tendency of organisms to produce the exact number of offspring that the environment can support.,unlimited resources that support population growth in most natural environments.,B,True,0.03075599377359471,0.9609910086900391,0.006979661324310547,0.001273336212055884
Which of the following statements about lipids is correct?,Unsaturated fatty acids are linked to heart disease.,Lipids make up most cell surface receptors.,Phospholipids are water soluble.,Steroids are lipids that consist of glycerol and fatty acids.,C,False,0.43283959438091735,0.06388257340942306,0.13747056309322703,0.36580726911643247
All of the following are examples of connective tissue EXCEPT,ligaments,muscle,blood,cartilage,B,True,0.010510694142941517,0.9831646471299369,0.003925986780412016,0.0023986719467096822
The light reactions of photosynthesis supply the Calvin cycle with which of the following?,The light reactions provide oxygen for the light-independent reactions.,ATP and NADPH provide the power and raw materials for the Calvin cycle.,Water entering the plant through the roots provides hydrogen directly to the Calvin cycle.,CO2 released by the light-dependent reactions provides the raw material for the Calvin cycle.,B,True,0.004315755090875817,0.9654196481089755,0.009267657041666998,0.020996939758481447
"When the first tiny prokaryotic cell took up residence inside a larger prokaryotic cell, it heralded the advent of the eukaryotic cell and led to an explosion of new life on Earth. Since then, most cells on Earth have internal organelles. Which of the following best summarizes an advantage of having internal membranes and organelles?",DNA can reproduce more efficiently.,"Even though prokaryotes do not have mitochondria, they contain structures that carry out the same function.",Organelles separate specific reactions in the cell and increase metabolic efficiency.,Compartmentalization enables prokaryotes to reproduce more quickly.,C,True,0.001999560444050738,0.0020556328945800935,0.9938576304060766,0.002087176255292559
Which of the following is correct about vaccination?,It increases the number of different receptors that recognize a particular pathogen.,It increases the number of different macrophages specific to the antigen.,It increases the number of epitopes that the immune system can recognize.,It increases the number of lymphocytes with receptors that can recognize and bind to the antigen.,D,True,0.018091593657564048,0.010505900918867482,0.020177289536892632,0.9512252158866759
"The calypso orchid, Calypso bulbosa, grows in close association with mycorrhizae fungi. The fungi penetrate the roots of the flower and take advantage of the plant's food resources. The fungi concentrate rare minerals, such as phosphates, in the roots and make them readily accessible to the orchid. This situation is an example of",parasitism,commensalism,mutualism,endosymbiosis,C,True,0.0388545699723064,0.026333674017810844,0.9067590611412927,0.028052694868590106
"Mules are relatively long-lived and hardy organisms that cannot, generally speaking, perform successful meiosis. Consequently, which statement about mules is true?",They have a relative evolutionary fitness of zero.,Their offspring have less genetic variation than the parents.,Mutations cannot occur in their genomes.,"If crossing-over happens in mules, then it must be limited to prophase of mitosis.",A,True,0.6501450957398711,0.26772539299572007,0.015289698518621869,0.06683981274578708
ADH is a hormone secreted by the kidneys that reduces the amount of water excreted in the urine. ADH is released in times of dehydration. This is an example of,innate behavior.,maintaining homeostasis.,failure to respond to the environment.,positive feedback.,B,True,0.012191699784259472,0.980931181419716,0.0021653193896176166,0.00471179940640701
All of the following statements are true EXCEPT,thyroxine increases the rate of metabolism,insulin decreases storage of glycogen,vasopressin stimulates water reabsorption in the kidney,epinephrine increases blood sugar levels and heart rate,B,True,0.1749366950351825,0.6547828577737085,0.1285221375078067,0.0417583096833024
Which of the following statements best describes what a Barr body is and its significance?,It is an inactivated Y chromosome and results in a man being sterile.,"It is an inactivated Y chromosome, and the person who has it appears female.",It is an inactivated X chromosome and results in females with half their cells having one X inactivated and the other half of their cells having the other X inactivated.,It is an inactivated X chromosome and results in females who are sterile.,C,True,0.02695487254863506,0.026131839644414467,0.9369784804985074,0.009934807308442975
A heterotroph,"obtains its energy from sunlight, harnessed by pigments",obtains its energy by oxidizing organic molecules,makes organic molecules from CO2,obtains its energy by consuming exclusively autotrophs,B,True,0.0014743778602474345,0.9825403525038429,0.01480883424520312,0.0011764353907064943
Which of the following reactions occurs in the forward direction during glycolysis but in the reverse direction during fermentation?,pyruvate → lactate,pyruvate → ethanol,NAD+ + H+ + 2e- → NADH,ADP + P → ATP,C,True,0.15218006809378337,0.12300620216462554,0.5217560900301543,0.20305763971143673
"A researcher grows a population of ferns in her laboratory. She notices, after a few generations, a new variant that has a distinct phenotype. When she tries to breed the original phenotype with the new one, no offspring are produced. When she breeds the new variants, however, offspring that look like the new variant result. What originally caused the change in the variant?",Karyotyping,Balance polymorphism,Mutation,Polyploidy,C,True,0.009468616277807148,0.009357305546972589,0.9731336818180271,0.008040396357193096
Which of the following statements most accurately explains what EcoR1 is?,It is a bacterium that lives in the human large intestine.,"It is the best-studied bacteriophage, a virus that attacks E. coli.",It is a restriction enzyme extracted from E. coli.,It is a type of DNA used extensively in research.,C,True,0.0043662730377687885,0.0103195173799728,0.98030391158683,0.005010297995428571
Which of the following pairs of structures is least likely to represent homology?,The wings of a bat and the arms of a human,The hemoglobin of a baboon and that of a gorilla,The mitochondria of a plant and those of an animal,The wings of a bird and those of an insect,D,False,0.023189432332057735,0.05455895019034302,0.884924522420843,0.03732709505675617
The development of an egg without fertilization is known as,meiosis,parthenogenesis,embryogenesis,vegetative propagation,B,True,0.0011419780306346637,0.9938787083575314,0.00295840973840367,0.0020209038734300445
"In minks, the gene for brown fur (B) is dominant over the gene for silver fur (b). Which set of genotypes represents a cross that could produce offspring with silver fur from parents that both have brown fur?",BB BB,BB Bb,Bb Bb,Bb bb,C,True,0.0496433345279749,0.13904108045304261,0.7271016815211407,0.08421390349784175
"Male satin bowerbirds adorn structures that they build, called ""bowers,"" with parrot feathers, flowers, and other bizarre ornaments in order to attract females. Females inspect the bowers and, if suitably impressed, allow males to mate with them. The evolution of this male behavior is due to",frequency-dependent selection.,artificial selection.,sexual selection.,natural selection.,C,True,0.006847443651187728,0.0052068173355683724,0.9717072889128063,0.016238450100437403
Which of the following best explains why a population is described as the evolutionary unit?,Genetic changes can only occur at the population level.,The gene pool in a population remains fixed over time.,"Natural selection affects individuals, not populations.","Individuals cannot evolve, but populations can.",D,False,0.6151037041807107,0.00943486205616202,0.005622835973662568,0.3698385977894648
"If, on average, 46% of the loci in a species' gene pool are heterozygous, then the average homozygosity of the species should be",23%,46%,54%,92%,C,False,0.28988227107900155,0.3967234659904822,0.24687446751682207,0.0665197954136941
Which of these is a statement that Darwin would have rejected?,Environmental change plays a role in evolution.,The smallest entity that can evolve is an individual organism.,Individuals can acquire new characteristics as they respond to new environments or situations.,Inherited variation in a population is a necessary precondition for natural selection to operate.,B,True,0.01322858269364883,0.9499112509406467,0.022056650009750142,0.01480351635595429
Which of the following contributes the MOST to genetic variability in a population?,Sporulation,Binary fission,Vegetative propagation,Mutation,D,True,0.006227774860245115,0.0018175941003821408,0.0016793464564486763,0.9902752845829241
Which of the following statements most detracts from the claim that the human appendix is a completely vestigial organ?,The appendix can be surgically removed with no immediate ill effects.,The appendix might have been larger in fossil hominids.,The appendix has a substantial amount of defensive lymphatic tissue.,Individuals with a larger-than-average appendix leave fewer offspring than those with a below-average-sized appendix.,C,True,0.2779386097370883,0.029887456012691296,0.6823769112795779,0.009797022970642548
"According to the heterotroph hypothesis, which event had to occur before oxygen filled the atmosphere?",Heterotrophs had to remove carbon dioxide from the air.,"Autotrophs, which make their own food, had to evolve.",Heterotrophs had to evolve.,Autotrophs had to convert atmospheric nitrogen to nitrate.,B,True,0.06137101450792618,0.774042287625081,0.15277014129614805,0.011816556570844546
Two related species evolve in a way that makes them less similar.,Divergent evolution,Convergent evolution,Parallel evolution,Coevolution,A,True,0.933542162216994,0.02625046826907554,0.03121437193513271,0.008992997578797573
Which of the following statements best summarizes evolution as it is viewed today?,It is goal-directed.,It represents the result of selection for acquired characteristics.,It is synonymous with the process of gene flow.,It is the differential survival and reproduction of the most-fit phenotypes.,D,True,0.005626595664018833,0.001967669763531739,0.0020300470730229172,0.9903756874994264
Mosquitoes resistant to the pesticide DDT first appeared in India in 1959 within 15 years of widespread spraying of the insecticide. Which of the following statement best explains how the resistant mosquitoes arose?,Some mosquitoes experienced a mutation after being exposed to DDT that made them resistant to the insecticide. Then their population expanded because these moquitoes had no competition.,Some mosquitoes were already resistant to DDT when DDT was first sprayed. Then their population expanded because all the susceptible mosquitoes had been exterminated.,DDT is generally a very effective insecticide. One can only conclude that it was manufactured improperly.,"Although DDT is effective against a wide range of insects, it is not effective against mosquitoes.",B,False,0.6016643959374561,0.3606853270646818,0.003367835684833778,0.03428244131302835
DNA sequences in many human genes are very similar to the sequences of corresponding genes in chimpanzees. The most likely explanation for this result is that,humans and chimpanzees share a relatively recent common ancestor.,humans evolved from chimpanzees.,chimpanzees evolved from humans.,convergent evolution led to the DNA similarities.,A,True,0.9856401277697183,0.006336053162370233,0.0033619472506879657,0.00466187181722359
Yeast cells carry out both aerobic and anaerobic respiration. A yeast cell that is fed on glucose is moved from an aerobic to an anaerobic environment. Which of the following statements is correct and gives the correct reason for it?,The cell dies because it cannot make ATP.,The cell would need to consume glucose at a much greater rate because aerobic respiration is much more efficient as compared with anaerobic respiration.,The cell would need to consume another food source other than glucose because it will not be able to make adequate ATP with only glucose.,The cell will begin to divide rapidly because larger cells require more oxygen and glucose than smaller ones.,B,False,0.45720576494164367,0.22796703634658338,0.3021553354925674,0.012671863219205444
A researcher conducts a survey of a biome and finds 35 percent more species than she has found in any other biome. Which biome is she most likely to be in?,Tundra,Tiaga,Tropical rainforest,Temperate deciduous forest,C,True,0.046024956273979345,0.014690162867222481,0.9296450652852057,0.009639815573592317
Which statement about variation is true?,All phenotypic variation is the result of genotypic variation.,All genetic variation produces phenotypic variation.,All nucleotide variability results in neutral variation.,All new alleles are the result of nucleotide variability.,D,False,0.4931982835888075,0.23520815572661372,0.10330507370472476,0.16828848697985388
Which of the following best explains why people can digest starch but cannot digest cellulose even though both molecules are composed of glucose monomers?,The bonds linking the monomers of starch differ in shape from the bonds linking the monomers of cellulose.,Molecules of starch are much smaller than molecules of cellulose.,"Starch is an intracellular molecule, while cellulose is an extracellular molecule.","Starch is hydrated by water, but cellulose is not.",A,True,0.7990192573978935,0.04137743141759459,0.04050783439879382,0.11909547678571802
"In humans, fertilization normally occurs in the",ovary,fallopian tube,uterus,placenta,B,True,0.0018622574533544971,0.9927545720146042,0.004743673029688427,0.0006394975023530712
Which of the following is a biotic factor that could affect the growth rate of a population?,Volcanic eruption,Glacier melting,Destruction of the ozone layer,Sudden reduction in the animal food resource,C,False,0.00286489089547546,0.003844643064553363,0.0030541134911511313,0.9902363525488199
"As a young biologist, Charles Darwin had expected the living plants of temperate South America would resemble those of temperate Europe, but he was surprised to find that they more closely resembled the plants of tropical South America. The biological explanation for this observation is most properly associated with the field of",meteorology.,embryology.,vertebrate anatomy.,biogeography.,D,True,0.001967322845004084,0.005830297082415913,0.002718885236005654,0.9894834948365744
"It has been observed that organisms on islands are different from, but closely related to, similar forms found on the nearest continent. This is taken as evidence that",0,common environments are inhabited by the same organisms.,the islands were originally part of the continent.,the island forms and mainland forms are converging.,A,False,0.043182307951412896,0.04553437217616704,0.896138672311772,0.015144647560648103
The Krebs cycle in humans occurs in the,mitochondrial matrix,inner mitochondrial membrane,outer mitochondrial membrane,intermembrane space,A,True,0.9912386211579678,0.004319869137696808,0.0015570419099368215,0.0028844677943985946
"Ichthyosaurs were aquatic dinosaurs. Fossils show us that they had dorsal fins and tails, as do fish, even though their closest relatives were terrestrial reptiles that had neither dorsal fins nor aquatic tails. The dorsal fins and tails of ichthyosaurs and fish are",homologous.,examples of convergent evolution.,adaptations to a common environment.,B and C only,D,True,0.17148347989400156,0.20201606719706655,0.04652972402957376,0.5799707288793582
During which phase of the cell cycle does the quantity of DNA in a eukaryotic cell typically double?,G_1,G_2,M,S,D,True,0.0033229723683355044,0.006035400855065163,0.0157941603570716,0.9748474664195276
"Two trees of the same species growing close together will use the same resources, such as light, water, and nutrients. If any of these resources becomes limiting, then each tree will receive less of it than if the trees were growing farther apart. This scenario is an example of which of the following?",Parasitism,Commensalism,Natural selection,Intraspecific competition,D,True,0.005088563525211771,0.0069732275146226225,0.0043171289035418385,0.9836210800566239
Short sequence by promoter that assists transcription by interacting with regulatory proteins.,Enhancer,Repressor,Operator,Promoter,C,False,0.09722769524333617,0.012283857491560945,0.01237376618631749,0.8781146810787854
"Catastrophism, meaning the regular occurrence of geological or meteorological disturbances (catastrophes), was Cuvier's attempt to explain the existence of",evolution.,the fossil record.,uniformitarianism.,the origin of new species.,B,True,0.008969830275331284,0.7401236778951722,0.01841125117283952,0.232495240656657
Hydrangea flowers have one gene for flower color. Plants of the same genetic variety have flowers that range in color from blue to pink with the color varying due to the type of soil in which they are grown. Which of the following statement best explains this phenomenon?,The alleles for flower color show incomplete dominance where neither trait is dominant; expression of the genes shows a blending of traits.,The alleles for flower color are codominant; both traits show depending on the environment.,"In this case, the environment alters the expression of a trait.",The genes for flower color show polygenic inheritance.,C,True,0.15243273747480457,0.008228836511035054,0.8342120886862805,0.005126337327879939
"When imbalances occur in the sex ratio of sexual species that have two sexes (i.e., other than a 50:50 ratio), the members of the minority sex often receive a greater proportion of care and resources from parents than do the offspring of the majority sex. This is most clearly an example of",sexual selection.,disruptive selection.,balancing selection.,frequency-dependent selection.,D,False,0.7698357942279322,0.015029718401933057,0.06277522993348969,0.15235925743664505
"Although mutations occur at a regular and predictable rate, which of the following statements is the LEAST likely reason the frequency of mutation appears to be low?",Some mutations produce alleles that are recessive and may not be expressed.,Some undesirable phenotypic traits may be prevented from reproducing.,Some mutations cause such drastic phenotypic changes that they are removed from the gene pool.,The predictable rate of mutation results in ongoing variability in a gene pool.,D,True,0.077269188062586,0.0481630136144675,0.10558061391766244,0.7689871844052841
Crossover would most likely occur in which situation?,Two genes (1 and 2) are located right next to each other on chromosome A.,"Gene 1 is located on chromosome A, and gene 2 is on chromosome B.",Genes 1 and 2 are located near each other on the X chromosome.,Gene 1 is located on chromosome A; gene 2 is located far away but on the same chromosome.,D,True,0.13908489065038254,0.2083539405503192,0.09657641601869561,0.5559847527806027
Which aspects of cell structure best reveals the unity of all life?,All cells are surrounded by a plasma membrane.,All cells have at least one nucleus.,All cells carry out cellular respiration in mitochondria.,The surface-to-volume ratio of all cells is the same.,A,True,0.8670748080193791,0.08469336783969342,0.014327990429748532,0.03390383371117913
This biome contains plants whose roots cannot go deep due to the presence of a permafrost.,Desert,Tundra,Taiga,Deciduous forests,C,False,0.0013763306963475162,0.9947794659032674,0.003520205407405551,0.00032399799297974034
This biome contains trees that drop their leaves during the winter months.,Desert,Tundra,Taiga,Deciduous forests,D,True,0.026525494585306446,0.008097336094240187,0.010213535295089025,0.9551636340253643
A change in a neuron membrane potential from +50 millivolts to -70 millivolts is considered,depolarization,repolarization,hyperpolarization,an action potential,B,False,0.04840180882739501,0.3483634688699913,0.5892837907292392,0.01395093157337445
All of the following play a role in morphogenesis EXCEPT,apoptosis,homeotic genes,operons,inductive effects,C,True,0.0040147535658248325,0.005126541022479164,0.9883656339548134,0.0024930714568825955
"Most animal cells, regardless of species, are relatively small and about the same size. Relative to larger cells, why is this?",Smaller cells avoid excessive osmosis and subsequent lysis.,Smaller cells have a smaller surface-to-volume ratio.,Smaller cells have a larger surface-to-volume ratio.,Smaller cells fit together more tightly.,C,False,0.0924576456871135,0.7220830248824582,0.17461781216671898,0.01084151726370941
Which of the following is (are) required when performing a polymerase chain reaction (P C R) on a DNA sample?,Reverse transcriptase,A vacuum chamber,Primers complementary to certain portions of the DNA,DNA ligase,C,True,0.013541824968807905,0.00252488380012963,0.9829405113975945,0.0009927798334678334
"Each of the following has a better chance of influencing gene frequencies in small populations than in large populations, but which one most consistently requires a small population as a precondition for its occurrence?",Mutation,Non-random mating,Genetic drift,Natural selection,C,True,0.004639989672781419,0.00741683888810053,0.9677573501707146,0.020185821268403382
"No two people are genetically identical, except for identical twins. The chief cause of genetic variation among human individuals is",new mutations that occurred in the preceding generation.,the reshuffling of alleles in sexual reproduction.,genetic drift due to the small size of the population.,geographic variation within the population.,B,True,0.005555405187182157,0.9836289773579615,0.005816570119166163,0.004999047335690036
"Two genes (B and E) determine coat color in Labrador retrievers. Alleles B and b code for how much melanin is present. The dominant allele B codes for black fur, the recessive allele b codes for brown hair. A second gene consisting of two alleles, E and e, codes for the deposition of pigment in the hair. In this case, the alleles for pigment deposition (E or e) are said to be epistatic to the gene that codes for black or brown pigment. If the dominant allele (E) is not present, regardless of the genotype at the black/brown locus, the animal's fur will be yellow.",BBEe will be brown.,BbEe will be brown.,Bbee will be brown.,BBee will be yellow.,D,False,0.23744841512539758,0.30909095935082037,0.29992942602902334,0.15353119949475866
Which of the following statements is NOT correct about ancient Earth?,Earth was formed about 4? billion years ago.,Amino acid synthesis could have been stimulated by volcanic eruption.,"The first cells formed about 3? billion years ago, according to the fossil record.",The presence of free oxygen facilitated the rapid formation of organic molecules.,D,True,0.060515181868178336,0.07466501732357261,0.340873408922189,0.5239463918860602
"In modern terminology, diversity is understood to be a result of genetic variation. Sources of variation for evolution include all of the following except",mistakes in translation of structural genes.,mistakes in DNA replication.,translocations and mistakes in meiosis.,recombination at fertilization.,A,False,0.04230915441736742,0.03163881466834167,0.07315820435381495,0.8528938265604759
"DDT was once considered a ""silver bullet"" that would permanently eradicate insect pests. Today, instead, DDT is largely useless against many insects. Which of these would have been required for this pest eradication effort to be successful in the long run?",Larger doses of DDT should have been applied.,All habitats should have received applications of DDT at about the same time.,The frequency of DDT application should have been higher.,None of the individual insects should have possessed genomes that made them resistant to DDT.,D,True,0.011018156623170378,0.03786562900317385,0.017260323256988664,0.9338558911166671
"Within a few weeks of treatment with the drug 3TC, a patient's HIV population consists entirely of 3TC-resistant viruses. How can this result best be explained?",HIV can change its surface proteins and resist vaccines.,The patient must have become reinfected with 3TC-resistant viruses.,HIV began making drug-resistant versions of reverse transcriptase in response to the drug.,"A few drug-resistant viruses were present at the start of treatment, and natural selection increased their frequency.",D,True,0.012902484290133541,0.006214126533776323,0.028731551475268402,0.9521518377008218
"The higher the proportion of loci that are ""fixed"" in a population, the lower is that population's",nucleotide variability.,genetic polyploidy.,average heterozygosity.,A and C only,D,True,0.345404606598618,0.03485240004230597,0.13710293617216293,0.4826400571869131
The resting membrane potential depends on which of the following? I. Active transport II. Selective permeability III. Differential distribution of ions across the axonal membrane,III only,I and II only,II and III only,"I, II, and III",D,True,0.10466408820838946,0.09479285734733105,0.14448755250165504,0.6560555019426245
Which of the following statements about the light-dependent reactions of photosynthesis is correct?,They provide the carbon that becomes incorporated into sugar.,"They produce PGA, which is converted to glucose by carbon fixation in the light-independent reactions.","Water is split apart, providing hydrogen ions and electrons to NADP for temporary storage.",They occur in the stroma of chloroplasts.,C,True,0.013428305296700442,0.011299960325421514,0.9629055063028217,0.012366228075056265
"When we say that an individual organism has a greater fitness than another individual, we specifically mean that the organism",lives longer than others of its species.,competes for resources more successfully than others of its species.,mates more frequently than others of its species.,leaves more viable offspring than others of its species.,D,True,0.0012791766938045936,0.005143326057128677,0.005455632509737899,0.9881218647393287
Most Swiss starlings produce four to five eggs in each clutch. Those producing fewer or more than this have reduced fitness. Which of the following terms best describes this?,artificial selection,directional selection,stabilizing selection,disruptive selection,C,True,0.001626686820444638,0.008900810328484608,0.9841190147994184,0.005353488051652392
Members of two different species possess a similar-looking structure that they use in a similar fashion to perform the same function. Which information would best help distinguish between an explanation based on homology versus one based on convergent evolution?,The two species live at great distance from each other.,"The two species share many proteins in common, and the nucleotide sequences that code for these proteins are almost identical.",The sizes of the structures in adult members of both species are similar in size.,Both species are well adapted to their particular environments.,B,True,0.15779798127436215,0.6450156469842289,0.0596307282213192,0.1375556435200898
"When driving from east to west in the U.S. from a forest ecosystem to grasslands, trees gradually give way to grasses. Which of the following is the critical factor responsible for this shift?",Amount of sunlight,Availability of oxygen,Availability of water,Length of growing season,C,True,0.27608622184633214,0.013320195136935468,0.5237956958752484,0.18679788714148393
"Within a cell, the amount of protein synthesized using a given mRNA molecule depends in part on which of the following?",DNA methylation suppresses the expression of genes.,"Transcription factors mediate the binding of RNA polymerase and the initiation of transcription, which will determine how much protein is manufactured.",The speed with which mRNA is degraded will determine how much protein is synthesized.,The location and number of ribosomes in a cell will solely determine how much protein is synthesized.,C,False,0.03464931934588129,0.8954467195542279,0.05621554846678189,0.01368841263310886
All of the following are modes of asexual reproduction EXCEPT,sporulation,fission,budding,meiosis,D,True,0.000473175673764185,0.0005105400172339015,0.0006302320108908886,0.998386052298111
"A rooster with gray feathers and a hen with the same phenotype produce 17 gray, 7 black, and 8 white chicks. What is the simplest explanation for the inheritance of these colors in chickens?",The trait for gray is epistatic over the trait for black.,The trait for gray is epistatic over the trait for white.,The traits for black and white color demonstrate incomplete dominance.,The traits for black and white color demonstrate codominance.,C,False,0.34438536758932325,0.3264240114829406,0.28927841121286146,0.03991220971487486
Which of the following statements about cellular respiration is correct?,Most CO2 produced during cellular respiration is released from glycolysis.,Protons are pumped through ATP synthase by active transport.,The final electron acceptor of the electron transport chain is NAD+.,ATP is formed because an endergonic reaction is coupled with an exergonic reaction.,D,False,0.20457250337225583,0.09194163305168461,0.36289486069997723,0.3405910028760823
Which of the following principles is NOT part of Darwin's theory of evolution by natural selection?,Evolution is a gradual process that occurs over a long period of time.,Every population has tremendous variation.,Mutations are the main source of all variation in a population.,"Organisms will overpopulate area, giving rise to competition.",C,True,0.027562786440778742,0.01749377223947989,0.916557217306891,0.03838622401285035
"In Darwin's thinking, the more closely related two different organisms are, the",more similar their habitats are.,less similar their DNA sequences are.,more recently they shared a common ancestor.,less likely they are to have the same genes in common.,C,True,0.005225573541710861,0.005538417779364431,0.9845327455029107,0.004703263176013957
Which of the following is most likely to increase the rate of diffusion of an uncharged solute across the plasma membrane of a cell?,Decreasing the number of different solutes in the solution that bathes the cells,Increasing the concentration gradient of the solute across the membrane,Increasing the ratio of phospholipids to proteins in the membrane,Decreasing the membrane potential across the membrane,B,True,0.07075282577907266,0.8676596036627606,0.01742847697273355,0.044159093585433205
"In a certain pond, there are long-finned fish and short-finned fish. A horrific summer thunderstorm leads to the death of a disproportionate number of long-finned fish to the point where the relative frequency of the two forms has drastically shifted. This is an example of",gene flow.,natural selection.,genetic drift.,stabilizing selection.,C,True,0.02406405176599819,0.23612447417938434,0.7250084927653924,0.014802981289225164
A form of species interaction in which one of the species benefits while the other is unaffected is called,parasitism.,mutualism.,commensalism.,symbiosis.,C,True,0.01808641140465323,0.040074835961229224,0.8786037109077963,0.06323504172632137
Chemical substances released by organisms that elicit a physiological or behavioral response in other members of the same species are known as,auxins,hormones,pheromones,enzymes,C,True,0.0003296795421530673,0.018201724080351797,0.9807499315398995,0.0007186648375956318
"In reference to a segment of DNA, which of the following molecules contains the fewest number of nucleotides?",a single strand of the original DNA segment,a single strand of the original DNA segment after a point mutation,the primary RNA transcript (before splicing) from the original DNA,a single strand of complementary DNA (cDNA) made from the original DNA,D,True,0.28515416055340076,0.22788913216350318,0.15115391892052235,0.33580278836257377
All viruses contain at least these two principal components:,DNA and proteins,nucleic acid and a capsid,DNA and cell membrane,RNA and cell wall,B,True,0.08675592375246191,0.9014262956367894,0.004820172432627202,0.006997608178121565
Imagine an organism whose 2n = 96. Meiosis would leave this organism’s cells with how many chromosomes?,192,96,48,24,C,True,0.051440087812685185,0.16391557144740945,0.5680375280319805,0.21660681270792503
Which of the following represents an idea that Darwin learned from the writings of Thomas Malthus?,All species are fixed in the form in which they are created.,Populations tend to increase at a faster rate than their food supply normally allows.,Earth changed over the years through a series of catastrophic upheavals.,The environment is responsible for natural selection.,B,True,0.0009685255245390375,0.9968082642009536,0.00054169647600833,0.0016815137984993002
Which of the following would most likely describe the fate of a vesicle formed as a result of phagocytosis?,The vesicle merges with a mitochondrion.,The vesicle merges with a lysosome.,"The vesicle is shuttled to the nucleus, and its contents become part of the nucleolus.",The vesicle releases its contents to the cytoplasm to be digested.,B,True,0.008195116580738593,0.8529373839440505,0.006907342235307823,0.13196015723990315
"A population undergoes a shift in which those who are really tall and those who are really short decrease in relative frequency compared to those of medium size, due to a change in the availability of resources. This is an example of",directional selection.,stabilizing selection.,disruptive selection.,sympatric speciation.,B,True,0.023079220801404635,0.9653027862887932,0.010978477665051707,0.0006395152447503812
Which of the following theories is based on the notion that mitochondria and chloroplasts evolved from prokaryotic cells?,Fluid mosaic model,Endosymbiotic model,Taxonomic model,Respiration feedback model,B,True,0.00024758748196987976,0.9988090440475004,0.0005506971285429866,0.00039267134198673774
The nucleotide sequence of a DNA molecule is 5′-C-A-T-3′. A mRNA molecule with a complementary codon is transcribed from the DNA in the process of protein synthesis a tRNA pairs with a mRNA codon. What is the nucleotide sequence of the tRNA anticodon?,5′-G-T-A-3′,5′-G-U-A-3′,5′-C-A-U-3′,5-′U-A-C-3′,C,False,0.18562022534985242,0.348787546377738,0.2602664690656195,0.20532575920679
"During drought years on the Galapagos, small, easily eaten seeds become rare, leaving mostly large, hard-cased seeds that only birds with large beaks can eat. If a drought persists for several years, what should one expect to result from natural selection?",Small birds gaining larger beaks by exercising their mouth parts.,Small birds mutating their beak genes with the result that later-generation offspring have larger beaks.,"Small birds anticipating the long drought and eating more to gain weight and, consequently, growing larger beaks.",More small-beaked birds dying than larger-beaked birds. The offspring produced in subsequent generations have a higher percentage of birds with large beaks.,D,True,0.015696836863703215,0.04131431369137705,0.00934897693321331,0.9336398725117063
Which of the following is NOT a characteristic of asexual reproduction in animals?,Daughter cells have the same number of chromosomes as the parent cell.,Daughter cells are identical to the parent cell.,The parent cell produces diploid cells.,The daughter cells fuse to form a zygote.,D,True,0.016008510600720012,0.022108631400196702,0.040288799140852316,0.921594058858231
"A biologist studied a population of squirrels for 15 years. During that time, the population was never fewer than 30 squirrels and never more than 45. Her data showed that over half of the squirrels born did not survive to reproduce, because of competition for food and predation. In a single generation, 90% of the squirrels that were born lived to reproduce, and the population increased to 80. Which inference(s) about this population might be true?",The amount of available food may have increased.,The number of predators may have decreased.,"The squirrels of subsequent generations should show greater levels of genetic variation than previous generations, because squirrels that would not have survived in the past will now survive.","A, B, and C",D,True,0.08019205894811812,0.04581650486161212,0.024469983284696017,0.8495214529055737
"Which group is composed entirely of individuals who maintained that species are fixed (i.e., unchanging)?","Aristotle, Cuvier, and Lamarck","Linnaeus, Cuvier, and Lamarck","Lyell, Linnaeus, and Lamarck","Aristotle, Linnaeus, and Cuvier",D,False,0.43153407389344606,0.10051159998303165,0.06916861667903781,0.39878570944448444
"Except for identical twins, no two people are genetically identical. Which of the following statements most accurately describes the main source of variation in humans?",The main source of variation in humans is genetic drift.,Changes in the environment cause rapid changes in different human populations.,Shuffling of alleles is responsible for the greatest variation in humans.,Mutations are responsible for the greatest changes in different human populations.,C,True,0.023189920330405938,0.041315990976673336,0.6353287908435908,0.30016529784932977
"An eager AP Biology student interested in studying osmosis and the movement of water in solutions took a dialysis bag containing a 0.5 M solution and placed it into a beaker containing a 0.6 M solution. If this bag were instead placed into a beaker of distilled water, what would be the expected result?","There will be a net flow of water out of the bag, causing it to decrease in size.","There will be a net flow of water into the bag, causing it to swell in size.",The bag will remain the exact same size because no water will move at all.,The solute will flow out of the dialysis bag into the beaker.,B,True,0.19167145871005842,0.7768715596300765,0.015812653181085927,0.015644328478779262
Crossing-over during meiosis permits scientists to determine,the chance for variation in zygotes,the rate of mutations,the distance between genes on a chromosome,which traits are dominant or recessive,C,True,0.001517610820348725,0.0005687220626842912,0.9941538813852916,0.0037597857316753803
"An organism exposed to wild temperature fluctuations shows very little, if any, change in its metabolic rate. This organism is most probably a",ectotherm.,endotherm.,thermophyle.,ascospore.,B,False,0.735743471208738,0.2522705804504374,0.009227823775565629,0.002758124565259091
What was the prevailing notion prior to the time of Lyell and Darwin?,"Earth is a few thousand years old, and populations are unchanging.","Earth is a few thousand years old, and populations gradually change.","Earth is millions of years old, and populations rapidly change.","Earth is millions of years old, and populations are unchanging.",A,True,0.49249673673764965,0.18455141277271198,0.15997020588524755,0.16298164460439077
"On Andros Islands in the Bahamas, populations of mosquito fish, Gambusia hubbsi, colonized a series of ponds. These ponds are no longer connected. However, the environments are very similar except that some ponds contain predatory fish, while others do not. In high predation ponds, selection has favored the evolution of a body shape that enables rapid bursts of speed. In low predation ponds, another body type is favored—one that is well-suited to swim for long periods of time.",Reproductive isolation caused geographic isolation.,Reproductive isolation was not complete.,Allopatric isolation brought about reproductive isolation.,Sympatric isolation brought about reproductive isolation.,C,True,0.21516107994234532,0.3222018964431947,0.4126648682974819,0.049972155316978135
Which of the following statement is supported by the information given in the pedigree?,The P generation mother is X-X.,The P generation father is X-Y.,"If parents 1 and 2 in row II have another child, the chance that the child would be afflicted with alkaptonuria is 25%.",The genotype of woman 1 is X-X.,C,True,0.17724567607928915,0.2374769510701625,0.45530898238307144,0.12996839046747694
"A proficient engineer can easily design skeletal structures that are more functional than those currently found in the forelimbs of such diverse mammals as horses, whales, and bats. That the actual forelimbs of these mammals do not seem to be optimally arranged is because","natural selection has not had sufficient time to create the optimal design in each case, but will do so given enough time.",natural selection operates in ways that are beyond the capability of the human mind to comprehend.,"in many cases, phenotype is not merely determined by genotype, but by the environment as well.",natural selection is generally limited to modifying structures that were present in previous generations and in previous species.,D,False,0.07615543867193324,0.02532654100139597,0.8712951974641628,0.027222822862507885
Which of the following pieces of evidence most strongly supports the common origin of all life on Earth?,All organisms require energy.,All organisms use essentially the same genetic code.,All organisms reproduce.,All organisms show heritable variation.,B,True,0.004603728274358396,0.9771456254767829,0.015766789060901863,0.0024838571879570465
Organisms in which of the following phyla have a true coelom?,Platyhelminthes,Porifera,Annelida,Nematoda,B,False,0.03746118135309899,0.0075382641215374115,0.9359366690403638,0.019063885484999855
"A certain autosomal recessive trait is expressed in 1% of a population. Assuming that the population is in Hardy-Weinberg equilibrium, what percent of the population are carriers but do not express the trait?",10%,18%,27%,50%,B,False,0.13126586723844305,0.2870535510590621,0.4006440420526444,0.1810365396498504
Which of the following properties is responsible for holding together the water molecules in a vertical column of water in xylem vessels of a plant?,the strong adhesion property of water,the strong cohesion of property of water,the high heat capacity of water,the strong cohesion property of cellulose in the xylem cell wall,B,True,0.16950357129161475,0.8078885825792934,0.018269614977978667,0.004338231151113079
Which of the following statements is NOT correct about apoptosis?,"Apoptosis, a special type of cell division, requires multiple cell signaling.",The fact that apoptosis is widespread across several kingdoms is evidence that it evolved early in the evolution of eukaryotes.,Apoptosis plays a crucial role in the development of fingers in embryonic development.,Apoptosis prevents an aging and dying cell from damaging neighboring cells.,A,True,0.6060759015813669,0.2642930772147425,0.08962223326882426,0.040008787935066306
All of the following organs in the digestive system secrete digestive enzymes EXCEPT the,mouth,stomach,gall bladder,small intestine,C,True,0.009113139036933348,0.0049948691840879635,0.9806085088685013,0.005283482910477363
All of the following are stimulated by the sympathetic nervous system EXCEPT,dilation of the pupil of the eye,constriction of blood vessels,increased secretion of the sweat glands,increased peristalsis in the gastrointestinal tract,D,False,0.057600646147854415,0.6682216069711712,0.09554882615609615,0.1786289207248781
"In the inherited disorder called Pompe disease, glycogen breakdown in the cytosol occurs normally and blood glucose levels are normal, yet glycogen accumulates in lysosomes. This suggests a malfunction with",enzymes in the lysosomes,enzymes in the mitochondria,membrane transport during exocytosis,membrane transport during endocytosis,A,True,0.5181588817700826,0.019935608145600303,0.24897836043232802,0.212927149651989
A trend toward the decrease in the size of plants on the slopes of mountains as altitudes increase is an example of,a cline.,a bottleneck.,relative fitness.,genetic drift.,A,True,0.9611894937213162,0.005526697424786733,0.013723187582859479,0.01956062127103775
Which of the following is an example of a cline?,The hybrid tomato plant is stronger and produces better fruit than the pure genotype.,There are two distinct varieties in one population of snail that inhabits an island in the Pacific Ocean.,Males of some species have long antlers to fight other males for females.,"In one species of rabbit, the ones that evolved in the cold, snowy north are white, while the ones that evolved in the south are brown.",D,True,0.0021610362760420988,0.006168090225023702,0.01112808801676365,0.9805427854821704
"A healthy man and woman are worried about having children because they are both carriers of sickle-cell disease. If the couple have a biological child, what is the chance that the child will inherit sickle-cell disease?",100%,75%,50%,25%,D,False,0.06959130315254405,0.19561489496476586,0.5827074590034106,0.15208634287927947
"Females with Turner's syndrome have a high incidence of hemophilia, a recessive, X-linked trait. Based on this information, it can be inferred that females with this condition",have an extra X chromosome,have an extra Y chromosome,lack an X chromosome,have red blood cells that clump,C,True,0.39772909122546213,0.08243312002480059,0.4853015732460228,0.034536215503714524
Which of the following is the direct energy source that allows ATP synthase to produce ATP in mitochondria?,NADH diffusing from the mitochondrial intermembrane space to the matrix,The reduction of NAD+ during the conversion of pyruvate to acetyl-CoA,H+ ions flowing down a gradient across the mitochondrial inner membrane,The energy of electrons passing along the electron transport chain,C,True,0.0043807108868078055,0.0011755851388408059,0.9786876603453888,0.015756043628962577
Which of the following cells is most closely associated with phagocytosis?,Neutrophils,Plasma cells,B cells,Memory cells,A,True,0.9972364403639448,0.0011665354547733368,0.0009036864791581123,0.0006933377021236839
Lampreys attach to the skin of lake trout and absorb nutrients from its body. This relationship is an example of,commensalism,parasitism,mutualism,gravitropism,B,True,0.13189867910731998,0.8559387290127554,0.011556607430753759,0.0006059844491709067
Which of the following is correct about organisms that are the first to colonize a habitat undergoing ecological succession?,They are the fiercest competitors in the area.,They maintain the habitat as it is for their own kind.,They change the habitat in a way that makes it more habitable for other organisms.,They are small invertebrates.,C,True,0.0044649847108244566,0.0056415248367516,0.9848250508977029,0.005068439554721068
"Unlike large populations, small populations are vulnerable to various processes that draw populations down an extinction vortex toward smaller and smaller populations until no individuals survive. Which of the following statements correctly identifies the factors that endanger a population?",Inbreeding and loss of genetic variation threaten a population.,Migration of new individuals into the population threatens a population.,Mutation reduces the health of a population.,Breeding with individuals from a different population may cause the extinction of the first population due to a decrease in diversity.,A,True,0.9558426974613873,0.008108395384249333,0.00488545533552755,0.031163451818835987
Fossil evidence indicates that horses have gradually increased in size over geologic time. Which of the following terms best describes this?,artificial selection,directional selection,stabilizing selection,disruptive selection,B,True,0.005731492928655473,0.9271210715450241,0.059945213862800203,0.0072022216635200835
Which describes an African butterfly species that exists in two strikingly different color patterns?,artificial selection,directional selection,stabilizing selection,disruptive selection,D,True,0.008585105287146092,0.029519195845539907,0.012264309262574689,0.9496313896047393
"Regarding meiosis and mitosis, one difference between the two forms of cellular reproduction is that in meiosis","there is one round of cell division, whereas in mitosis there are two rounds of cell division","separation of sister chromatids occurs during the second division, whereas in mitosis separation of sister chromatids occurs during the first division","chromosomes are replicated during interphase, whereas in mitosis chromosomes are replicated during prophase","spindle fibers form during prophase, whereas in mitosis the spindle fibers form during metaphase",B,False,0.7135009440849199,0.23246929692958807,0.026456512838945394,0.027573246146546684
Which of the following about meiosis is NOT true?,Meiosis produces two haploid gametes.,Homologous chromosomes join during synapsis.,Sister chromatids separate during meiosis I.,Crossing-over increases genetic variation in gametes.,C,True,0.119408447924403,0.05051040484489718,0.7877622109711039,0.04231893625959594
Oligomycin is an antibiotic that blocks proton channels in the cristae of mitochondria by binding to ATP synthase. Which of the following would be the first expected response after the application of oligomycin to cells?,Water production would increase.,H+ would increase inside the intermembrane space (the compartment between inner and outer membranes).,H+ would increase in the matrix (inside mitochondrial inner membrane).,H+ would increase outside mitochondria.,B,True,0.061875799360191275,0.5729557793102145,0.3149578876089494,0.05021053372064491
"If neutral variation is truly ""neutral,"" then it should have no effect on",nucleotide diversity.,average heterozygosity.,our ability to measure the rate of evolution.,relative fitness.,D,True,0.045287599462814715,0.06097751882988196,0.0433066348244418,0.8504282468828614
Which of the following characteristics would allow you to distinguish a prokaryotic cell from an animal cell?,Ribosomes,Cell membrane,Chloroplasts,Cell wall,D,True,0.3868229982604481,0.04139047242021169,0.017459831846295223,0.554326697473045
"This process leads to the net production of two pyruvate, two ATP, and two NADH.",Glycolysis,Chemiosmosis,Fermentation,Calvin cycle,A,True,0.975806287493724,0.005872669031978092,0.01408608204361571,0.004234961430682037
"When oxygen becomes unavailable, this process regenerates NAD+, allowing respiration to continue.",Glycolysis,Chemiosmosis,Fermentation,Calvin cycle,C,True,0.0033343284349517804,0.0029355974418351434,0.9923284589170878,0.0014016152061251527
"Before the human genome was sequenced by the Human Genome Project, scientists expected that they would find about 100,000 genes. In fact, they discovered that humans have only about 24,000 genes. How can we exhibit so many different traits from so few genes?",Modification of histone proteins usually increases the function of genes.,Epigenetics enables one gene to produce many different traits.,This is proof that pseudogenes and introns are expressed.,A single gene can produce more than one trait because of alternative splicing,D,True,0.010023977509922581,0.034262349668105055,0.009948398405750675,0.9457652744162218
Which of the following must exist in a population before natural selection can act upon that population?,Genetic variation among individuals,Variation among individuals caused by environmental factors,Sexual reproduction,B and C only,A,True,0.8244323766112805,0.015225086593783127,0.00822049561613836,0.15212204117879802
You observe a species that gives birth to only one offspring at a time and has a relatively long life-span for its body size. Which of the following is probably also true of this organism?,It lives in a newly colonized habitat.,It is an aquatic organism.,It requires relatively high parental care of offspring.,The age at which the offspring themselves can give birth is relatively young.,C,True,0.007222415273962207,0.005258755082692124,0.9807228084490801,0.00679602119426568
A piece of potato is dropped into a beaker of pure water. Which of the following describes the initial condition when the potato enters the water?,The water potential of the pure water is negative.,The water potential of the pure water is positive.,The water potential of the potato is positive.,The water potential of the potato is negative.,D,True,0.19963484859382893,0.09962108518113909,0.12033592908689839,0.5804081371381336
"In most ecosystems, net primary productivity is important because it represents the",energy available to producers,total solar energy converted to chemical energy by producers,biomass of all producers,energy available to heterotrophs,D,True,0.42234809544569973,0.09405168247498077,0.04015003630961916,0.44345018576970036
"During a study session about evolution, one of your fellow students remarks, ""The giraffe stretched its neck while reaching for higher leaves; its offspring inherited longer necks as a result."" Which statement is most likely to be helpful in correcting this student's misconception?",Characteristics acquired during an organism's life are generally not passed on through genes.,Spontaneous mutations can result in the appearance of new traits.,Only favorable adaptations have survival value.,Disuse of an organ may lead to its eventual disappearance.,A,True,0.9578118445804131,0.008761697119408808,0.011056645183424536,0.022369813116753342
Incomplete dominance and epistasis are two terms that define genetic relationships. Which of the following statements best describes the differences or similarities between the two terms?,Both terms describe inheritance controlled by the interaction of multiple alleles at different loci.,Both terms describe inheritance controlled by the interaction of multiple genes at different loci.,Incomplete dominance describes the interaction of two genes at different loci; epistasis describes the interaction of two alleles.,Incomplete dominance describes the interaction of two alleles on one gene; epistasis describes the interaction of two genes and their respective alleles.,D,True,0.18100866012031944,0.2425302575727525,0.07215562726070367,0.5043054550462244
Which of the following statements about the DNA in one of your liver cells is correct?,Your liver cells contain the same DNA as your white blood cells.,Most of the DNA in your liver cells will be transcribed but not translated.,Most of the DNA in your liver cells will be transcribed in the nucleus and translated in the cytoplasm.,"DNA in your liver cells contains genes unique to storing glycogen, while other cells do not contain those genes.",A,False,0.19522404006654978,0.37089152057333835,0.411299752084131,0.022584687275980772
Energy is harvested during cellular respiration in stages. Which of the following correctly states which phase of cellular respiration harvests the most energy and the correct explanation why?,The most energy is released during the Krebs cycle because it is here that pyruvate is completely broken down into CO2.,"The most energy is released during the Krebs cycle because in addition to the production of ATP, both FADH2 and NADH are produced. Each of those molecules will release 2 ATPs and 3 ATPs, respectively.","The most energy is released during oxidative phosphorylation because in addition to the phosphorylation of ADP into ATP, all the potential energy held in NADH and FADH is transferred to ATP.",The most energy is released during oxidative phosphorylation because H2O is completely broken down into H+ and O2.,C,True,0.12194196911074992,0.09276165635179459,0.7618764843682505,0.023419890169204934
Which of the following best explains why drinking breast milk is beneficial to a human infant?,Breast milk contains vitamins that repair mutations originating in the sperm or egg.,Breast milk contains maternal antibodies that protect against gastrointestinal pathogens.,Breast milk contains maternal vaccines that destroy common childhood pathogens.,Breast milk contains red blood cells with adult hemoglobin that are beneficial to the infant's developing brain.,B,True,0.0009371576600526498,0.9968228651902169,0.0012596520720826272,0.0009803250776478521
"During oxidative phosphorylation, the energy needed to drive ATP synthesis comes from one source. Which of the following statements states the immediate source of that energy?",Electrons flow down an electron transport chain as they are attracted to oxygen.,The transfer of a phosphate group to ADP is exergonic.,The bonding of electrons to oxygen at the end of the chain releases energy.,The proton gradient across the membrane where the ATP synthase is embedded represents potential energy.,D,False,0.7152035032257943,0.026417106190938885,0.09473456819973881,0.16364482238352804
"Easily produced genetic variation is key to the rapid evolution of viral and microbial populations. Furthermore, pathogens that need to escape the immune system rely on this variation to generate new surface antigens that go unrecognized by the host’s immune system. Which of the following is an example of this antigenic variation?","HIV, which can remain integrated into the host genome for many years","The flu virus, which changes its envelope proteins","MRSA, which has become resistant to many antibiotics","Multiple sclerosis, which attacks the cells of the nervous system",B,True,0.002657730771550944,0.9866589594985454,0.009934257776888727,0.0007490519530149871
"If a couple has had three sons and the woman is pregnant with their fourth child, what is the probability that child 4 will also be male?",1/2,1/4,1/8,1/16,A,True,0.5330000007870394,0.20200784345700765,0.1318769282128219,0.13311522754313107
Which of the following is an incorrect statement about gel electrophoresis?,DNA migrates from positive charge to negative charge.,Smaller DNA travels faster.,The DNA migrates only when the current is running.,"The longer the current is running, the farther the DNA will travel.",A,False,0.0726249920545552,0.04624821671808909,0.4042993648943736,0.476827426332982
Which of the following observations helped Darwin shape his concept of descent with modification?,Species diversity declines farther from the equator.,Fewer species live on islands than on the nearest continents.,Birds can be found on islands located farther from the mainland than the birds' maximum nonstop flight distance.,South American temperate plants are more similar to the tropical plants of South America than to the temperate plants of Europe.,D,False,0.019984814206945246,0.12763918235160573,0.6350195180423385,0.21735648539911057
Which of the following statements about post-transcriptional modification are incorrect?,A poly-A tail is added to the 3′ end of the mRNA.,A guanine cap is added to the 5′ end of the mRNA.,Introns are removed from the mRNA.,Posttranscriptional modification occurs in the cytoplasm.,D,True,0.1453694911329793,0.0750284530758463,0.14598132695155844,0.6336207288396161
Photosynthesis requires,"glucose, light, CO2","light, CO2, water","water, soil, O2","O2, water, light",B,True,0.006842972763130167,0.9510691165927109,0.005357528948493987,0.03673038169566494
"The first simple cells evolved approximately 3.5 billion years ago, followed by the more complex eukaryotic cells 2.1 billion years ago. Which of the following statements is correct?","Eukaryotic organelles helped create separate environments for metabolic reactions, thus increasing their metabolic efficiency.",Prokaryotic and eukaryotic cells have no structural similarities.,The organelles in larger eukaryotic cells took care of the problems of having a larger surface area–to–volume ratio.,Eukaryotic cells are able to multiply faster based on their more complex structure.,A,True,0.9624672245739874,0.010755104006426975,0.024054164296670805,0.0027235071229147387
The sequence of amino acids in hemoglobin molecules of humans is more similar to the hemoglobin of chimpanzees than it is to the hemoglobin of dogs. This similarity suggests that,humans and dogs are more closely related than humans and chimpanzees,humans and chimpanzees are more closely related than humans and dogs,humans are related to chimpanzees but not to dogs,humans and chimpanzees are closely analogous,B,True,0.022783359092128228,0.9199666736554133,0.04672025072726257,0.010529716525196011
Basepair sequence that signals the start site for gene transcription.,Enhancer,Repressor,Operator,Promoter,D,True,0.0027918694506983963,0.0010744047910118883,0.0032660308015064485,0.9928676949567832
Those being hunted adopt a coloring scheme that allows them to blend in to the colors of the environment.,Aposomatic coloration,Batesian mimicry,Deceptive markings,Cryptic coloration,D,True,0.019802152996797124,0.01589109626432265,0.019751607274061188,0.944555143464819
"A baby duck runs for cover when a large object is tossed over its head. After this object is repeatedly passed overhead, the duck learns there is no danger and stops running for cover when the same object appears again. This is an example of",imprinting.,fixed-action pattern.,agonistic behavior.,habituation.,D,True,0.010828279895001083,0.010646178703710013,0.0031692799614979595,0.9753562614397909
Stretching out from the equator is a wide belt of tropical rain forests that are being cut down to provide exotic woods for export to the U.S. and to make land available to graze beef cattle. Which of the following statements is a negative consequence of clear-cutting the tropical rain forests?,Indigenous populations will have access to modern conveniences.,There will be less precipitation in those clear-cut areas.,U.S. markets will have access to less expensive beef.,Deforestation will allow more sunlight to penetrate areas that were kept dark by dense vegetation.,B,True,0.00533689428768767,0.7468262714276781,0.009165940454445454,0.23867089383018883
The theory of evolution is most accurately described as,an educated guess about how species originate.,"one possible explanation, among several scientific alternatives, about how species have come into existence.",an opinion that some scientists hold about how living things change over time.,"an overarching explanation, supported by much evidence, for how populations change over time.",D,True,0.002802715723356521,0.010742667709595071,0.0022730702446482768,0.9841815463224002
Which of the following statements explains how a point mutation can have no negative impact in the protein formed from a sequence in DNA?,"The first codon of a gene is always AUG, a leader sequence; a mutation in that sequence will have no effect on the protein produced.",Several codons code for the same amino acid.,DNA polymerase and DNA ligase carry out excision repair before transcription.,RNA processing will repair point mutations before mRNA leaves the nucleus.,B,True,0.027658112981555256,0.9273421227971695,0.013242010666193824,0.03175775355508154
Which of the following statements correctly characterizes an autoimmune disease?,T cells attack healthy body cells.,An aneurysm is a weakness in the wall of a blood vessel that causes it to balloon out. The vessel can rupture and cause a hemorrhage.,"Several factors cause hypertension: smoking, being overweight, lack of physical activity, and too much salt in the diet.","Alzheimer's disease is caused by the buildup of plaque within the brain, causing brain cells to die.",A,True,0.4513422208741744,0.18815173838526686,0.028830681684897535,0.3316753590556613
All of the following play an important role in regulating respiration in humans EXCEPT,an increase in the amount of CO2 in the blood,a decrease in the amount of O2 in the blood,a decrease in the plasma pH level,strenuous exercise,B,True,0.20696123199152794,0.44452842032997303,0.08023322377794721,0.26827712390055175
Water and minerals that reach the xylem in the center of a plant root must first,move through neighboring phloem vessels,cross open stomata in the root epidermis,cross the endodermis of the root cortex,pass through the pith of the root cap,C,True,0.014762845784846228,0.018418818829810363,0.954487468712931,0.012330866672412549
A lizard lacking a chemical defense mechanism that is colored in the same way as a lizard that has a defense mechanism is displaying,aposometric coloration.,cryptic coloration.,Batesian mimicry.,Müllerian mimicry.,C,True,0.15067993019285347,0.06390346719045115,0.7355051334412456,0.04991146917544995
"Logically, which of these should cast the most doubt on the relationships depicted by an evolutionary tree?",None of the organisms depicted by the tree ate the same foods.,Some of the organisms depicted by the tree had lived in different habitats.,"The skeletal remains of the organisms depicted by the tree were incomplete (i.e., some bones were missing).",Relationships between DNA sequences among the species did not match relationships between skeletal patterns.,D,True,0.023017355572633402,0.11402771370025645,0.35102850166137173,0.5119264290657385
Sexual dimorphism is most often a result of,pansexual selection.,stabilizing selection.,intrasexual selection.,intersexual selection.,D,True,0.012519764586435698,0.010285973412186063,0.041382242450301004,0.9358120195510773
Which of the following statements about meiosis is correct?,The daughter cells are genetically identical to the parent cells.,Homologues pair during prophase II.,DNA replication occurs before meiosis I and meiosis II.,The number of chromosomes is reduced.,D,True,0.0050860073454130125,0.005669508395462894,0.00896014053201514,0.9802843437271089
"Stomata allow gases, such as H2O and CO2, to exchange between the inside of a plant leaf and the surrounding environment. Which of the following occurs under normal daytime environmental conditions?",H2O diffuses out of the leaf faster than CO2 enters.,H2O diffuses out of the leaf slower than CO2 enters.,CO2 diffuses out of the leaf faster than H2O enters.,H2O exchanges with CO2 at equal rates.,A,True,0.3852171412013746,0.2919653259346725,0.22407372976160045,0.09874380310235244
Which of these makes determining the evolutionary relatedness of different species based on the amino acid sequence of homologous proteins generally less accurate than determinations of relatedness based on the nucleotide sequences of homologous genes?,Silent mutations,Gene duplications,Translocation events that change gene sequences,Crossing-over,A,False,0.318785409419266,0.4071460550465958,0.24285104665787471,0.03121748887626347
An animal that is harmless copies the appearance of an animal that is dangerous as a defense mechanism to make predators think twice about attacking.,Aposomatic coloration,Batesian mimicry,Deceptive markings,Cryptic coloration,B,True,0.30155561151272625,0.6732302854608326,0.014164004452746605,0.011050098573694508
The pH of two lakes is measured. Lake A has a pH of 8.0; Lake B has a pH of 6.0. Which of the following statements is correct about these lakes?,Lake B is alkaline.,Lake B is 100 times more alkaline than Lake A.,The hydrogen ion concentration of Lake B is 104 M.,The pH of both lakes will decrease in response to acid rain.,D,False,0.2544940272637649,0.14531393444805787,0.5031112241383852,0.0970808141497921
A plant grows in the opposite direction of the gravitational force. This is an example of,positive thignotropism,negative phototropism,positive phototropism,negative gravitropism,D,True,0.07004228615536669,0.05145087390190125,0.03799731303402806,0.840509526908704
Which of the following is known to be involved in the photoperiodic flowering response of angiosperms?,Auxin,Cytochrome,Phytochrome,Gibberellins,C,True,0.0005269050017804607,0.0008166742250703357,0.9973056609162962,0.0013507598568528963
"In plants, the tendency of climbing vines to twine their tendrils around a trellis is called",thigmotropism,hydrotropism,phototropism,geotropism,A,True,0.9789447376168269,0.002295849232814018,0.007330872287095294,0.011428540863263873
Which of the following is not an observation or inference on which natural selection is based?,There is heritable variation among individuals.,Poorly adapted individuals never produce offspring.,Species produce more offspring than the environment can support.,Individuals whose characteristics are best suited to the environment generally leave more offspring than those whose characteristics are less suited.,B,True,0.03620324580872423,0.9110842629942763,0.029309950856369966,0.023402540340629645
Microtubules are protein filaments assembled from tubulin protein subunits. The chemical colchicine prevents the assembly of microtubules by binding to tubulin protein subunits. Which of the following cellular processes would be most impaired by the application of colchicine?,the alignment and separation of chromosomes during mitosis,the coordination of ribosomes and mRNA during protein synthesis,the movement of substances across the plasma membrane,the accumulation of protons inside the thylakoids of chloroplasts during chemiosmosis,A,True,0.9855716397216799,0.0025148643739335837,0.005216514586952395,0.0066969813174340195
The principle inorganic compound found in living things is,carbon,oxygen,water,glucose,C,True,0.0011641751369441523,0.00039417519911435876,0.9976771369326962,0.0007645127312452485
Which of the following statements is an inference of natural selection?,Subsequent generations of a population should have greater proportions of individuals that possess traits better suited for success.,An individual organism undergoes evolution over the course of its lifetime.,Habitats do not generally have unlimited resources.,Natural populations tend to reproduce to their full biological potential.,A,True,0.966880832391813,0.0009221891233859455,0.03020285470345283,0.001994123781348388
"Recently, seasonal dead zones in low-oxygen waters have been occurring annually in the Gulf of Mexico near the mouth of the Mississippi River. The dead zones result from the rapid growth of photosynthetic phytoplankton (algal blooms) and their subsequent decay by oxygen-depleting microbes in the water column. Which of the following factors most likely triggers the algal blooms and the associated dead zones?",A decrease in the light level in surface waters as day length starts to shorten after the summer solstice,Increased predation by marine larvae and other zooplankton during the summer months,A summer influx of nutrients derived from chemical fertilizers that are high in nitrogen and phosphorus,Decreased competition from other marine phytoplankton during the summer months,C,True,0.003132149457430959,0.002409447568351827,0.9885774889479368,0.005880914026280351
Which of the following best summarizes the process of allopatric speciation?,differential changes in allele frequencies → reproductive isolation → reproductive barriers → new species,catastrophic event → reproductive isolation → reproductive barriers → new species,reproductive isolation → differential changes in allele frequencies → reproductive barriers → new species,geographic isolation → reproductive isolation → differential changes in allele frequencies → reproductive barriers → new species,D,True,0.2346852544856457,0.03545846720948354,0.05441220981512909,0.6754440684897417
"In a hypothetical population's gene pool, an autosomal gene, which had previously been fixed, undergoes a mutation that introduces a new allele, one inherited according to incomplete dominance. Natural selection then causes stabilizing selection at this locus. Consequently, what should happen over the course of many generations?",The proportions of both types of homozygote should decrease.,The proportion of the population that is heterozygous at this locus should remain constant.,The population's average heterozygosity should increase.,Both A and C,D,True,0.1590323907902077,0.3224298190272247,0.03981284891040859,0.478724941272159
Which of the following is the correct characteristic of arteries?,They are thin-walled blood vessels.,They contain valves that prevent backflow.,They always carry oxygenated blood.,They carry blood away from the heart.,D,True,0.001843335584186926,0.003701205390988814,0.006499627372452293,0.987955831652372
Which of the following statements about trypsin is NOT true?,It is an organic compound made of proteins.,It is a catalyst that alters the rate of a reaction.,It is operative over a wide pH range.,The rate of catalysis is affected by the concentration of substrate.,C,True,0.3841175848503988,0.03397597836584968,0.47897847367374574,0.10292796311000564
Transcription-affecting DNA region that may be located thousands of basepairs away from the promoter.,Enhancer,Repressor,Operator,Promoter,A,True,0.9942731446139491,0.0009369803788873189,0.001885119968576555,0.0029047550385870612
Which of the following are traits that are affected by more than one gene?,Heterozygous traits,Pleiotropic traits,Polygenic traits,Blended alleles,C,True,0.0038029559561566263,0.18139024273031928,0.8137615179106861,0.0010452834028380873
A student conducts an experiment to test the efficiency of a certain enzyme. Which of the following protocols would probably not result in a change in the enzyme’s efficiency?,Bringing the temperature of the experimental setup from 20°C to 50°C,Adding an acidic solution to the setup,Adding substrate but not enzyme,Placing the substrate and enzyme in a container with double the capacity,D,True,0.043277813084692314,0.03668690589502279,0.28748152686635997,0.6325537541539249
"Kangaroo rats are better able to concentrate urine than humans are. It would be expected that, compared to the nephrons of human kidneys, the nephrons of kangaroo-rat kidneys would have","thicker walls, which are impermeable to water",shorter loops of Henle,longer loops of Henle,shorter collecting ducts,C,True,0.0632556409617285,0.19543925378161242,0.6881390938523745,0.05316601140428456
"The geneticist Mary Lyon hypothesized the existence of structures visible just under the nuclear membrane in mammals, which were later named Barr bodies. Which of the following statement is NOT correct about Barr bodies?","In the early female embryo, one copy of the X chromosome becomes inactivated in every body cell.",The same chromosome in every cell of a normal female is inactivated.,A male with the XXY genotype will have one Barr body.,Barr bodies consist of highly methylated DNA.,B,False,0.2000334701852934,0.16714441571320962,0.5980616447314164,0.034760469370080586
An animal cell that is permeable to water but not salts has an internal NaCl concentration of 10%. If placed in freshwater the cell will,plasmolyze,swell and eventually lyse,endocytose water into a large central vacuole,shrivel,B,True,0.05817725727981798,0.8550602463140458,0.021905135564192213,0.06485736084194395
Chemiosmosis occurs in I.Mitochondria II. Nuclei III. Chloroplasts,I only,II only,III only,I and III,D,True,0.2574443556883467,0.1718197053509337,0.07646941082246189,0.49426652813825783
All of the following are examples of events that can prevent interspecific breeding EXCEPT,the potential mates experience geographic isolation,the potential mates experience behavioral isolation,the potential mates have different courtship rituals,the potential mates have similar breeding seasons,D,True,0.025232072030446556,0.02613625902587105,0.08229996520847149,0.8663317037352108
The relatives of a group of pelicans from the same species that separated from each other because of an unsuccessful migration are reunited 150 years later and find that they are unable to produce offspring. This is an example of,allopatric speciation.,sympatric speciation.,genetic drift.,gene flow.,A,True,0.9426488142565833,0.0441753929720799,0.0071758033028832815,0.005999989468453679
"If two modern organisms are distantly related in an evolutionary sense, then one should expect that",they live in very different habitats.,they should share fewer homologous structures than two more closely related organisms.,their chromosomes should be very similar.,they shared a common ancestor relatively recently.,B,True,0.1364543827907425,0.7902304855430957,0.011818766703883491,0.0614963649622783
"When water evaporates from the surface of a pond, what happens to the remaining liquid water?",The surface water cools.,The surface water warms.,The surface water temperature remains unchanged.,The pH of the remaining water decreases.,A,True,0.8259206130706488,0.06064660814826177,0.10683799362522062,0.006594785155868838
Members of which of the following groups are most likely to be surrounded by a protein coat?,Viruses,Bacteria,Eukaryotes,Archaea,A,True,0.9904862947186657,0.0034621173414883816,0.00317980333427686,0.0028717846055691617
Villi and microvilli are present in the small intestine and aid in reabsorption by,increasing the surface area of the small intestine,decreasing the surface area of the small intestine,making the small intestine more hydrophilic,making the small intestine more hydrophobic,A,True,0.9949443186591854,0.0029490621779996885,0.0010905298881646803,0.0010160892746501058
The transfer of DNA between two bacterial cells connected by sex pili is known as,specialized transduction.,conjugation.,transformation.,generalized transduction.,B,True,0.0014692520672104758,0.9933749905954884,0.004323667383542266,0.0008320899537585981
"More than a dozen species of Darwin's finches with various specialized adaptations inhabit the Galápagos Islands. Each species possesses a specialized adaptation for obtaining food. Why is it that similar adaptations do not exist among the finches of the South American mainland, the presumed origin of the Galápagos finch ancestor?",The various foods available on the mainland are different than those on the Galápagos Islands.,South American predators limited evolution of the mainland finch.,Reproductive isolation is not possible on the mainland.,The available niches that the Darwin's finches exploited on the Galápagos Islands were already occupied by other species of birds on the mainland.,D,False,0.7171252801036083,0.11619987904708726,0.04690156311216347,0.11977327773714111
Which of the events described below agrees with the idea of catastrophism?,The gradual uplift of the Himalayas by the collision of the Australian crustal plate with the Eurasian crustal plate,The formation of the Grand Canyon by the Colorado River over millions of years,The gradual deposition of sediments many kilometers thick on the floors of seas and oceans,"The sudden demise of the dinosaurs, and various other groups, by the impact of a large extraterrestrial body with Earth",D,True,0.002673902449068058,0.0037740662334960692,0.008605933409800036,0.9849460979076359
Which of the following statements correctly describes what happens to the preRNA during RNA processing?,Introns are removed in the nucleus. A 5′ cap and the poly-A tail are added after the preRNA leaves the nucleus.,Introns are removed and both a 5′ cap and a poly-A tail are added before the preRNA leaves the nucleus.,"Exons are removed and a 5′ cap is added before the preRNA leaves the nucleus. After leaving the nucleus, the poly-A tail is added.","Point mutations are repaired, exons are removed, and both a 5′ cap and a poly-A tail are added before the preRNA leaves the nucleus.",B,True,0.275687540826279,0.4225961462318888,0.2925613610253439,0.009154951916488388
A small population of birds is blown to an isolated island by a hurricane and establishes a colony. The gene pool of the newly established population of birds is likely to reflect the effects of which of the following?,Directed mutation,Genetic drift,Adaptive radiation,Disruptive selection,B,True,0.0023546531598660284,0.9793250221266497,0.009884441333487124,0.008435883379996886
"Nymphaea odorata, a water lily, is an aquatic plant whose leaves and flowers float on the surface of the water. Which of the following characteristics would be expected for leaves of this plant?",stomata on the top surface and relatively few water-conducting (xylem) cells,stomata on the top surface and relatively many water-conducting (xylem) cells,stomata on the bottom surface and relatively few water-conducting (xylem) cells,stomata on the bottom surface and relatively many water-conducting (xylem) cells,A,False,0.25252893702416845,0.23578815279113424,0.2907399555827332,0.22094295460196411
Which of the following statements is not correct about lipids?,Lipids consist of fatty acids and glycerol.,Steroids are examples of lipids.,The molecules of a saturated fatty acid are packed so close together that they form a solid at room temperature.,"The head of a phospholipid is hydrophobic, and the tails are hydrophilic.",D,False,0.2429830586950189,0.18836896581605142,0.358656649803237,0.20999132568569262
Heterozygote advantage should be most closely linked to which of the following?,sexual selection,stabilizing selection,random selection,directional selection,B,False,0.835234591089021,0.07062588093498452,0.01113796299558289,0.08300156498041159
"African lungfish often live in small, stagnant, freshwater pools. With reduced gills, they differ from other fish in that they breathe air. They also differ in that they release the nitrogen waste urea instead of ammonia. Which of the following statements correctly explains how this is an advantage for lungfish?",Urea is insoluble in water and sinks to the bottom of the small pools. Thus the poisonous substance is isolated from the fish.,"Ammonia, which is highly toxic, would endanger lungfish that inhabit the small pools.",Other fish in the small pools can use urea as an energy source.,The highly toxic urea makes the pool uninhabitable to competitors.,B,False,0.6285378835273974,0.31020307148191667,0.02750826080056457,0.03375078419012138
Which of the following statements about the immune system is NOT correct?,"Innate immunity, also known as the adaptive immune response, relies on circulating phagocytes engulfing foreign substances.",Adaptive immunity is a slower response than innate immunity.,Innate immunity activates a humoral response.,Dendritic cells are antigen presenting cells.,A,True,0.49877322037933575,0.44852211283880816,0.04056944610374235,0.012135220678113817
Which of the following is most correct concerning cell differentiation in vertebrates?,"Cells in different tissues contain different sets of genes, leading to structural and functional differences.",Differences in the timing and expression levels of different genes leads to structural and functional differences.,Differences in the reading frame of mRNA leads to structural and functional differences.,Differences between tissues result from spontaneous morphogenesis.,B,False,0.9836127339168201,0.01212406422460808,0.0019051041071219952,0.0023580977514497344
"All of the following support the endosymbiotic theory that ancestors of mitochondria and chloroplasts were once independent, free-living prokaryotes EXCEPT:",Mitochondria and chloroplasts divide independently of the eukaryotic host cell by a process similar to binary fission.,Mitochondria and chloroplasts have ribosomes that more closely resemble those of bacteria than of eukaryotic cells.,Mitochondria and chloroplasts function independently from the eukaryotic host cell.,"Mitochondria, chloroplasts, and bacteria have a single, circular chromosome without histones or proteins.",C,True,0.23863422911338816,0.06087444458614941,0.6173724308973556,0.08311889540310684
"The frequency of a particular allele in a population of 1,000 birds in Hardy-Weinberg equilibrium is 0.3. If the population remains in equilibrium, what would be the expected frequency of that allele after 500 years?",It will increase if the allele is favorable or will decrease if it is unfavorable for individuals in that population.,Not enough information is provided to determine if the frequency of the allele will remain the same or change.,The frequency of the allele will remain at 0.3 because the population is at Hardy-Weinberg equilibrium.,The frequency of the allele will remain the same; this is an example of the bottleneck effect.,C,False,0.41524162809558546,0.46687761043833603,0.10183272205290929,0.01604803941316912
Which of the following best accounts for the ability of legumes to grow well in nitrogen-poor soils?,These plants make their own proteins.,These plants have a mutualistic relationship with nitrogen-fixing bacteria.,These plants are capable of directly converting nitrogen gas into nitrates.,These plants do not require nitrogen to make plant proteins.,B,True,0.0037242588075018755,0.9911854134753338,0.0030166608901695175,0.0020736668269946694
"To ensure that hatchling sea turtles orient to the sea rather than inland, which of the following is the most environmentally sound practice around sea turtle nest sites?",Digging troughs in the sand from the nests to the sea,Minimizing artificial lighting in the area,Scattering preferred turtle foods between the nests and the sea,Building low fences on the sand dunes,B,True,0.004030684658963944,0.9854993017713507,0.002415500596817641,0.008054512972867748
"In general, animal cells differ from plant cells in that animal cells have",a cell wall made of cellulose,lysosomes,large vacuoles that store water,centrioles within centrosomes,D,True,0.008512670339141312,0.1401155839661129,0.017370036502993028,0.8340017091917528
Which of the following disorders will most likely result from X chromosome aneuploidy in women?,Cystic fibrosis,Hemophilia,Turner syndrome,Tay-Sachs disease,C,True,0.004928349844303096,0.008252124768174501,0.975530477809198,0.011289047578324444
Which statement about the beak size of finches on the island of Daphne Major during prolonged drought is true?,"Each bird evolved a deeper, stronger beak as the drought persisted.","Each bird developed a deeper, stronger beak as the drought persisted.",Each bird's survival was strongly influenced by the depth and strength of its beak as the drought persisted.,"Each bird that survived the drought produced only offspring with deeper, stronger beaks than seen in the previous generation.",C,True,0.09132694345710364,0.11828191120020658,0.7645296614589996,0.025861483883690195
"The normal pH of the cytosol is about 7.2. Most enzymes in the lysosome, however, are only active at a pH of 5. This suggests that",only acidic substances can undergo enzymatic processing in lysosomes,most enzymes in the lysosome are incapable of catalyzing substrates inside the lysosome,enzymes in the lysosome are released to the cytosol,protons are actively pumped into the lysosome,D,True,0.025057154824237548,0.013227664189725898,0.009604543891032272,0.9521106370950043
A feature of amino acids NOT found in carbohydrates is the presence of,carbon atoms,oxygen atoms,nitrogen atoms,hydrogen atoms,C,True,0.013580005811749398,0.015798641417383328,0.9395327292183207,0.031088623552546494
"A researcher grows a population of ferns in her laboratory. She notices, after a few generations, a new variant that has a distinct phenotype. When she tries to breed the original phenotype with the new one, no offspring are produced. When she breeds the new variants, however, offspring that look like the new variant result. What kind of speciation does this example illustrate?",Allopatric,Sympatric,Isolated,Polyploidy,B,False,0.5233805033188246,0.4526527156461669,0.02176781492624105,0.0021989661087675264
Natural selection is based on all of the following except,genetic variation exists within populations.,the best-adapted individuals tend to leave the most offspring.,individuals who survive longer tend to leave more offspring than those who die young.,"individuals adapt to their environments and, thereby, evolve.",D,True,0.015467930310037781,0.009104181088762195,0.2848175410215582,0.6906103475796418
"In chick embryos, the extraembryonic membrane that provides nourishment to the fetus is the",amnion,chorion,placenta,egg yolk,D,False,0.040336407371740046,0.4562511246375233,0.48881332584491355,0.014599142145823103
A certain species of land snail exists as either a cream color or a solid brown color. Intermediate individuals are relatively rare. Which of the following terms best describes this?,artificial selection,directional selection,stabilizing selection,disruptive selection,D,False,0.009424775584987471,0.06406897404173818,0.787634045276824,0.13887220509645043
"Once a plasmid has incorporated specific genes, such as the gene coding for the antibiotic ampicillin, into its genome, the plasmid may be cloned by",inserting it into a virus to generate multiple copies,treating it with a restriction enzyme in order to cut the molecule into small pieces,inserting it into a suitable bacterium in order to produce multiple copies,running it on a gel electrophoresis in order to determine the size of the gene of interest,C,True,0.015288370827125124,0.06315773722917746,0.9095413284161585,0.012012563527538754
Which of the following pairs of scientists pioneered the ecological discipline known as island biogeography?,Robert MacArthur and E. O. Wilson,James Watson and Francis Crick,Matthias Schleiden and Theodor Schwann,Alfred Hershey and Martha Chase,A,True,0.99783366165961,0.0005690608935938287,0.0009792234376875871,0.0006180540091085083
The acrosome and cortical reactions that occur immediately after fertilization ensure which of the following?,The sperm will fertilize the ovum.,The zygote will begin to divide normally.,One and only one sperm will fertilize the egg.,"The zygote will not divide into two embryos, producing twins.",C,True,0.3194331860073275,0.052736564129712664,0.5669715530440546,0.06085869681890526
snRNPs are most closely associated with which of the following?,Cell division,Apoptosis,Replication of DNA,RNA processing,D,True,0.0039586191240758625,0.0036315903250578366,0.0062292918488221286,0.9861804987020442
Transpiration is a result of special properties of water. The special properties of water include all of the following EXCEPT,cohesion,adhesion,capillary action,hydrophobicity,D,True,0.001919640031199391,0.001616972032799255,0.005722814241789563,0.9907405736942118
Which of the following statements best explains why Mendel's principle of segregation was deemed a law?,Mendel's work with pea plants and his conclusions have been described in many sources.,The patterns of trait inheritance observed in pea plants were repeatedly demonstrated in other eukaryotes.,Chromosomes were found to contain the genetic information for traits.,The discovery of the structure of D N A supported Mendel's observations and laws.,B,True,0.13748918522976672,0.7226735950840545,0.048236744330517375,0.09160047535566115
Protein that prevents the binding of RNA polymerase to the promoter site.,Enhancer,Repressor,Operator,Promoter,B,True,0.047292429660942506,0.46549131223111023,0.41908865021575137,0.0681276078921961
Which of these is the smallest unit that natural selection can change?,a species' gene frequency,a population's gene frequency,an individual's genome,an individual's genotype,B,True,0.3069170566503799,0.3175772314158344,0.15254416143496108,0.22296155049882468
Which of these is the smallest unit upon which natural selection directly acts?,a species' gene frequency,a population's gene frequency,an individual's genome,an individual's phenotype,D,True,0.1256143146857914,0.37870245514296547,0.057078106422935614,0.4386051237483075
A chemical agent is found to denature all enzymes in the synaptic cleft. What effect will this agent have on acetylcholine?,Acetylcholine will not be released from the presynaptic membrane.,Acetylcholine will not bind to receptor proteins on the postsynaptic membrane.,Acetylcholine will not diffuse across the cleft to the postsynaptic membrane.,Acetylcholine will not be degraded in the synaptic cleft.,D,False,0.12194330821766147,0.5238940399265528,0.2784503731112089,0.07571227874457678
"The reaction A + B → C is catalyzed by enzyme K. If the reaction is in equilibrium, which of the following would allow more product C to be produced?",removing some of reactant A,removing some of reactant C,adding more enzyme K,increasing the temperature of the system,B,False,0.476662317569206,0.1011928812058623,0.25200398744067826,0.17014081378425344
A new plant was discovered and determined to have an unusually low number of stomata on the undersides of its leaves. For what environment would this plant most likely be best adapted?,Cold and rainy,Humid and sunny,Hot and humid,Hot and dry,D,True,0.030904025324756983,0.026731331579513067,0.027063513213697966,0.915301129882032
Which of the following adaptive features would least likely be found in an animal living in a hot arid environment?,Long loops of Henle to maximize water reabsorption,Storage of water in fatty tissues,Large ears to aid in heat dispersion,Short loops of Henle to maximize water secretion,D,False,0.07440970122096822,0.6965632331417587,0.051154845858077926,0.1778722197791952
"Certain populations of finches have long been isolated on the Galapagos Islands off the western coast of South America. Compared with the larger stock population of mainland finches, these separate populations exhibit far greater variation over a wider range of species. The variation among these numerous finch species is the result of",convergent evolution,divergent evolution,disruptive selection,stabilizing selection,B,True,0.0479718001603151,0.6241652403730246,0.300530648845312,0.027332310621348384
Memory loss would most likely be due to a malfunction of which part of the brain?,Medulla,Cerebellum,Cerebrum,Pons,C,True,0.00853064528446752,0.038095280667517696,0.9448463082233151,0.008527765824699643
The major difference between cartilage and bone is that cartilage,is a part of the skeletal system,is composed of collagen and salts,lacks blood vessels and nerves,secretes a matrix,C,True,0.055835858526760276,0.073429435872941,0.6861384221422844,0.18459628345801427
Viral transduction is the process by which viruses carry bacterial DNA from one bacterial cell to another. In what way does this process play a role in bacterial evolution?,By making the bacterial cell more resistant to predators,By directly creating new species of bacteria,By increasing genetic variation of the bacteria,By selecting for viruses better able to infect bacteria,C,True,0.0024749652556534498,0.002399436115329438,0.9895875862623528,0.005538012366664256
Cattle breeders have improved the quality of meat over the years by which process?,artificial selection,directional selection,stabilizing selection,A and B,D,False,0.5633308060358275,0.019799821705990903,0.007137927248761531,0.40973144500942
"The fluidity of the plasma membrane can vary in response to temperature changes. For bacteria and yeast cells, which of the following would be a viable strategy to maintain homeostasis of the plasma membrane in a temperature-varying environment?",Increase the concentration of solutes in the cytosol.,Change the ratio of phospholipids with double covalent bonds in their tails to those without double covalent bonds in their tails.,Replace phospholipids with glucose molecules.,Exchange phospholipids from one side of the plasma membrane to the other.,B,True,0.040819909929809994,0.9183959914617422,0.007292073606124154,0.03349202500232358
"You are told that in a population of guinea pigs, 4 percent are black (recessive) and 96 percent are brown. Which of the following is the frequency of the heterozygous condition?",16 percent,32 percent,40 percent,48 percent,B,False,0.15497990419857025,0.2569962152625994,0.3074680742201186,0.28055580631871174
"Of the following anatomical structures, which is homologous to the wing of a bird?",Dorsal fin of a shark,Hindlimb of a kangaroo,Wing of a butterfly,Flipper of a cetacean,D,False,0.0525454096756638,0.7217277440323298,0.08261792295779417,0.1431089233342123
Darwin's mechanism of natural selection required long time spans in order to modify species. From whom did Darwin get the concept of Earth's ancient age?,Georges Cuvier,Charles Lyell,Alfred Wallace,Thomas Malthus,B,True,0.021068146031976983,0.9583085976247586,0.003928792917610344,0.016694463425654015
"A researcher is experimenting with nerve transmission using neurons from a giant squid. At the beginning of the experiment, the axon is at rest and has a threshold measured at –70 mV at 37oC. The axon receives one stimulus that triggers one action potential in the axon. Subsequent stimuli are much stronger. Which of the following statements explains what happens when several strong stimuli are experienced by the axon?",The axon becomes hyperpolarized to –90 mV.,The axon becomes hyperpolarized to –50 mV.,The strength of the action potential becomes greater.,The frequency of the action potential increases.,D,True,0.09677121827119955,0.14953439274240377,0.06768230812116312,0.6860120808652336
Refer to question 15 for details on the squirrel population. Which of the following conditions is required to keep this population in Hardy-Weinberg equilibrium?,Random mating,Genetic drift,Mutation,Gene flow,A,True,0.8031482628155681,0.04866508891877927,0.017667125796678725,0.13051952246897408
The structure of ATP synthase in the plasma membranes of bacteria is nearly identical to that in the mitochondria and chloroplasts of eukaryotic cells. This similarity best supports which of the following hypotheses?,Eukaryotic and prokaryotic cells share a common ancestor.,"Mitochondria are derived from ancient aerobic bacteria, and chloroplasts are derived from ancient photosynthetic bacteria.","The similarity of ATP synthase in bacteria, mitochondria, and chloroplasts is an example of convergent evolution.",Mitochondria and chloroplasts escaped from eukaryotic cells and formed aerobic and photosynthetic prokaryotes.,B,False,0.9791414133099022,0.015454998674044705,0.0031382298213474447,0.002265358194705501
"A researcher grows a population of ferns in her laboratory. She notices, after a few generations, a new variant that has a distinct phenotype. When she tries to breed the original phenotype with the new one, no offspring are produced. When she breeds the new variants, however, offspring that look like the new variant result. Which of the following is likely to exhibit the process described earlier?",Fallow deer,Fruit flies,Grass,Spotted toads,C,False,0.29964468652056037,0.40456875383834956,0.2552206319651499,0.04056592767594021
The average birth weight for human babies is about 3 kg. Which of the following terms best describes this?,artificial selection,directional selection,stabilizing selection,disruptive selection,C,True,0.003718354753147712,0.00943010281726461,0.9844116389040842,0.0024399035255034092
Some strains of viruses can change normal mammalian cells into cancer cells in vitro. This transformation of the mammalian cell is usually associated with the,formation of a pilus between the mammalian cell and the virus,incorporation of the viral genome into the mammalian cell's nuclear DNA,conversion of the host's genome into the viral DNA,release of spores into the mammalian cell,B,True,0.006650652005824457,0.9532626469589186,0.028812571313715157,0.011274129721541667
The Darwinian fitness of an individual is measured most directly by,the number of its offspring that survive to reproduce.,"the number of ""good genes"" it possesses.",the number of mates it attracts.,its physical strength.,A,True,0.9943374020372139,0.0015249795066846858,0.002419895292642743,0.0017177231634586667
Hemoglobin is a molecule that binds to both O2 and CO2. There is an allosteric relationship between the concentrations of O2 and CO2. Hemoglobin's affinity for O2,decreases as blood pH decreases,increases as H+ concentration increases,increases in exercising muscle tissue,decreases as CO2 concentration decreases,A,False,0.27113422602930976,0.2650869001330083,0.30176386189357396,0.16201501194410814
"A researcher grows a population of ferns in her laboratory. She notices, after a few generations, a new variant that has a distinct phenotype. When she tries to breed the original phenotype with the new one, no offspring are produced. When she breeds the new variants, however, offspring that look like the new variant result. Which of the following could possibly characterize the new variant?",Adaptive radiation,Divergent selection,Equilibrium,Polyploidy,D,True,0.0682469386261873,0.0902717240339976,0.046182501815638516,0.7952988355241765
"What is the best explanation for the fact that tuna, sharks, and dolphins all have a similar streamlined appearance?",They all share a recent common ancestor.,They all sustained the same set of mutations.,They acquire a streamlined body type to survive in their particular environment.,The streamlined body has a selective advantage in that environment.,D,False,0.7623818470470639,0.008556082741731233,0.12189607796658604,0.10716599224461883
"In a laboratory exercise, a student cuts disks of plant leaves and puts them in a beaker of water. To help submerge the leaves, a drop of soap is added to the water. How does the soap help submerge the leaf disks?",The soap molecules enter through the stomata of the leaf and bond to oxygen molecules.,The soap molecules bond to air bubbles on the surface of the leaf and remove them.,"The soap molecules decrease the pH of the water, allowing excess H+ to bond to the leaf surface.","The hydrophobic regions of the soap molecules attach to the waxy leaf surface, while the hydrophilic regions form hydrogen bonds with the water molecules.",D,True,0.008745025633106397,0.04478801761248806,0.00781755104288527,0.9386494057115202
Which describes brightly colored peacocks mating more frequently than drab peacocks?,artificial selection,directional selection,stabilizing selection,sexual selection,D,True,0.001889092838617295,0.0021130278825776186,0.0009208896496318392,0.9950769896291733
"In the mid-1900s, the Soviet geneticist Lysenko believed that his winter wheat plants, exposed to ever-colder temperatures, would eventually give rise to ever more cold-tolerant winter wheat. Lysenko's attempts in this regard were most in agreement with the ideas of",Cuvier.,Hutton.,Lamarck.,Darwin.,C,True,0.004084326304435448,0.0059784658926288195,0.9752789038829712,0.014658303919964576
Students are conducting a plant pigment separation exercise that requires them to use a closed chromatography chamber with a small amount of acetone in the bottom of the chamber. Safety warnings for acetone include the statement that it is an eye and skin irritant and has flammable vapors. Of the following‚ which safety precaution should the students take while conducting the exercise?,Putting on fire-retardant gloves to carry the chamber to a fume hood if the acetone catches fire,"Placing the chamber in a closed, darkened cabinet for the duration of the pigment separation",Wearing leather gloves and covering the nose and mouth with a particle mask,Wearing goggles and nitrile-type gloves and keeping all acetone containers closed,D,True,0.027867452668604766,0.03604391069977257,0.022342597023914116,0.9137460396077085
Charles Darwin was the first person to propose,that evolution occurs.,a mechanism for how evolution occurs.,that the Earth is older than a few thousand years.,a mechanism for evolution that was supported by evidence.,D,False,0.020595685203453708,0.6064575278854769,0.03355664806420774,0.3393901388468616
"Two individuals, one with type B blood and one with type AB blood, have a child. The probability that the child has type O blood is",0%,25%,50%,100%,A,False,0.21759285496862837,0.4189694387930426,0.30453800143478654,0.058899704803542424
"In cells, which of the following can catalyze reactions involving hydrogen peroxide, provide cellular energy, and make proteins, in that order?","Peroxisomes, mitochondria, and ribosomes","Peroxisomes, mitochondria, and lysosomes","Peroxisomes, mitochondria, and Golgi apparatus","Lysosomes, chloroplasts, and ribosomes",A,True,0.9379163922420698,0.0303429348404177,0.023589806740746934,0.008150866176765569
A reaction that includes energy as one of its reactants is called a(n),exergonic reaction.,hydrolysis reaction.,endergonic reaction.,redox reaction.,C,True,0.006535214605662607,0.001223413846689308,0.9871230140519347,0.0051183574957133285
"Many different fermentation pathways occur in different organisms in nature. For example, skeletal muscle cells convert pyruvate into lactic acid when no oxygen is present. Yeast cells can produce alcohol and carbon dioxide under the same circumstances. However, regardless of the specific reactions, the purpose of glycolysis is an important one. Which statement best describes the importance of glycolysis?",It produces large amounts of ATP by substrate level phosphorylation.,It reoxidizes NADH so that glycolysis can continue.,"It produces pyruvate, which is the raw material for oxidative phosphorylation.",It occurs in the cytoplasm.,B,True,0.08294563396242678,0.7447395207619505,0.010379122957608457,0.16193572231801426
Which of the following is not a form of interspecies interaction?,Commensalism,Succession,Mutualism,Parasitism,B,True,0.0025944008531582474,0.9843754752986832,0.008769222999029548,0.004260900849128996
"Apoptosis, which is programmed cell death, is a necessary process in living organisms. Which of the following is NOT correct about apoptosis?",It occurs randomly.,A particular cell dies when it is no longer needed by the organism.,A cell carries out apoptosis when too many mutations have accumulated.,Plant cells carry out apoptosis as a defense measure in cells that have been infected by parasites.,A,False,0.2401614856422021,0.022909277371631814,0.6806784993844572,0.056250737601708935
"Structures as different as human arms, bat wings, and dolphin flippers contain many of the same bones, these bones having developed from very similar embryonic tissues. How do biologists interpret these similarities?",By identifying the bones as being homologous,By the principle of convergent evolution,"By proposing that humans, bats, and dolphins share a common ancestor",A and C only,D,True,0.2984945696046664,0.03227802442717237,0.0881700680045831,0.5810573379635781
"Tay-Sachs is a disease caused by a recessive allele. Individuals with the genetic disorder usually do not survive more than a few years, and thus are not able to reproduce and pass on the gene. What would explain how this allele and its associated disease is preserved in the population?",Heterozygous individuals will show no symptoms.,Spontaneous mutation converts the dominant allele to the recessive form.,Occasionally the gene will instead increase the fitness of the individual.,Tay-Sachs is asymptomatic in people who are homozygous recessive.,A,True,0.8870328546123984,0.012116802937057601,0.051322803278905246,0.049527539171638685
"In the Tularosa Basin of New Mexico are black lava formations surrounded by light-colored sandy desert. Pocket mice inhabit both areas. Dark-colored ones inhabit the lava formations, while light-colored mice inhabit the desert. Which of the following statements is correct about this scenario?",The two varieties of mice descended from a recent common ancestor.,The mouse population was originally one population that diverged into two species because of mutations.,Selection favors some phenotypes over others.,"Originally the mice were all dark colored. As the lava decomposed into sand, the color of some mice changed because that color was favored in that environment.",C,True,0.02647563870714238,0.011447767308691136,0.9396752643422793,0.02240132964188721
Which of the following best explains why lignin is important to the evolutionary success of land plants?,"Lignin provides structural support, allowing plants to grow tall.","Lignin stimulates spore formation, leading to gametogenesis.","Lignin supplies the developing embryo with essential nutrients, enabling its growth.","Lignin supplements the absorption of light by chlorophyll, increasing photosynthetic output.",A,True,0.9962273827327845,0.0012669512051035562,0.001029265034135669,0.0014764010279760358
Which of the following describes a symbiotic relationship?,A tapeworm feeds off of its host's nutrients causing the host to lose large amounts of weight.,"Certain plants grow on trees in order to gain access to sunlight, not affecting the tree.","Remora fish eat parasites off of sharks; the sharks stay free of parasites, and the remora fish are protected from predators.",Meerkats sound alarm calls to warn other meerkats of predators.,C,True,0.024005781144024248,0.04568339949477586,0.9171853078192654,0.01312551154193461
The endocrine system maintains homeostasis using many feedback mechanisms. Which of the following is an example of positive feedback?,"Infant suckling causes a mother's brain to release oxytocin, which in turn stimulates milk production.",An enzyme is allosterically inhibited by the product of the reaction it catalyzes.,When ATP is abundant the rate of glycolysis decreases.,"When blood sugar levels decrease to normal after a meal, insulin is no longer secreted.",A,True,0.988476198653908,0.0046101378828576475,0.002962536023074352,0.003951127440160072
Which of the following are characteristics of both bacteria and fungi?,"Cell wall, DNA, and plasma membrane","Nucleus, organelles, and unicellularity","Plasma membrane, multicellularity, and Golgi apparatus","Cell wall, unicellularity, and mitochondria",A,True,0.9549536218074176,0.004921697807239168,0.0021060750592560113,0.03801860532608734
Which of the following is NOT a characteristic of bacteria?,Circular double-stranded DNA,Membrane-bound cellular organelles,Plasma membrane consisting of lipids and proteins,Ribosomes that synthesize polypeptides,B,True,0.0056376694336843555,0.9808426980474793,0.010586448704496704,0.002933183814339641
Which of the following is the source of oxygen produced during photosynthesis?,H2O,H2O2,CO2,CO,A,True,0.9890874091306372,0.0008157845530884389,0.005226767473252687,0.004870038843021803
An eager AP Biology student interested in studying osmosis and the movement of water in solutions took a dialysis bag containing a 0.5 M solution and placed it into a beaker containing a 0.6 M solution. Which of the following is true about water potential?,An eager AP Biology student interested in studying osmosis and the movement of water in solutions took a dialysis bag containing a 0.5 M solution and placed it into a beaker containing a 0.6 M solution. It drives the movement of water from a region of lower water potential to a region of higher water potential.,Solute potential is the only factor that determines the water potential.,Pressure potential combines with solute potential to determine the water potential.,Water potential always drives water from an area of lower pressure potential to an area of higher pressure potential.,C,True,0.3003468523884691,0.09155553988637428,0.5956306983840228,0.012466909341133809
Which of the following is a frameshift mutation?,CAT HAS HIS → CAT HAS HIT,CAT HAS HIS → CAT HSH ISA,CAT HAS HIS → CAT HIS HAT,CAT HAS HIS → CAT WAS HIT,B,False,0.29437506752172804,0.3031026097265048,0.33211619550416066,0.07040612724760655
Crossing-over occurs during which of the following phases in meiosis?,Prophase I,Metaphase I,Anaphase I,Prophase II,A,True,0.9974271499399885,0.0012717206319875914,0.0008090404297974459,0.0004920889982263526
"When a retrovirus inserted its DNA into the middle of a bacterial gene, it altered the normal reading frame by one base pair. This type of mutation is called",duplication,translocation,inversion,frameshift mutation,D,True,0.0028901758753486395,0.0026828770821129876,0.004579789593535331,0.9898471574490031
High levels of estrogen from maturing follicles inhibit the release of gonadotropin releasing hormone (GnRH). Which of the following endocrine glands produces GnRH?,Anterior pituitary,Posterior pituitary,Hypothalamus,Pineal gland,C,True,0.029314668807705786,0.0012758372536732076,0.9678898821004143,0.0015196118382066037
All of the following are examples of hydrolysis EXCEPT,conversion of fats to fatty acids and glycerol,conversion of proteins to amino acids,conversion of starch to simple sugars,conversion of pyruvic acid to acetyl CoA,D,True,0.025949794788859847,0.0115168214527585,0.02135838284317912,0.9411750009152026
This biome has cold winters and is known for its pine forests.,Desert,Tundra,Taiga,Deciduous forests,D,False,0.011592424453626122,0.08447558185144174,0.9000654027717105,0.0038665909232215665
"Monkeys of South and Central America have prehensile tails, meaning that their tails can be used to grasp objects. The tails of African and Asian monkeys are not prehensile. Which discipline is most likely to provide an evolutionary explanation for how this difference in tails came about?",Aerodynamics,Biogeography,Physiology,Biochemistry,B,True,0.005579780974197542,0.9833604373443418,0.009057666477472555,0.0020021152039879143
Viruses are considered an exception to the cell theory because they,are not independent organisms,have only a few genes,move about via their tails,have evolved from ancestral protists,A,True,0.9747260816695621,0.01256477270941521,0.005832682891027015,0.006876462729995591
Which of the following is an example of a detritivore?,Cactus,Algae,Bat,Fungus,D,True,0.003985196801813797,0.0012339466568004464,0.0026414753259962082,0.9921393812153896
"If a forest of fir, birch, and white spruce trees was devastated by fire, which of the following would most likely happen?",Only animal life would continue to inhabit the region.,Secondary succession would begin to occur.,Only tough grasses would appear.,The number of species would stabilize as the ecosystem matures.,B,True,0.011896914952290704,0.9706856736241581,0.010600655287686384,0.0068167561358649055
"Sickle cell anemia is a disease caused by the substitution of an incorrect nucleotide into the DNA sequence for a particular gene. The amino acids are still added to the growing protein chain, but the symptoms of sickle cell anemia result. This is an example of a",frameshift mutation.,missense mutation.,nonsense mutation.,thymine dimer mutation.,B,True,0.019261672489511984,0.9332431707504909,0.03360349703787351,0.013891659722123641
"There are 40 individuals in population 1, all of which have genotype A1A1, and there are 25 individuals in population 2, all of genotype A2A2. Assume that these populations are located far from one another and that their environmental conditions are very similar. Based on the information given here, the observed genetic variation is mostly likely an example of",genetic drift.,gene flow.,disruptive selection.,discrete variation.,A,True,0.6239050246285667,0.24885816424539803,0.08999767284015239,0.03723913828588299
"The end product of the alcohol fermentation pathway is the alcohol ethanol. A considerable amount of energy still remains in ethanol, yet ethanol is a waste product for the yeast cells that produce it. What, then, is the purpose of fermentation?",Fermentation provides CO2 for photosynthesis.,Fermentation provides CO2 for cellular respiration.,Yeast cells excrete ethanol in order to provide a defense against invading bacteria.,Fermentation replenishes the NAD+ necessary for glycolysis to continue.,D,True,0.0019025668309249684,0.00264593298400325,0.0024765283933358747,0.9929749717917359
A cell is placed into a hypertonic environment and its cytoplasm shrivels up. This demonstrates the principle of,diffusion.,active transport.,facilitated diffusion.,plasmolysis.,D,True,0.007328748328267476,0.002869461671265236,0.0032362499647461025,0.9865655400357212
"Compared to DNA viral replication, RNA viral replication is more susceptible to mutation because","RNA replication takes place in the cytoplasm, whereas DNA replication takes place in the nucleus.",RNA viruses replicate much faster than DNA viruses.,RNA viruses use uracil instead of thymine.,RNA replication lacks the proofreading functions characteristic of DNA replication.,D,True,0.003523682159735542,0.004919504484839746,0.0063073701263523475,0.9852494432290725
A child with type A B blood inherits an IA allele from one parent and an IB allele from the other. The child will carry both A and B glycoproteins on the surface of all red blood cells. This pattern of expression is referred to as,codominance,epistasis,polygenic,linkage,C,False,0.9836771747254082,0.004744161920524119,0.004527058055997296,0.007051605298070407
"In vertebrate embryos, which of the following developmental processes most directly results in the formation of the three primary germ layers?",Neurulation,Blastula formation,Cleavage,Gastrulation,D,True,0.01409012902043057,0.005350820869812804,0.009695268497565948,0.9708637816121907
DNA sequences in many human genes are very similar to the corresponding sequences in chimpanzees. Which statement gives the most likely explanation of this fact?,Humans evolved from chimpanzees millions of year ago.,Chimpanzees evolved from humans millions of years ago.,Humans and chimpanzees evolved from a recent common ancestor—about 6 million years ago.,Humans and chimpanzees evolved from a distant common ancestor about 4 billion years ago.,C,True,0.011765779178388558,0.0030828483188662047,0.9779310851728763,0.007220287329869018
"A large island is devastated by a volcanic eruption. Most of the horses die except for the heaviest males and heaviest females of the group. They survive, reproduce, and perpetuate the population. Since weight is highly heritable and the distribution of weights approximates a binomial distribution, the offspring of the next generation would be expected to have",a higher mean weight compared with their parents,a lower mean weight compared with their parents,the same mean weight as members of the original population,a higher mean weight compared with members of the original population,D,False,0.34595223783392537,0.2709558857955314,0.17808128878022805,0.20501058759031512
Natural selection changes allele frequencies in populations because some ____ survive and reproduce more successfully than others.,alleles,loci,gene pools,individuals,D,True,0.002796372152336346,0.0010380426963763462,0.0020530130964808518,0.9941125720548064
"This process has as its products NADP+, ADP, and sugar.",Glycolysis,Chemiosmosis,Fermentation,Calvin cycle,D,False,0.12353600496778012,0.022232972878921314,0.7034926873139588,0.1507383348393399
Warning coloration adopted by animals that possess a chemical defense mechanism.,Aposomatic coloration,Batesian mimicry,Deceptive markings,Cryptic coloration,A,True,0.9475612961165909,0.009490143373285204,0.00828044093778926,0.03466811957233447
Which of these evolutionary agents is most consistent at causing populations to become better suited to their environments over the course of generations?,Mutation,Non-random mating,Gene flow,Natural selection,D,True,0.006571715952214216,0.0035597559115296946,0.00524236104697962,0.9846261670892764
"A scientist carries out a cross between two guinea pigs, both of which have black coats. Black hair coat is dominant over white hair coat. Three quarters of the offspring have black coats, and one quarter have white coats. The genotypes of the parents were most likely",bb × bb,Bb × Bb,Bb × bb,BB × Bb,B,False,0.15204056358249413,0.2576858096917997,0.44992274980067504,0.14035087692503112
"The tandem back-and-forth evolution of closely related species, which is exemplified by predator-prey relationships.",Divergent evolution,Convergent evolution,Parallel evolution,Coevolution,D,True,0.0025255596813365516,0.003369949281126343,0.006514136712616244,0.9875903543249208
"In the process of generating ATP, hydrogen ions (H+, or protons) are transported across the inner mitochondrial membrane and the thylakoid membrane by a proton pump (an ATPase). You would expect to find similar proton pumps in the plasma membranes of",bacteria,mammalian muscle cells,mammalian nerve cells,plants and fungi,A,True,0.7845973469467342,0.09361210690186268,0.047693614564499845,0.07409693158690334
Crop rotation is the successive planting of different crops on the same land in sequential seasons. Which of the following statements summarizes the most likely benefits of this practice?,It allows the farmer to plant the crops with the greatest demand in the marketplace.,It increases crop yields and soil fertility and minimizes pathogen infection and pest infestation.,It allows the hybridization of successive crops and the development of newer varieties of crop plants.,It decreases the need for diverse harvesting equipment and minimizes production costs.,B,True,0.0010944944171508283,0.9952497876791686,0.0022055888759053258,0.0014501290277753472
The base composition of DNA varies from one species to another. Which of the following ratios would you expect to remain constant in the DNA?,Cytosine : Adenine,Pyrimidine : Purine,Adenine : Guanine,Guanine : Deoxyribose,B,False,0.14321437975156978,0.17557639840769257,0.6618175387643629,0.01939168307637489
Which is a true statement concerning genetic variation?,It is created by the direct action of natural selection.,It arises in response to changes in the environment.,It must be present in a population before natural selection can act upon the population.,It tends to be reduced by the processes involved when diploid organisms produce gametes.,C,True,0.0034203841887603106,0.014462563463618947,0.5954092478713351,0.3867078044762857
The primary site of glucose reabsorption is the,glomerulus,proximal convoluted tubule,loop of Henle,collecting duct,B,True,0.00434716481496342,0.9697139100804785,0.013829932513313652,0.01210899259124446
Which statement about natural selection is most correct?,Adaptations beneficial in one habitat should generally be beneficial in all other habitats as well.,Different species that occupy the same habitat will adapt to that habitat by undergoing the same genetic changes.,Adaptations beneficial at one time should generally be beneficial during all other times as well.,"Well-adapted individuals leave more offspring, and thus contribute more to the next generation's gene pool, than do poorly adapted individuals.",D,True,0.003504026911659166,0.0015723398391568788,0.0023477251858459794,0.992575908063338
This process couples the production of ATP with the movement of electrons down the electron transport chain by harnessing the driving force created by a proton gradient.,Glycolysis,Chemiosmosis,Fermentation,Calvin cycle,B,True,0.0009428071844519528,0.9972386305176951,0.001702702700384673,0.00011585959746825317
A piece of potato is dropped into a beaker of pure water. Which of the following describes the activity after the potato is immersed into the water?,Water moves from the potato into the surrounding water.,Water moves from the surrounding water into the potato.,Potato cells plasmolyze.,Solutes in the water move into the potato.,B,True,0.40179653645841207,0.577517521548838,0.008753290897919189,0.011932651094830818
