0,1,2,3,4,5,correct,A_prob,B_prob,C_prob,D_prob
 Just war theory's principle of military necessity belongs to,jus in bello.,jus ad bellum.,moral nihilism.,all of the above,A,True,0.6774715799484858,0.24096171054423227,0.007883714243039327,0.07368299526424245
" According to Mill, censoring speech that is possibly true",violates human dignity.,fails a prima facie duty of honesty.,is tantamount to asserting that you are infallible.,is a risk worth taking of the speech is dangerous enough.,C,False,0.2535147362846368,0.29135208579753974,0.16011893016461995,0.29501424775320356
 West argues that feminist rhetoric has,"obscures the harms of noncoerced, consensual sex by implying that because what is coerced is bad what is noncoerced is good.",obscures the harms of rape by equating all sex with nonconsensual sex.,"by not acknowledging a distinction between what is good and what noncoerced, has led to the acknowledgement of the harms of consensual sex.",All of the above,A,False,0.061443673194292656,0.021203362383894253,0.010565157642045018,0.9067878067797681
" According to Mill, the value of a particular pleasure depends on",its quantity alone.,its quality alone.,both its quantity and its quality.,neither its quantity nor its quality.,C,True,0.056968007021059815,0.1319757020053742,0.7890755022961354,0.02198078867743059
" According to Carruthers, whenever someone is required to act in a certain way toward an animal for the sake of the animal, what explains that fact are facts about",the animal.,the wider effects on human beings.,both A and B,neither A nor B,B,False,0.32267081983205803,0.1457157009978207,0.44281898283174337,0.08879449633837783
" What does SCNT stand for, as used in the discussion on cloning?",skin cell nuclear transfer,stem cell nuclear transmission,somatic cell nuclear transfer,none of the above,C,True,0.0027190135093847264,0.0018912011080933035,0.9900549574367172,0.005334827945804736
" Velleman worries that, by offering a patient the option of euthanasia,",we allow the patient to harm him- or herself.,we force doctors to harm the patient.,we harm the patient's family.,we harm the patient.,D,True,0.4163512526274419,0.06793766280482284,0.04232061676430983,0.4733904678034255
 Nathanson supports which of the following kinds of retributivism?,preventive,proportional,equality,retaliatory,B,False,0.1383063729993456,0.3074929064692022,0.11374667408468651,0.4404540464467657
 Carruthers approaches questions about the moral standing of nonhuman animals from the perspective of which of the following moral theories?,consequentialism,Kantianism,virtue ethics,contractualism,D,False,0.20569614708737505,0.4592067873664352,0.2586999939346204,0.07639707161156928
" In Gardiner's analysis, which of the following is a characteristic of the climate change problem?",institutional adequacy,dispersion of causes and effects,fragmentation of agency,all of the above,D,True,0.014330281760917217,0.008326495038586776,0.010819911606798292,0.9665233115936978
" What is the ""intergenerational storm"" of climate change?",the problem of massive world overpopulation over generations.,the problem that the bad effects of current carbon dioxide emissions will fall largely on future generations.,"the problem that the compounding effects of greenhouse gas emissions require the current generation to, in effect, cooperate with future generations.","the problem that countries are possibly biased toward the interests of the current generation, which largely benefits from carbon dioxide emissions.",D,False,0.0033407978971947737,0.9145736449097429,0.07061749157512122,0.011468065617941113
 Hourdequin argues that one flaw of consequentialist calculation is that,it fails to reconcile prima facie duties.,it can run counter to a person's being able to integrate her commitments at various levels.,it can run counter to the idea that persons are atomistic and individually rational actors.,it fails to recognize that possibility that the persons are best understood in relation to one another.,B,False,0.0731617870549168,0.3841578938170096,0.06570838545817724,0.4769719336698965
 Dershowitz discusses the hypothetical case where the hijacked planes of 9/11 must be shot down to argue that important decisions like these,often have to be made quickly and without immediate authorization.,should be made with visibility and accountability by the highest-level officials.,have no objective answer.,none of the above,B,False,0.5250926184864111,0.22567586930459435,0.14709987284524434,0.10213163936375017
 Baxter argues that we should view our treatment of the environment as a matter of various trade-offs whose aim is,to minimize damage incurred by all individual living beings.,to minimize the suffering of all sentient creatures.,to promote the functional integrity of ecosystems.,to promote human welfare.,D,False,0.025669370968551125,0.019500608886802207,0.728515731698394,0.22631428844625268
 Which of the following is an example of a value-based moral theory?,consequentialism,virtue ethics,both A and B,neither A nor B,C,True,0.05306936427930934,0.3962541577414101,0.4161413798196611,0.13453509815961961
 Kass worries that cloned individuals:,will be seen as curiosities.,will be scrutinized in relation to the person they are clones of.,both of the above,none of the above,C,True,0.1505790555075089,0.12641487187603975,0.7104217672458427,0.012584305370608596
" Why, according to Gill, does Leon Kass think the notion of being ""better off dead"" is incoherent?","because dead people no longer exist, and thus cannot benefit from choosing to die.","because some things (e.g., long-term torture) are worse than death.",because there has yet to be a satisfactory philosophical explanation of why death is bad.,"because death is, by definition, undesirable.",A,False,0.19017273056129974,0.4381677848201038,0.27022243884309494,0.10143704577550149
" In response to the argument that embryos are not persons because they lack certain rights that all persons have (such as the right to life), Lee and George argue that",the right to life belongs to a human being at all times that he or she exists.,"the right to life belongs to all living creatures, human or not.","not all persons have the right to life-for example, a murderer has given up his or her right to life through his or her actions",all of the above,A,False,0.15953371496153398,0.038047705450581004,0.2662565663206393,0.5361620132672457
 The consequentialist approach to punishment is at odds with,retributive theories of punishment.,perfectionist theories of punishment.,legal theories of punishment.,preventive theories of punishment.,A,True,0.9376183265427401,0.014770714565008353,0.024627511577670024,0.022983447314581656
" What does Hursthouse say about the claim that any adequate action-guiding (i.e., moral) theory must provide clear guidance about what ought and ought not to be done that any intelligent person could follow?",She says the claim is very plausible.,She says the claim is implausible.,She says the claim is self-evident.,She says the claim is true.,B,True,0.2465260574030257,0.6808100896549861,0.035849746555592414,0.03681410638639574
 Which of the following is not an objection that Kass makes against cloning?,It constitutes unethical experimentation.,It threatens identity and individuality.,It will produce harmful biological mutations as clones produce further clones.,It perverts our values concerning parenthood and the raising of children.,C,True,0.06337083061562507,0.0457355397464457,0.8544316752787238,0.03646195435920548
" In response to the objection that freedom of association is much more important in the marital context than the political realm, Wellman says",there is no freedom of association in the marital context.,his argument does not require that marital and political freedom of association be equally important.,freedom of association is equally important in both contexts.,none of the above,B,True,0.07795393198880521,0.76995250927497,0.08199771956375211,0.0700958391724727
" If it were known that a policy would wipe out several animal species without negatively affecting human beings, Baxter would most likely say that",this policy is morally problematic because it harms the environment.,this policy is morally problematic because it damages the integrity of the ecosystem.,this policy is morally obligatory because the environment ought not to exist.,this policy is morally unproblematic.,D,False,0.1372409165281536,0.7951676128895054,0.04658427772161391,0.021007192860727004
" According to Reiman, van den Haag's argument leads to the conclusion that",we should refrain from imposing the death penalty.,the refusal to execute criminals has a civilizing effect.,we should institute death by torture.,murder is wrong.,C,True,0.3352887400702997,0.17364451136811798,0.3777907879064678,0.1132759606551147
" According to Singer, the principle of equality requires",identical treatment.,differential treatment.,equal consideration.,differential consideration.,B,False,0.07167864275951769,0.02403508730549192,0.8550423191304363,0.04924395080455414
 Advocates of care ethics argue that,care ethics is an important development of virtue ethics.,that traditional moral theories have difficulty explaining the rightness or wrongness of attitudes.,that the only important more concepts are care and compassion.,that we should think about welfare and happiness in terms of sympathy.,B,True,0.405102517184472,0.46085462856363374,0.08116682494757169,0.052876029304322586
" According to Norcross, any attempt to justify the claim that humans have a higher moral status than other animals by appealing to some version of rationality as the morally relevant difference between humans and animals will",fail to give an adequate answer to the argument from marginal cases.,fail to make the case that such a difference is morally relevant to the status of animals as moral patients as opposed to their status as moral agents.,both A and B,neither A nor B,C,True,0.17404833606873965,0.07047912411578093,0.5837224156344989,0.17175012418098057
" In response to the argument that the death penalty does not deter murderers, van den Haag claims that",he is still confident that the threat of the death penalty at least sometimes prevents murder.,criminal law is supposed to protect the innocent over murderers.,the severity and finality of the death penalty is appropriate to the seriousness and finality of murder.,all of the above,D,True,0.08373022952325744,0.02430037731138421,0.07603843814099552,0.8159309550243629
" Thomas Nagel call the two kinds of moral considerations he discusses in ""War and Massacre""",consequentialist and dignity-based,forward-looking and backward-looking,utilitarian and absolutist,All of the above,C,False,0.16491664299156095,0.46484438434595043,0.042165445232281794,0.32807352743020685
 What is the main reason why Arthur doesn't think that the poor have a right to aid from the affluent?,Persons can never have a right to aid from anyone.,The right to aid is a negative right.,The consequences of helping the poor would be worse than the consequences of not helping them.,"This kind of right would require a contract or agreement, and the affluent haven't entered into a contract or agreement with the poor.",D,False,0.16062990590280024,0.16890830568518272,0.5027601904012605,0.1677015980107565
 What assumption does Pence think people who object to SCNT make when they say that SCNT is not best for the child?,The parents have good motives.,We can't tell what the motives of the parents are.,The parents have bad motives.,none of the above,A,False,0.16649974515304283,0.30650812953932244,0.40139395594282073,0.12559816936481394
 Van den Haag is,a distributionist.,an abolitionist.,a retentionist.,a humanitarian.,C,True,0.03275211525488267,0.1131061148951768,0.8395931992544629,0.014548570595477503
" Against Kant's view of sexual objectification, Papadaki argues that",it is not clear how sexual use sacrifices humanity.,Kant is wrong to think about the wrong of sexual objectification in terms of humanity.,sexual objectification actually enhances humanity.,Papadaki actually agrees with Kant's view,A,False,0.14116282467801922,0.4871708335155923,0.3494793267789742,0.0221870150274142
 Thomson discusses a different version of the violinist case wherein the violinist only needs to use your kidneys for one hour to survive. Her own view about this case is that,you have no obligation to let the violinist use your kidneys for that hour.,the violinist has an obligation to disconnect him- or herself before that hour is over.,"because you ought to let the violinist use your kidneys for that hour, we should conclude that he or she has a right to use your kidneys for that hour.","even though you ought to let the violinist use your kidneys for that hour, we should not conclude that he or she has a right to use your kidneys for that hour.",D,True,0.12772279085750302,0.07545907218318428,0.18543546408005493,0.6113826728792578
 Fine asks us to consider the example of a yoga group that practices in Central Park and is free to reject prospective members but isn't free to exclude others from making use of Central Park. The point of this example is to show that,Central Park qualifies as a state.,there is a difference between rules of membership and rules about settlement within a physical territory.,territorial rights only belong to individuals.,Wellman is committed to an absurd theory of group membership.,B,True,0.02828808032940253,0.9216918477382539,0.017969448785077002,0.032050623147266574
" The annual death-toll from poverty related causes is, according to Pogge,",around one quarter of all human deaths.,around one third of all human deaths.,around one half of all human deaths.,none of the above.,A,False,0.24010240567137467,0.19121285328140236,0.4272539309903562,0.14143081005686692
 What is the overall percentage of capital cases that are overturned because of serious errors?,under 50 percent,52 percent,68 percent,82 percent,C,True,0.20177633630934746,0.14201828798822155,0.3439133162446122,0.3122920594578189
" According to Nussbaum, treating someone as an object is",sufficient for sexual objectification.,necessary for sexual objectification.,not necessary for sexual objectification.,all of the above.,C,False,0.17283129269270944,0.17452270223468622,0.08953550333654221,0.563110501736062
" In Corvino's reading of Aquinas, ""unnatural"" sexual acts are those that are",deliberately pro-creative.,non-consensual.,deliberately non-procreative.,uncommonly practiced among adults.,B,False,0.011855625416875251,0.014957489939281577,0.958888329780359,0.014298554863484282
 Rachels compares the cases of Smith and Jones to show that,killing is in itself morally worse than letting die.,letting die in itself is morally worse than killing.,killing is not in itself morally worse than letting die.,none of the above,C,True,0.3552917111293048,0.15368887605667944,0.39346864153491323,0.09755077127910253
 Biocentrism is the view that,the only beings that possess direct moral standing are human beings.,all and only sentient creatures have direct moral standing.,"all living beings, because they are living, possess direct moral standing.",the primary bearers of direct moral standing are ecosystems in virtue of their functional integrity.,C,False,0.0603754523370546,0.6486257565448981,0.20551012526187068,0.08548866585617666
 Which of the following is a feature of consequentialist moral theory?,It is a value-based theory.,It involves the idea of alternative actions open to the agent.,It is a strongly impartialist moral theory.,all of the above,D,True,0.03417016503986641,0.07432028253350569,0.03223862913408394,0.859270923292544
" On West's account, women who engage in undesired sex because of actual or felt dependence on their partner may experience injury to their sense of autonomy because",they have neglected to take whatever steps would lead to their self-sustenance.,they are dominated by their partners insofar as they are not free to do as they please.,they are actually coerced into having sex.,none of the above.,A,False,0.018160352974574218,0.8818434711540168,0.04109501439597893,0.0589011614754301
 Which of the following is not mentioned by Macedo as a duty that societies have toward nonmembers?,"duties of fair dealing (e.g., nonexploitation)","cosmopolitan egalitarian duties (e.g., ensuring that everyone has equal wealth)","duties of rectification and redress (e.g., redressing those who were oppressed)","humanitarian duties (e.g., preventing systematic violations of human rights)",B,True,0.028090311322689913,0.9185586475856689,0.042988649859634645,0.01036239123200667
 Mill thinks that each person desires,to do his or her duty.,to be virtuous.,his or her own happiness.,none of the above,C,True,0.012217488646711759,0.006236394562342058,0.9607258157792381,0.02082030101170822
" According to Valls, a just cause for political violence is usually",defensive.,offensive.,territorial.,economically motivated.,A,True,0.9465594473215069,0.019236235753738288,0.028597470767176263,0.005606846157578608
" Fine asks us to consider an example in which a private club ""regularly arranges noisy late-night gatherings"" to show that",private clubs can rightfully exclude outsiders.,the actions of groups can affect members outside that group.,there is no difference between an individual's and a group's freedom of association.,all of the above,B,False,0.07170147969832491,0.43083952317440966,0.03520568533452433,0.4622533117927411
" According to Huemer, even if drug use harms a person's friends, families, and other relations,",this would still not justify drug prohibition.,this would justify drug prohibition.,this would only justify drug prohibition if drug use was extremely likely to cause these harms.,this would only justify drug prohibition if drug use was more likely to cause these kinds of harms than other prohibited activity.,A,True,0.750587812402388,0.11636728969381299,0.06423802206737007,0.06880687583642896
 The basic idea of social contract theories of morality is that correct or justified moral rules or principles are the ones that result from,a social leader's moral deliberations.,an actual or hypothetical social agreement of some sort.,a contract that has been signed by most of the affected parties.,none of the above,B,True,0.0029290987286760346,0.983022254810051,0.008722426561192419,0.005326219900080645
" In Singer's view, the question of when it's wrong to painlessly kill an animal is one",to which we need to give a precise answer.,to which we need give no precise answer.,"that cannot be answered, vaguely or precisely.",that is ethically unimportant.,B,True,0.15256528588404225,0.7548500412004203,0.0843239904373739,0.008260682478163563
 Which of the following is one of de Marneffe's responses to the objection that drug prohibition would be paternalistic?,"Drug prohibition would be done for the benefit of others, not the benefit of those who wish to produce/sell drugs, so it is not paternalistic in an objectionable sense.","Drug prohibition would be paternalistic, but its consequences would be good enough to outweigh considerations about paternalism.","Drug prohibition would be targeted to adults, and one can only be paternalistic toward children.",Paternalism is always justified when the paternalistic practices truly are in the best interest of those affected.,A,True,0.807941292523936,0.1304171224642883,0.0457703246682864,0.01587126034348938
 Lukianoff and Haidt argue that the disinvitation of certain speakers,is an example of mental filtering.,will only serve to promote intellectual homogeneity on college and universities.,will encourage students to disregard positive aspects of a person's history.,All of the above.,B,False,0.04433160267238083,0.011766205728947297,0.013161463149982525,0.9307407284486893
 Ashford's article is meant to address a particular paralysis in the face of,the sheer scope of global poverty.,having to choose between addressing immediate harm and addressing structural injustice.,reconciling conflict moral theories.,having to give up so much of our own wealth in light of Singer's arguments.,A,False,0.25081275525598445,0.6717104742155701,0.0620389594387715,0.015437811089673879
" In support of her thesis that global social institutions violate the rights of the world's poor, Ashford argues that",illicit cash flow to tax havens from rich countries exceeds aid to the world's poor.,the implementation of neoliberal economic policies have had at mixed and at worse adverse impacts of the economic and social rights of the world's poor.,that wealthy nations press their political and economic advantages to secure unfair trade agreements with poor countries.,all of the above,D,True,0.008536995049638082,0.002900851394329706,0.004481136414258471,0.9840810171417737
 Papadaki argues that,sexual objectification is not always wrong.,sexual objectification involves the total reduction of a person to an object.,sexual objectification is not explainable in Kantian terms.,sexual objectification involves the denial of a person's humanity.,D,True,0.18710536453652477,0.29184513584886695,0.05020709768734651,0.47084240192726184
 The two kinds of anti-homosexuality arguments to which Corvino responds are,naturalness arguments and arguments from fidelity.,harm arguments and arguments from divine command.,unnaturalness arguments and harm arguments.,naturalness arguments and economic arguments.,C,True,0.1448136276547075,0.029413995225595402,0.8129792115410552,0.012793165578641867
 The view that moral considerations do not apply to war is known as,jus ad bellum.,antiwar pacifism.,just war theory.,moral nihilism.,D,True,0.24274038971655362,0.06144957483841583,0.1492158055031363,0.5465942299418943
" In the context of Gardiner's article, ""the fragmentation of agency"" refers to what?",an agent's inability to acknowledge his or her contribution to climate change,the fragmentation of the effects of greenhouse gas emissions across generations,the vast number of individuals and agents who contribute to climate change,the idea that it's not rational for each individual to restrict his or her own pollution,C,True,0.11558020253413374,0.319017666846939,0.49512783572493974,0.07027429489398755
 Ashford thinks that the right test of whether or not legal and economic structures are minimally just is to see whether or not,they help develop human capabilities.,they minimize the amount of suffering in the world.,"they recognize, enforce, and implement duties not to violate human rights.",they are universalizable.,C,False,0.47922722506708104,0.015145047923206366,0.44403094625080797,0.061596780758904665
 Little argues that we should accept a prerogative on the part of mothers to end a pregnancy until the fetus is a person because,we should accept a prerogative to decline radical changes to one's practical identity.,abortion is absolutely morally wrong.,abortion is presumptively morally wrong but can become permissible in certain extreme cases.,there is no clear answer about the moral status of abortion.,A,True,0.8294569260538865,0.0197415278694813,0.09923317965339754,0.05156836642323461
" Which of the following is, according to the introduction to chapter 8, typically defined as the act or practice of killing or allowing someone to die?",murder,ethical killing,suicide,euthanasia,D,True,0.18098338864805064,0.026770773506146376,0.02519990063941051,0.7670459372063925
" In Baxter's view, the first and foremost step toward a solution of our environmental problems is a clear recognition that our objective is not pure air or water but rather",some optimal state of pollution.,an overall maximally clean environment.,some maximal state of pollution.,the preservation of all living species.,A,True,0.5459309789079163,0.18703485792471047,0.06752489235301104,0.19950927081436215
 Ross's moral theory is a version of,consequentialism.,the ethics of prime facie duty.,Kantian theory.,virtue ethics.,B,False,0.41989780158126677,0.1944306904205663,0.2687832928387468,0.11688821515942006
 Which of the following are forms of misogynist speech according to Richardson-Self?,Interdivisional misogynist speech,Intradivisional misogynist speech,Interpersonal misogynist speech,A and B only,D,True,0.1402754496866805,0.09219126509260223,0.08454316965372281,0.6829901155669944
" Leopold most likely describes the ""land pyramid"" to",argue that nature is not inherently normative.,"provide a description of a mechanism that ""we can see, feel, understand, love, or otherwise have faith in.""",give a detailed description of how plants absorb energy from the sun.,"argue that even the noneconomic parts of the ""biotic clock"" have economic value.",B,True,0.30618305774571797,0.5335574505175391,0.041193552484420526,0.11906593925232241
 Ecoholism is the view that,only whole ecosystems (not any of the individuals that make up those ecosystems) have direct moral standing.,ecosystems and some of the individuals that make them up have direct moral standing.,ecosystems do not have direct moral standing but some of the individuals that make them up do.,none of the above,B,True,0.18739463830364284,0.3912924320203224,0.3785056720710647,0.0428072576049701
 The view according to which wars are always (or at least nearly always) morally wrong is known as,just war theory.,antiwar pacifism.,moral nihilism.,jus ad bellum.,B,True,0.0986971763527127,0.863747203671334,0.01487126366430224,0.02268435631165103
" According to Reiman, van den Haag's arguments in favor of the death penalty",are incompatible with the right to retaliation.,prove that torture is morally impermissible.,should be accepted.,follow common sense.,D,False,0.3686949907241941,0.06373707502829284,0.46441115920403697,0.10315677504347598
" What two problems does individualism lead us into, according to Hourdequin?",It leads to failures of developing integration and integrality.,"They lead us into ""tragedy of the commons"" situations and they instill in us an atomistic view of persons.",It leads to increased greenhouse gas emissions and increased consumption of non-recyclable goods.,"We both tend to think of our moral obligations as only personal obligations, and so think that we can only advocate for policy in ""tragedy of the commons"" situations.",D,False,0.21819033992192494,0.6669349872334209,0.04272029930157527,0.07215437354307891
 One message that Nathanson argues we can send by abolishing the death penalty is that,we respect the dignity of human life.,there are some penalties worse than death.,there is no punishment that is proportional to murder.,none of the above,A,True,0.34546319348877796,0.30912885807239115,0.15936099003500875,0.18604695840382215
 Aristotle claims that a state of character arises from the repetition of similar,beliefs.,relationships.,activities.,opinions.,C,True,0.008070663136286396,0.0035620016636689206,0.9853553001341665,0.0030120350658781507
" Corvino considers the following argument: Homosexuals are ""born that way""; therefore, homosexual activity is good and natural. Corvino claims that this argument is unsound. Why?",It ignores the possibility that homosexuality is a lifestyle choice.,It assumes that all innate desires are good ones.,It is equivalent to recognizing that homosexuality is unusual.,None of the above,B,True,0.14793854453314267,0.5239947409351282,0.11799886996916793,0.2100678445625612
 Hardin's approach to the moral issues of hunger and poverty is essentially,a consequentialist approach.,a virtue ethics approach.,an ethics of prime facie duty approach.,a Christian/Marxist approach.,A,True,0.9247016369771099,0.029346874819525904,0.028478276280724135,0.01747321192263997
 Which of the following theories will approach the morality of abortion by considering how much overall intrinsic value is likely to be brought about by abortion?,virtue ethics,consequentialist theory,Kantian ethics,natural law theory,B,True,0.014926491461017384,0.9715362656593959,0.009546797755214689,0.00399044512437192
" In his definition of terrorism, Valls defines ""violence"" as",including only bodily harm to persons.,including bodily harm to persons and the destruction of property.,including only the destruction of property.,none of the above,B,True,0.16624281781277817,0.6671685065227949,0.05513828362223067,0.11145039204219623
 What information is available to occupants within Rawls's original position?,knowledge of how one is talented compared to others,knowledge of one's social status,"knowledge of one's abilities, such as intelligence, strength, and so on",none of the above,D,True,0.049797884953514074,0.15251395686954025,0.15274132622510503,0.6449468319518407
 Shapiro claims that surveys have been confirmed by longitudinal studies that indicate that,excessive use of illegal drugs is the norm.,moderate and/or controlled use of illegal drugs is the norm.,an individual's illegal drug use inevitably diminishes over time.,those who begin using illegal drugs typically do not stop until they become addicted.,B,True,0.16801062731811375,0.7433550088497585,0.07517326395670292,0.013461099875424725
 A truly environmental ethic must hold that which of the following has direct moral standing?,at least some nonhuman beings,at least some nonconscious beings,both A and B,neither A nor B; an environmental ethic may deny that there are any nonhuman and nonconscious beings with direct moral standing.,C,True,0.30462335826852494,0.0195058305331665,0.6411273765708018,0.03474343462750694
 Ashford argues that worries about causing dependency on aid agencies among those in extreme poverty does not mean that we should,abandon the world's poor to their unjust predicament.,legally abolish aid agencies.,adopt a social contract approach to the problem of global economic justice.,accept the view that we have no negative duties to the poor.,C,False,0.48897162619546497,0.06630348524786338,0.2651610729132617,0.17956381564340998
" According to Singer, the conclusions argued for in ""all animals are equal"" flow from which of the following principles alone?",the principle of maximizing happiness,the principal principle,the principle of double effect,the principle of minimizing suffering,D,True,0.22973405293034527,0.19976551391625466,0.05461431065379764,0.5158861224996024
" Mill thinks that if something is desirable, but not desirable as an end, then it must be",desirable as a rule.,desirable in theory.,desirable as a means.,none of the above,C,True,0.04835554654635815,0.041272900893051544,0.8419980109050319,0.0683735416555584
" From the fact that emigration is often associated with significant costs, Fine concludes that",those who are willing (or forced) to leave a state often have substantial interests in living in another state.,preventing potential immigrants from settling in a different state can be detrimental to their well-being.,closing borders can have significant costs to potential immigrants.,all of the above,D,True,0.03616404115549099,0.01099464555870516,0.03904913741894627,0.9137921758668576
 Mill defends which of the following liberty-limiting principles?,the harm principle,the offense principle,the principle of legal paternalism,wthe principle of legal moralism,A,True,0.46464945796961826,0.08874808649185148,0.4257134500480777,0.020889005490452466
" By definition, if a person or thing needs to be taken into account in moral decision-making (i.e., if it counts morally), then that person or thing has",moral standing.,moral permissibility.,viability.,all of the above,A,True,0.8558734097182495,0.0034507109399424317,0.00485506446326868,0.13582081487853945
" What is an example of ""mutual coercion, mutually agreed upon""?",all countries cooperating to change the existing incentive structure by introducing a system of enforceable sanctions to curb climate change.,the agreement of more powerful nations to require less powerful nations to curb greenhouse gas emissions for the benefit of all humanity.,the agreement of less powerful nations to boycott trade with more powerful nations until the latter agree to curb their greenhouse gas emissions.,the agreement of a large number of individual agents to restrict their own pollution.,A,True,0.49654791176063096,0.15140245827761062,0.08321732654127953,0.2688323034204788
" Which of the following is a problem for Kant's principle of equality and an ""eye for an eye"" according to Nathanson?",It fails to tell us what the appropriate punishment would be for all cases of criminal action.,It does not provide an adequate measure of moral desert.,It requires that we punish criminals in ways that are morally unacceptable.,all of the above,D,True,0.03367806827620675,0.008654719962325438,0.014763764476835693,0.942903447284632
" What is Pence's main objective in his article ""Will Cloning Harm People?""",to use consequentialist arguments to show that cloning is immoral,to object to consequentialist arguments against cloning,to use Kant's humanity formulation to show that cloning is immoral,to use Kant's humanity formulation to show that cloning is morally acceptable,B,True,0.122865003542014,0.5054774663251026,0.2872985791553111,0.08435895097757239
 Timmons suggests that many people believe in moral relativism because,They believe in tolerating differences.,They are sensitive to the descriptive fact of widespread moral disagreement.,They realize that some ethical claims seem true in some contexts but not in others.,All of the above.,D,True,0.02597752433294853,0.03163453221160819,0.03683224614532124,0.9055556973101221
" According to Sandel, eugenics and genetic enhancement can be seen to be wrong from a religious perspective because",their use would lead to atheism or agnosticism.,"in using them, we would confuse our role in creation with God's role.",the Bible explicitly opposes all forms of technological enhancement.,all of the above,B,True,0.010242471169317379,0.8200340843096989,0.01074196481079658,0.158981479710187
 Which of the following is a method of torture that Dershowitz believes is appropriate in those cases where torture is permissible?,having a sterilized needle shoved under the victim's fingernails,electrocution at nonlethal levels,submerging the victim in water so he or she feels as if he or she is drowning,none of the above; Dershowitz thinks torture is wrong in all cases.,A,False,0.030809596705462492,0.6020762947804952,0.33477307786562865,0.032341030648413725
" In Rachels's thought experiment with Smith and Jones, Jones's action (i.e., his watching the child, who slipped accidentally, drowned in the tub) is supposed to be an example of",killing.,letting die.,assisted suicide.,none of the above,B,True,0.2135477633379814,0.6536001307010509,0.023932470220292077,0.10891963574067545
" According to Gill, the moral value of autonomy mostly consists in",the ability to act and choose while free from distress.,the ability to choose to end one's own life.,the ability to make important life decision on the basis of our deepest values.,the duty to not interfere with the free choices of others.,C,True,0.014991034562752439,0.0109475088335516,0.9608923717441477,0.013169084859548359
 Foot's Rescue I and Rescue II cases are intended to,contrast evil intentions with good intentions.,contrast originating a harmful sequence with allowing a harmful sequence to continue.,show that evil intentions always involve the origination of harmful sequences.,all of the above,B,True,0.028895764954283122,0.7339088534229132,0.035345604524239925,0.2018497770985636
" In contrast to Garrett Hardin's approach, the Confucian model rejects coercion because",the costs of eliminating a collective action problem are not irrelevant to its solution,it affirms the autonomy of individuals apart from others.,"it cannot lead to real social change, which involves changes of mind as well as action",The Confucian model actually accepts coercion.,B,True,0.0868943840381298,0.8532401167158007,0.05446866622138613,0.005396833024683424
 Velleman believes that the option of euthanasia may harm some patients. What does he think is the most significant way in which this might happen?,by burdening a patient with having to justify his or her continued existence,by eliminating the patient's capacity for self-determination,by eliminating a patient's opportunities for self-determination,by tempting a patient to undergo a painful procedure,A,False,0.32256829770589546,0.365598629026967,0.2808279459031454,0.0310051273639922
 Velleman believes that euthanasia can be justified on the basis of,Kantian considerations.,consequentialist considerations.,existentialist considerations.,feminist considerations.,A,False,0.3296258107458432,0.6284905136438788,0.03194241033074603,0.0099412652795321
" Carruthers argues that, on contractualist grounds, nonhuman animals may be accorded which of the following kinds of moral standing?",direct,indirect,quasi-,none of the above,B,True,0.20808546216121374,0.45175378189413035,0.2504428049970362,0.08971795094761967
" One of the premises of the ""lack of imagination"" argument that Kamm discusses is that",genetic enhancement is always morally permissible.,nature ought to be honored over personal choice.,most people's conception of the varieties of goods is limited.,we ought to always leave the development of valuable traits up to chance.,C,True,0.012912337551971428,0.020062683628820837,0.9432497970525678,0.023775181766639945
" In accordance with the theory of justice proposed by John Rawls, Stephen Macedo argues,""We must consider the justifiability of policies from the standpoint of the _____ well-off among our fellow citizens.""",most,least,historically,permanently,B,True,0.09399273327782622,0.8563658705804819,0.03617740937897523,0.01346398676271644
 Which of the following is not a prima facie duty that Ross discusses?,the duty to keep promises,the duty not to harm others,the duty to protect our natural environment,the duty of nonmaleficence,C,True,0.07143879372282415,0.048735984138096614,0.8117391309544868,0.06808609118459243
 Which of the following is an example of a vice of character?,blindness,physical weakness,obesity,cowardice,D,True,0.013898392583854842,0.006476486729744064,0.016008665862108775,0.9636164548242923
" Leopold claims that history has shown that ""the conqueror role is eventually self-defeating."" It is self-defeating, in this view, because",the conqueror doesn't understand what makes the conquered community tick.,the conqueror doesn't know what and who within the community is valuable.,the conqueror doesn't know what and who is worthless in community life.,all of the above,D,True,0.054787748968526874,0.023166978169841614,0.028990196177700905,0.8930550766839305
" Sarah Fine's ""internal critique"" of Wellman's argument targets his claim that","we have an absolute right to freedom of association (i.e., one that cannot be outweighed by anything else).",freedom of association implies that a legitimate state has a presumptive right to exclude anyone from its territory.,immigration is harmful to low-income Americans.,egalitarianism is a Marxist doctrine.,B,True,0.3009983294590541,0.5848447718543687,0.08793194955040859,0.02622494913616864
 Shapiro discusses experiments about the role of expectations in the experience of drug use to show that,drug effects are inherently biological and are not influenced at all by expectations and other psychological factors.,"users who do not expect to get addicted to ""hard"" drugs almost always do.",there is no such thing as drug addiction.,sometimes a drug's effects are the direct result of what one expects from the drug.,D,True,0.016885308753090737,0.02207798899892623,0.015030973006794925,0.9460057292411881
 What kind of consequentialist theory does Dershowitz think can justify terrorism in certain extreme particular cases?,act-based deontology,rule-based hedonism,rule utilitarianism,act utilitarianism,D,True,0.09519547763136477,0.05201766314639046,0.1089940329112067,0.7437928263110382
" On the proposal that we need to establish world food banks to help those who are in need, Hardin would say that","if the proposal were to be realized, the operation must be conducted consistently.",only the richer countries have some moral obligation to make deposits in the world food banks.,it would be subject to the tragedy of the commons.,we need to go with the idea because we ought not to punish poor people who are caught in an emergency.,C,True,0.30342370915031824,0.03785137507146317,0.6222288485095114,0.03649606726870712
 A utilitarian who recognizes rights will attempt to explain rights on the basis of utility by claiming that,there are no moral rights; there is only utility.,a moral right is a kind of claim that is justified by the fact that its recognition will not diminish overall welfare.,a moral right is a kind of claim that is justified by the fact that its recognition will contribute to the maximization of overall welfare.,all of the above,C,True,0.028153125670153746,0.4286230599955488,0.44690793644339777,0.09631587789089972
" If a global ban would not be effective in prohibiting genetic engineering that goes beyond eliminating obvious defects, then Singer suggests which ""bolder"" strategy?",creating a world military that would enforce the ban with greater strength,requiring genetic engineering for every newborn child,using a lottery system so everyone gets a fair chance at the benefits of genetic engineering,none of the above,C,False,0.3934490779077067,0.18929416835419538,0.15270064731902067,0.2645561064190773
 Which of the following is a kind of consequentialist theory that explains right action in terms of the net balance of pleasure (or lack of pain) produced by that action?,hedonistic utilitarianism,perfectionist consequentialism,rule consequentialism,"By definition, consequentialist theories do not mention pain.",A,True,0.9874360156993133,0.005691284026837048,0.004238650271819913,0.0026340500020295542
 The retributive theory of punishment does not claim that,wrongdoers deserve to be punished.,specific punishments are justified based on the overall intrinsic value that they produce,the punishment should fit the crime.,the death penalty might be morally justified in some cases of murder.,B,True,0.07020451025111667,0.8518586399901684,0.04660316035269239,0.031333689406022484
" Mary's laptop deserves moral consideration only because she owns it and cares about it. Thus, Mary's laptop has",direct moral standing.,indirect moral standing.,relative moral standing.,inherent or intrinsic worth.,B,True,0.37026553793892764,0.5561027160812898,0.06582338157792648,0.00780836440185598
 Collins suggests that the moral value of caring actions comes from,the intrinsic value of caring attitudes which motivate caring actions.,how well any caring actions fulfills the recipient's interests and the strength of one's intention to fulfill the recipient's interest.,the degree to which those actions produces the greatest amount of happiness in the recipient of care.,the non-instrumental value of caring actions as manifestations of intrinsic goods for person like love and forgiveness.,B,False,0.0782971658273074,0.1911967506588802,0.08395606329676947,0.6465500202170429
" Kant's humanity formulation of the categorical imperative makes it impermissible for us to, he argues,",sell one of our teeth.,engage in prostitution.,both A and B,Neither A nor B,C,True,0.1898901743756632,0.08795731811837602,0.6042679198140453,0.11788458769191554
" According to Nathanson, criminals who commit murder forfeit their right to",life.,respect.,privacy.,humane treatment.,C,False,0.8411619510509946,0.013428261605994214,0.010794759242746645,0.13461502810026466
 Reiman suggests that the refusal to execute criminals teaches,the wrongfulness of murder.,that the death penalty is a better deterrent than life imprisonment.,that criminals already face the risk of death.,that criminals are usually undeterred by the chance of receiving the death penalty.,A,True,0.9102311028919127,0.009570966724340327,0.03573391066438332,0.044464019719363534
" According to Shapiro, the standard view has to explain the preeminence of controlled use by arguing that",controlled use is preeminent.,drug laws have no effect on access to illegal drugs.,drug laws reduce access to illegal drugs.,drug laws increase access to illegal drugs.,C,True,0.2101788503820623,0.06466396148019146,0.708916116229793,0.016241071907953153
 Which of the following is a premise of Kass's despotism argument?,Cloning is inherently morally wrong.,"In reproductive cloning, one seeks to impose one's will on a child's future.",The permissibility of cloning depends on the parent's intent to raise the child.,We have a good reason not to clone.,B,True,0.1380160836737776,0.6554881837507802,0.10659400018731142,0.09990173238813063
" In Rachels's thought experiment with Smith and Jones, Smith's action (i.e., his holding the child underwater) is supposed to be an example of",killing.,letting die.,assisted suicide.,none of the above,A,True,0.5357273406394057,0.3598281436813528,0.022459939122150975,0.08198457655709042
 All cases of euthanasia in which the patient has consented to the active bringing of his or her death are cases of,voluntary euthanasia.,involuntary euthanasia.,nonvoluntary euthanasia.,passive euthanasia.,A,True,0.9738129556533144,0.007176182072697345,0.010803054269538693,0.008207808004449674
" According to Ross, when our duties conflict with each other we should",not do anything because duties cannot actually conflict with each other.,use moral judgment to determine which duty should be obeyed.,consult authorities instead of relying on our own judgment.,wait until the conflict ceases on its own.,B,True,0.04885314129626589,0.8933760718899139,0.03987352944729394,0.0178972573665263
 Kamm claims that Sandel's moral distinction between treatment and enhancement assumes that,nature in itself has no moral value.,nature is sacred and should be honored.,human beings want enhancement more than they want treatment.,there is no moral difference between treatment and enhancement.,B,False,0.7999469200020599,0.045652226789559575,0.04292820140946085,0.11147265179891962
 West argues that feminist legal theory has inadvertently led to the under-acknowledgement of the harms of consensual sex because,it posits that all sex is rape.,"by suggesting that the harm of rape is that it is nonconsensual, it implies that all consensual sex is good.","by suggesting that the harm of rape has nothing to do with the victim's gender, it implies that women are not especially harmed by nonconsensual sex.",all of the above.,B,False,0.08833159255822404,0.056956153229909795,0.03540942509187609,0.8193028291199901
 Sinnott-Armstrong is most interested in examining issues about the moral obligations of,individuals.,societies.,governments.,families.,A,False,0.3599434423516347,0.2545205589684163,0.3695272235978841,0.016008775082064924
" The decision to remove Terri Schiavo's feeding tube, thus allowing her to die of dehydration, is a case of:",voluntary euthanasia.,physician-assisted suicide.,passive euthanasia.,active euthanasia.,C,True,0.009388451347344841,0.004882491553840648,0.971460509391341,0.014268547707473458
 De Marneffe explains that we might call someone a drug addict to show that,it is a mistake to suppose that drug use is sometimes evidence of low self-control.,drug addiction is a problem that drug legalization cannot address.,"it is a mistake to suppose that drug use, even heavy drug use, is not autonomous.",none of the above,C,True,0.312110286093952,0.042481768457393834,0.43878564182967483,0.20662230361897913
 Frances Kamm discusses the case of a scientist who works on finding a cure for congenital blindness and is motivated only by a bad desire for mastery to suggest that,sometimes an action can be permissible even if it is motivated by a bad desire.,all actions motived by bad desires are impermissible.,"the desire for mastery is not, as Sandel argues, a bad desire.",sometimes the only way to cure a disease is through selfish desires.,A,True,0.9593190912282217,0.012304269498324066,0.015276677451696401,0.013099961821757954
" If Thomson's conclusion is correct, then",the abortion issue cannot be settled just by determining at what stage (if any) the fetus is a person.,abortion is always morally permissible.,abortion is never morally permissible.,the abortion issue can be settled just by determining at what stage (if any) the fetus is a person.,A,True,0.7534235303098695,0.04985485964093171,0.053709934098598554,0.14301167595060021
" In satisfying Kant's Humanity formulation of the categorical imperative, we are obligated to adopt two very general goals: the goal of promoting the (morally permissible) ends of others and the goal of",self-perfection.,producing happiness.,increasing welfare.,self-sacrifice.,A,True,0.8718099496910907,0.04209070079467478,0.055867785864481934,0.030231563649752425
 Ashford defines a structural human rights violation as,"violations of human rights that pertain to the structure of a person's practical, social, and political agency.",ongoing patterns of behavior by a large number of agents which predictably result in many others coming to be deprived of the object of a fundamental human right: the means of subsistence.,the violation of fundamental human rights brought about the political structures of a particular government.,all of the above,B,False,0.1924050594268819,0.3024948142302259,0.015142850922575848,0.4899572754203162
" Which of the following is a possible source of obligations, according to Cohen?",rights,freely made commitments,special relations,all of the above,D,True,0.016283506203276444,0.010152097213229823,0.021970650755346866,0.9515937458281468
 Richardson-Self argues that sexist speech,"is always hate speech, because it involves violence.","is not always hate speech, because it does not involve violence","is always hate speech, because it does not involves violence.","I s not always hate speech, because it always involves violence.",B,True,0.09742206912447866,0.7510055541201086,0.128522600387116,0.02304977636829677
" Norcross agrees that if a being is incapable of moral reasoning, at even the most basic level, then it cannot be",a moral patient.,a moral agent.,an object of moral sympathy.,a being of value.,B,False,0.6499622511737347,0.2191202478535877,0.05667436295914331,0.07424313801353426
" Shapiro cites a study of Vietnam veterans, which showed a significant decrease in heroin use after the veterans returned home. Which factor does Shapiro cite as explaining this decrease?",the type of drug used,the duration over which the users used the drug,the pharmacological effects of heroin,the difference in social setting,D,True,0.00853397598308061,0.03072605434790506,0.017406650929238533,0.9433333187397759
 One suggestion that Lukianoff and Haidt make to challenge vindictive protectiveness is,have colleges and universities officially and strongly discourage trigger warnings.,to defund the Department of Education.,to promote greater understanding of historical and contemporary oppression.,none of the above.,B,False,0.5585653848696518,0.01573602522250479,0.3816626426307517,0.04403594727709172
 Aristotle's moral theory is a version of,virtue ethics.,consequentialism.,rights-based theory.,utilitarianism.,A,True,0.9842402964176905,0.005551017414668258,0.005064130369668998,0.005144555797972351
" Suppose Wellman argued that just as you have a right not to marry someone who would be harmed by your refusal, a state is free to exclude others even if it causes harm to them. Fine would respond by saying that",the liberal state cannot claim to be primarily an intimate or expressive association.,you do not have the right to refuse a legitimate marriage proposal.,there is no difference between marital relationships and the relationship between a citizen and his state.,refusing to marry someone cannot be a cause of harm.,A,True,0.7819833646078379,0.09194577466252712,0.09758331221916346,0.02848754851047166
" Which of the following is an example of a ""right of noninterference"" according to Arthur?",the right to privacy,the right to life,the right to exercise religious freedom,all of the above,D,True,0.2769503451687105,0.022366341804156836,0.014348104326548159,0.6863352087005845
 Audi proposed that we expand Ross's list of prima facie duties to include,veracity.,enhancement and preservation of freedom.,respectfulness.,all of the above,D,True,0.05912232161383261,0.046642747332852286,0.026624436124577763,0.8676104949287373
" According to Singer, which of the following historical defenders of the principle of equal consideration of interests was one of the few to recognize that the principle applies to members of other species as well as to our own?",Immanuel Kant,Aristotle,Jeremy Bentham,John Stuart Mill,C,True,0.09171846443842024,0.043647212326063264,0.6179608685838949,0.2466734546516216
" The only way to break out of the ""terrorist cycle,"" says Walzer, is to","attack quickly, swiftly, and with full force.",use the same tactics the terrorists use.,avoid playing the terrorism game.,use psychological rather than military tactics.,C,True,0.05002169894879301,0.026476686478778134,0.8887197022689847,0.034781912303444094
" According to Norcross, which of the following arguments poses a formidable challenge to any proposed criterion of full moral standing that excludes animals?",the ontological argument,the argument from cosmology,the argument from marginal cases,none of the above,C,True,0.006231353761478556,0.006364299088972281,0.9559744114058606,0.0314299357436886
" According to Aquinas's moral theory, morality is ultimately grounded in",agreements made between individuals.,pleasure and the absence of pain.,facts about human nature.,virtue.,C,True,0.01619280787804315,0.007354483928500809,0.6017772953076733,0.3746754128857827
 Kant's moral theory is a version of,consequentialism.,virtue ethics.,utilitarianism.,none of the above,D,True,0.10199239370098664,0.1052115240962002,0.11849481910004925,0.6743012631027638
 Which of the following statements best describes Gill's response to the argument that the Oregon physician-assisted law falsely assumes that doctors are qualified to judge whether a life is worth living?,Doctors are as qualified as any other mature adult to decide whether a life is worth living.,"Doctors are normally required to make life-and-death decisions, and this is no exception.",The argument is self-defeating because it was proposed by medical doctors.,The law only requires doctors to make medical decisions about the patient's life expectancy and prognosis.,D,True,0.3063421210648208,0.19024298434894232,0.06960069967583783,0.43381419491039896
" The best explanation for drug addiction, according to Shapiro, appeals to",one's individual mindset and social setting.,"the pharmacological effects of drug use (e.g., withdrawal).","one's genetic profile, which explains why some people have ""addictive personalities.""",specific psychological disorders such as obsessive-compulsive disorder.,A,True,0.9488710061325243,0.02518984893370853,0.019469438763698863,0.006469706170068332
" Wellman accepts that there are other values besides the freedom of association, such as",egalitarian values concerning the elimination of inequalities that make people vulnerable to oppression.,libertarian values concerning individuals' property rights and freedom of movement.,both A and B,nothing; there are no values besides freedom of association,C,True,0.2748995900901705,0.03451795087876192,0.6797500139580432,0.01083244507302438
 What does Marquis think is the main reason why it is wrong to kill a fetus?,The fetus can feel pain.,Abortion will harm the woman.,Killing the fetus would deprive it of a valuable future.,all of the above,C,True,0.00830424781425794,0.00598937860931715,0.8773157736460813,0.1083905999303435
 Altman believes that there are significant difficulties associated with defending a pro-censorship position based solely on claims of which of the following kinds of harm?,expressive harm,causal harm,physical harm,intentional harm,D,False,0.6330211551262774,0.19325654250037966,0.14058867690172527,0.033133625471617745
" According to Hardin, the ""ratchet effect"" refers to the fact that",overpopulation does not affect the number of people who are poor.,overpopulation leads to creation of food banks that help curb poverty rates.,world hunger and poverty leads to recognition of rights not to be hungry.,the use of a world food bank to feed the hungry leads to an escalating series of emergency situations.,D,True,0.01878195216486221,0.005032567632154831,0.024981264340265232,0.9512042158627178
 Which of the following is the term used to refer to a stage in prenatal development which in humans begins at roughly the second week of pregnancy and lasts until roughly the eighth week?,fertilization,fetal stage,embryonic stage,viability,C,True,0.014890101001022634,0.03611280926968173,0.9417007272765693,0.0072963624527263285
 Which of the following potentially morally relevant differences between Fred's behavior and the behavior of the consumers of factory-raised meat does Norcross not discuss?,"Fred's behavior involves the suffering of puppies, whereas the behavior of meat-eaters ""merely"" involves the suffering of chickens, pigs, cows, calves, sheep, and the like.","The suffering of the puppies is necessary for gustatory pleasure, whereas the suffering of animals on factory farms is simply a by-product of the conditions dictated by economic considerations.","Fred could prevent the suffering of the puppies, whereas meat-eaters can't prevent the suffering of the animals they consume.",none of the above,D,True,0.15880483237513396,0.20654340394783482,0.2671927154955538,0.3674590481814774
" According to Singer, international corporations that deal with corrupt dictators are akin to",murderers of those who witness crimes.,prostitutes who knowingly spread disease.,people who knowingly buy stolen goods.,all of the above,C,False,0.09068218365521376,0.045371003258153283,0.06144881834190538,0.8024979947447276
" Since we who live in wealthy countries have directly caused harm, Pogge argues that we have very stringent",libertarian duties towards the global poor,positive duties towards the global poor,negative dutiestowards the global poor,egalitarian duties towards the global poor.,C,True,0.16442287309265466,0.3411944685311426,0.38542973386972107,0.10895292450648154
" Which of the following is not a requirement on the definition of ""legal punishment""?",It must be for an offense against legal rules.,It must involve unpleasant consequences.,It must not necessarily be of an actual or supposed offender.,It must be intentionally administered by human beings other than the offender.,C,True,0.15693775093401513,0.2838947684468705,0.49839912201217246,0.060768358606942
" According to Mill, the only evidence it is possible to produce that anything is desirable is that",God has deemed it desirable.,experts on desirability have deemed it desirable.,people do actually desire it.,rational insight reveals it to be desirable.,C,True,0.007651242586204453,0.01125383617903619,0.9478781613544648,0.03321675988029453
 Velleman worries that the word dignity is sometimes used (incorrectly) to glorify which of the following:,a patient's capacity for self-determination,a patient's worthiness of being protected or cared for,"Western culture's obsession with youth, strength, and independence",none of the above,C,True,0.10535556733802491,0.1057005593754875,0.4880445950450984,0.30089927824138923
 Which of the following is an example of a virtue of character?,tallness,honesty,physical beauty,simplicity,B,True,0.0034621960043465538,0.9783604770657484,0.010100728713343188,0.008076598216561997
" The most common form of cosmopolitanism is _____ cosmopolitanism, according to which those in a position to do so have an obligation to assist those in need because of poverty and to promote basic human rights.",moral,political,cultural,economic,A,False,0.3428301602121518,0.10325700399081246,0.02018151658150417,0.5337313192155316
 What is wrong with a conservation system based wholly on economic motives according to Leopold?,It assumes that the economic parts of the biotic system will function without the uneconomic parts.,It assumes that economic motives are morally relevant.,It implies that nonhuman creatures are necessarily without any moral standing.,none of the above,A,True,0.614792953273191,0.04819197386074011,0.16794685495083223,0.16906821791523663
 Singer argues that developing nations are harming poor nations by,causing global warming.,"handing out too much foreign aid, which increases need.",ignoring important aspects of their culture.,indoctrinating them with Western values.,A,True,0.4343679074336578,0.31424919567975984,0.1945724695938763,0.056810427292706224
" According to Sandel, eugenics and genetic enhancement can be seen to be wrong from a secular perspective because they would produce unwelcome changes in",humility.,responsibility.,solidarity.,all of the above,D,True,0.022851106892245683,0.01921525621113472,0.04563838587167399,0.9122952510249457
" According to some defenders of meat-eating, the suffering of animals counts less than the suffering of humans (if at all) because",animals are rational and humans are not.,humans are rational and animals are not.,"animals lack the capacity for suffering, and humans do not.",animals can tolerate more suffering than humans can.,B,False,0.049278834829602984,0.04297257730096889,0.8787420666290169,0.029006521240411264
 To say that an action is intrinsically permissible (a feature mentioned in the doctrine of double effect) is to say that,"the action, apart from its effects, is morally permissible.","the action, only because of its effects, is morally permissible.",no actual person would ever endorse that action.,the action is valuable because of its relationship to things that are intrinsically valuable.,A,True,0.9694645591563131,0.007735868365870658,0.006429278619992956,0.0163702938578234
 Locke can be thought of as accepting a,natural law conception of morality.,Kantian theory.,version of utilitarianism.,version of virtue ethics.,A,False,0.189421877734864,0.08234009621295509,0.6320152886934209,0.09622273735875991
 Metz argues that dignity is based in,a capacity for communal or friendly relationships,a capacity for moral thought,a capacity for rational deliberation,a capacity for certain kinds of feelings or sentiments,A,False,0.24687767959725132,0.11672802891347969,0.2224698951290582,0.4139243963602107
" According to Singer, which of the following is the single relevant factor in determining whether something has moral status?",dignity,belonging to a moral community,sentience,none of the above,C,True,0.011011156025007808,0.0048305848290458395,0.96662515178291,0.017533107363036496
 Nathanson proposes a form of retributivism that requires all of the following except,a list of crimes ranked according to their seriousness.,a scale of punishments that correspond to the seriousness of certain crimes.,treating criminals humanely.,the death penalty for the most serious crimes.,D,False,0.04607172680649248,0.034487638672287504,0.9060087333709265,0.013431901150293671
" According to Kant, all imperatives are expressed by the word","""want.""","""ought.""","""will.""","""may.""",B,True,0.024217019570674382,0.8672088136850058,0.09819732493640357,0.010376841807916357
 The goal of cognitive-behavioral therapy is to,build grit.,minimize distorted thinking.,reward good behavior.,achieve stoic wisdom.,A,False,0.008430331750686243,0.9640633322624396,0.022474241357100303,0.005032094629773803
 Thomson's appeal to the vices of callousness and self-centeredness relates to what kind of approach to abortion?,deontological approach,Kantian approach,virtue ethics approach,consequentalist approach,C,True,0.16281156922426432,0.039267307995728425,0.7815901787465748,0.016330944033432486
 Which of the following is evidence that de Marneffe cites in support of the claim that increased availability of a drug leads to increased use of that drug?,Heroin use was much higher among military personnel in Vietnam than it was among veterans who returned to the United States.,The percentage of physicians who use psychoactive drugs is much higher than the general population.,Alcohol abuse declines when the law restricts the times it can be legally sold.,all of the above,A,False,0.10766610038391704,0.015257299968042138,0.013450107182142353,0.8636264924658985
 Carens's main conclusion is that,liberal egalitarianism should almost always press for more openness toward immigrants and refugees.,"liberal egalitarianism, contrary to appearances, entails that only closed border immigration policies are acceptable.",egalitarianism is founded on sentiments of envy and is therefore unjustified.,liberal egalitarian objections to anticosmopolitanism do not succeed.,A,True,0.9372694418268253,0.027144465833015906,0.00497568718585126,0.030610405154307758
" Carens accepts that it is possible for the sudden opening of one country's borders to do more harm than good from a liberal egalitarian perspective. However, he argues that","in practice, feasible policy options will not entail major costs to current citizens.","liberal egalitarianism is false, and so this possibility is irrelevant.",sometimes you have to do more harm than good in the short term to do more good in the long term.,all of the above,A,False,0.39058281652581955,0.015086619497193475,0.41001413100302553,0.18431643297396144
 Callahan is against the legalization of euthanasia because he believes legalization would,be contrary to the Constitution of the United States.,teach society the wrong kind of lesson.,violate our right to self-determination.,none of the above,B,False,0.055000527095014004,0.30300647312567863,0.26312906907424566,0.3788639307050617
 Callahan discusses the Dutch Commission on Euthanasia in 1990 to show that,laws permitting euthanasia can and have been abused.,doctors who perform euthanasia may not report doing so.,both A and B,neither A nor B,C,True,0.3458844813330478,0.052201829926190726,0.5371231782020005,0.06479051053876103
" According to Lukianoff and Haidt, institutionalizing vindictive protectiveness will",encourage students to think pathologically.,ill-prepare them for the workforce.,harm their ability to learn.,all of the above.,C,False,0.010349411121731603,0.0032430684095898694,0.006573878029762688,0.9798336424389159
" Baxter claims that his ""very general way"" of stating what we should strive for environmentally assumes that",we have a god-like control over the environment.,we can measure in some way the incremental units of human satisfaction.,nonhuman animals have no value whatsoever.,all of the above,B,True,0.06884174560669833,0.7608340977190095,0.027441811802600923,0.14288234487169124
 Which of the following objections to adopting speech codes does Altman discuss?,Speech codes encourage bigotry.,Speech codes treat hate speakers with less than equal consideration.,Speech codes result in causal harms.,all of the above,D,True,0.025017291375228325,0.007309268795580874,0.015315517663551666,0.9523579221656392
" In Singer's understanding, the principle of the equality of human beings is",a description of an alleged actual equality among humans.,a description of an alleged actual inequality among humans.,a prescription of how we should treat nonhuman animals.,a prescription of how we should treat humans.,D,True,0.044714427305916495,0.01998467856189712,0.027486193060504812,0.9078147010716815
 Nathanson believes that killing another person in self-defense is compatible with,respect for the dignity of persons.,the principle of equality.,a consequentialist theory of punishment..,equality retributivism.,A,True,0.9097793059694312,0.027889386358304125,0.029614265837148577,0.03271704183511603
 Sandel believes that the use of genetic enhancement is inherently wrong because,its use would be unsafe.,its use would be unfair.,both of the above,none of the above,D,False,0.04231304646514548,0.20324345893946008,0.7158660694122494,0.03857742518314506
"According to Michael Huemer, the harm of drug use to individual drug users",justifies state prohibition of drug use.,does not justify state prohibition of drug use.,justifies a massive campaign of public health awareness.,does not justify a massive campaign of public health awareness.,B,True,0.26229579841237743,0.6758594488290322,0.03983391035475893,0.022010842403831374
" Which of the following is a basic intrinsic good, according to Aquinas's version of natural law theory?",human life,human procreation,human sociability,all of the above,D,True,0.1358887056456841,0.01044069874561946,0.013648244562375268,0.8400223510463211
" Mary is a person, and as such she plausibly deserves moral consideration because of features inherent to her (e.g., being self-aware). This suggests that she has",direct moral standing.,indirect moral standing.,relative moral standing.,none of the above,A,True,0.9024877521540746,0.06150555888456086,0.008763434191299787,0.027243254770064684
" In his objection to ""the second prong of the libertarian case for open borders,"" Wellman responds to the objection that he is essentially denying that we have a right to freedom of movement. Which of the following is part of his response?",He would say this begs the question because the immigration question is identical to the freedom-of-movement question.,He would present an argument showing that there is actually no right to freedom of movement.,"He would argue that some rights are not absolute (e.g., the right to marriage doesn't allow you to marry an unwilling partner).",He would use deontological premises to deductively conclude that unjust public policies are morally objectionable.,C,True,0.22146033284629357,0.09384698992212388,0.6653989990048937,0.019293678226688663
 Richardson-Self discusses which of the following kinds of speech?,hate speech,misogynistic speech,sexist speech,all of the above,D,True,0.0402256868105482,0.01718436857716667,0.019357566312620363,0.9232323782996649
 Lex talionis is another name for,proportional retributivism.,the death penalty.,an eye for an eye.,the morality of restraint.,C,True,0.008074164085654381,0.0006436809756435904,0.9883307658266957,0.0029513891120063786
 Huemer argues that there is no reason to think that the harms of drug use are in an important sense,more harmful on average than legally permitted harmful activities.,differing from the harms of other legally permitted harmful activities.,more detrimental to a person's character than otherslegally permitted harmful activities.,All of the above.,D,True,0.0951351323778642,0.07055025035885998,0.04163493618514586,0.79267968107813
 Which of the following is a value that Arthur believes is more fundamental than rights and desert?,justice,fairness,respect for other persons,all of the above,D,True,0.08633850317154991,0.06927285685761424,0.1436263813007737,0.7007622586700621
 One of the main factors that Hardin links to world hunger and poverty is,reproduction rates.,exploitation of other people.,people having too many rights.,none of the above,A,True,0.818689886757411,0.07951614505540175,0.022977238224568666,0.07881672996261872
" According to the Humanity formulation of Kant's principle, we must treat persons",never as a means.,never as a mere means.,in ways that produce the most good for everyone concerned.,in ways that serve one's own best interests.,B,True,0.2805042504826077,0.706129746897625,0.010634738695213367,0.002731263924553943
" Since Nagel thinks there can be genuine moral dilemmas, he denies the moral principle that",can implies should.,can implies ought.,ought implies can.,ought implies should.,C,False,0.26242577864905625,0.3245845620557612,0.308705174639226,0.10428448465595656
 Which of the following is not an example of vice?,callousness,obesity,selfishness,greediness,B,True,0.008319614818267337,0.9216381162642971,0.03972185968242189,0.030320409235013526
" On Metz's view, what kind of punishment is justified for wrongdoers?",Harmful punishment that is proportionate to the harm done by the wrongdoing.,"Unfriendly action that is proportionate to the unfriendly wrongdoing, aimed at correcting the wrongdoing.",Degradation proportionate to the degrading impacts of the wrongdoing.,All of the above.,B,False,0.08445148010124114,0.030127843260905996,0.02721849946369436,0.8582021771741585
" According to the principle of greatest equal liberty proposed by John Rawls, each person is to have an equal right to",the highest level of happiness that is attainable by the least happy person in the society.,the social and economic inequalities that are built into society.,opportunities and resources that belong to that person but nobody else.,the most extensive basic liberty compatible with a similarly liberty for others.,D,True,0.008725537604620717,0.008586164105471495,0.019008464553317405,0.9636798337365905
 Wellman argues that insisting on unlimited property rights commits one to,deontological theory.,egalitarianism.,consequentialism.,anarchy.,D,True,0.30129624476701977,0.1514082578264922,0.19148997983370314,0.3558055175727849
 Ross argues that the existing body of moral convictions of the best people is the cumulative product of,the moral reflection of many generations.,generations of bias and self-confirmation.,ignorance.,political discourse.,A,True,0.9673706252830648,0.020435083830848924,0.008245533990809593,0.003948756895276622
 Kant argues that marriage allows spouses to treat each other not as mere means when engaging in sexual activity because,God demands that all sexual activity occur in the context of marriage.,this will ultimately produce the most happiness for the greatest number of persons.,in marriage two persons equally and reciprocally transfer their whole person to the other.,the universal law formulation of the categorical imperative requires that each of us be married.,C,True,0.00913971185094794,0.007103800757792209,0.9738631072704268,0.00989338012083309
" On Pogge's view, affluent citizens are harming the poor by",imposing on them the lasting effects of historical crimes.,keeping them below welfare in the state-of-nature.,both A and B,None of the above,C,True,0.18766235728296748,0.06708758310380511,0.6626877912868125,0.08256226832641485
" According to Aquinas, the first precept of natural law is","""good is to be done, evil to be avoided.""","""one ought to do what one will.""","""one ought to do only what can be done without contradiction.""","""pleasure is to be sought, pain to be avoided.""",A,True,0.9819685669656806,0.005154579648402652,0.007449023661399504,0.0054278297245175106
 Shapiro discusses Mediterranean cultures' use of alcohol to show that,even cultures with very low levels of alcohol consumption can have comparatively high levels of alcoholism.,"the consumption of alcoholic beverages (e.g., wine) can have surprising health benefits.",increased use of a drug does not always lead to increased addiction.,all of the above,C,False,0.09354489254440371,0.08431113594134576,0.04341570991569549,0.7787282615985551
 Little argues that the norms governing the moral permission of abortion are,impersonal and categorical.,merely a matter of the mother's preferences.,a complex matter of the mother's personal integrity and her ideals about motherhood and creation.,none of the above.,C,True,0.03721627932106212,0.017752752631172874,0.9187260036508248,0.026304964396940234
" According to Hardin, the fundamental error of ""sharing ethics"" is that",it is anti-Christian.,it would require a stronger system of taxation for the affluent.,"it would lead to a ""tragedy of the commons.""",all of the above,C,True,0.008119809107714067,0.044859915479487186,0.8331452652306746,0.11387501018212415
" The principle Arthur calls ""the greater moral evil rule""says that",people are entitled to keep their earnings only if there is no way for them to prevent a greater evil by giving them away.,"being rich is a great moral evil, and as such we should all strive to live on a moderate income.",two moral evils do not make a moral good.,morality itself is a great evil.,A,False,0.23243548682909962,0.02668208350847597,0.7257796530200104,0.015102776642414176
 Ross claims that the essential defect of utilitarianism is that it ignores,the value of pleasure.,autonomy.,epistemological responsibility.,the personal character of duty.,D,False,0.07021455726428157,0.72086188454507,0.06578607948499736,0.14313747870565105
" The second premise in Singer's main argument is: ""If it is in your power to prevent something bad from happening, without sacrificing anything nearly as important, it is wrong not to do so."" Which phrase in this premise is deliberately left vague?","""something bad""","""it is wrong""","""nearly as important""","""in your power""",C,True,0.157482851176373,0.19488755883949807,0.5282699916940243,0.1193595982901046
" According to Lukianoff and Haidt, the recent trend to uncover microaggressions encourages",students to confabulate reasons.,"the pursuit of justice by marking out racism, sexism, and classism.","labeling, by assigning global negative traits to persons.",universities to bear overly burdensome legal obligations.,C,True,0.19800715720624817,0.20919390093754386,0.5341464314389043,0.0586525104173037
 Marcia Baron argues that the artificiality of ticking bomb cases is problematic because,"the artificial assumptions are, in fact, empirical claims that are central to the debate.",all artificial thought experiments are philosophically useless.,it leads us to believe that torture is always permissible.,all of the above,A,True,0.5101267987894242,0.05951869827426252,0.10923156954131126,0.3211229333950021
 Carens argues that a policy of exclusion does not always imply that the culture and people being protected are superior because,such a policy actually implies that the protected culture is inferior.,the exclusion may simply reflect an attachment to what is one's own (rather than a belief in superiority).,superiority and inferiority are inherently subjective concepts.,only superior cultures have freedom of movement.,B,True,0.02078783075910884,0.8627978786533802,0.10833946107539749,0.008074829512113349
" In responding to terrorism, says Walzer, it is particularly important that",we make an effort to convince the terrorists that they are acting wrongly.,we avoid harming terrorists to the same extent that we would avoid harming innocent civilians.,we attack the lower-ranking terrorists first.,we do not repeat the wrongs of terrorism in the process.,D,True,0.03515995110765404,0.046719422718573565,0.03424277803728098,0.8838778481364914
" In response to the argument that embryos are not persons because they do not exercise higher mental capacities, Lee and George argue that",embryos actually do exercise higher mental capacities.,it doesn't make sense to say that a person exercises higher mental capacities.,"the argument is sound, but its validity fails due to a common logical fallacy.",to have killed a human embryos that developed into you would have been the same thing as killing you.,D,False,0.5553914373902004,0.16186568845468918,0.14154738080873014,0.1411954933463804
 Mill considers which of the following cases?,censoring an opinion that is true.,censoring an opinion that is false.,censoring an opinion that is partly true and partly false.,All of the above.,D,True,0.11407573912995517,0.05641281258099041,0.042800847599823506,0.7867106006892309
" According to Velleman, who, if anyone, should decide whether a patient receives euthanasia?",the patient,the patient's family,the patient's caregiver,legislators,C,False,0.9088375563506418,0.018392512497680678,0.03190044795991598,0.0408694831917616
" In response to the objection that it would be wrong to prohibit the manufacture and sale of fatty foods and tobacco products, de Marneffe argues that",fatty foods and tobacco products are not actually harmful.,there is nothing wrong with limiting people's access to products that are harmful to them.,the benefits of prohibiting these products would not outweigh the costs.,all of the above,B,False,0.0462812739149985,0.25906547479814857,0.1552857127536574,0.5393675385331955
" According to Kass, one problem with cloning is that",cloned individuals are likely to experience psychological and social identity problems.,cloned individuals cannot be created quickly enough.,there are no problems with cloning.,none of the above,A,True,0.9674932005630346,0.0036300465469196156,0.012000510265841492,0.016876242624204445
" In Carruther's view, the justification for moral criticism for things that we do (or don't to do) to an animal derives from",the animal's direct moral standing.,the animals capacity for suffering.,the bad qualities of character that our actions evince.,none of the above,C,False,0.24016328953261346,0.5455755623138955,0.053556151542839624,0.16070499661065166
" One way to value a patient's autonomy is by aiming to maximize his or her effective options. When we value a patient's autonomy in this way, what, according to Velleman, do we value?",the patient's opportunities for self-determination,the patient's capacity for self-determination,the ability to provide the patient with options,the ability to share reasons with the patient,A,False,0.41363139743207283,0.5036551626795459,0.07065083535187545,0.012062604536505794
" McGrecgor, following Hampton, argues that the harm of rape involves",moral injury.,moral morbidity.,moral accident.,moral delusion.,A,True,0.8932668412846357,0.0680223876180315,0.02931812661888125,0.009392644478451513
" On Mill's view, the collision with error makes",the impression of truth all the clearer.,the impression of error all the clearer.,the impression of distinct ideas clear.,the impression of the state's paternal authority clear.,A,False,0.41938194132625195,0.4361198187260659,0.08003435013347936,0.06446388981420276
 According to Kass the fact that people (like him) feel repugnance at the thought of human reproductive cloning,shows conclusively that reproductive cloning is always wrong.,shows conclusively that reproductive cloning is sometimes wrong.,has nothing to do with the morality of cloning.,is a sign that something is wrong with reproductive cloning.,D,False,0.12920334729811006,0.44868874939734665,0.05695130468248393,0.3651565986220593
 Which of the following capacities does Carruther's assume that animals lack?,the capacity for suffering,the capacity for practical reasoning,the capacity for rational agency,the capacity for conscious experience,C,False,0.23187549690084852,0.10661284229946892,0.22146741683245239,0.44004424396723013
 Which of the following best characterizes de Marneffe's view?,"The use, sale, and manufacturing of drugs should be legal.","The use, sale, and manufacturing of drugs should be illegal.","The use of drugs should be legal, but the sale and manufacturing of them should be illegal.","The use of drugs should be illegal, but the sale and manufacturing of them should be legal.",D,False,0.6099028640472047,0.15765239932978728,0.182272315023004,0.05017242160000402
" Wellman's response to the ""egalitarian"" objection to the state's right to exclude is that states can fulfill their duties to outsiders without allowing them into their territory. Fine thinks Wellman's response is insufficient because",egalitarians are committed to utilitarian principles.,Wellman himself is an immigrant.,excluding people who wish to pursue interests specific to that state is still potentially harmful.,"the concept of ""exporting justice"" is internally contradictory.",C,True,0.04200360075231307,0.035274035209054526,0.8896459074892202,0.03307645654941205
" According to Huemer,",it is just bad for the government to fail to recognize natural rights.,"it is sometimes alright for the government to disregard natural rights, when the harms are bad enough.",it is sometimes alright for the government to disregard natural rights to as to protect someone from themselves.,failures by the government to recognize natural rights count as injustices.,D,True,0.21309546006008262,0.25358473679385934,0.11578707390597724,0.4175327292400809
 One kind of externality imposed on the world's poor by the economic activity of wealthy nation is,unequal social order.,authoritarian regimes.,crime.,pollution.,D,True,0.00445324399852682,0.002216641736020005,0.009063658251064059,0.9842664560143891
" In therapeutic cloning, the goal is to",produce and raise a child.,go down a slippery slope.,treat disease.,none of the above,C,True,0.007987142812016281,0.0030565930102415604,0.976847730092086,0.012108534085656123
" According to Collins, one key claim of care ethics is that",Deliberation should include sympathy and direct attendance to concrete particulars.,Deliberation should only include sympathy and direct attendance to concrete particulars.,Deliberation should only include general principles and exclude considerations of sympathy.,Deliberation should include sympathy but not consider concrete particulars.,A,True,0.9111161332720383,0.0192535028040817,0.01605442813890841,0.05357593578497163
" According to Confucian the model of persons,",we learn to be persons through familial relations and by learning from other's example.,"we are persons because we have immortal, individual souls.",we learn to be persons by slowing developing rational capacities.,all of the above.,A,True,0.75554675412437,0.0033644408901599373,0.007756113683834512,0.23333269130163536
 Which of the following is an example of a virtue?,honesty,courage,kindness,all of the above,D,True,0.012032176501127645,0.005122827006649335,0.00833528022912999,0.974509716263093
" Carens argues that, for example, liberal egalitarianism has nothing to say about the question of whether a black doctor has a moral obligation to practice in a black community. This is because the only limit that liberal egalitarianism places on individuals' moral obligations, according to Caren, is that they",must not conflict with the rights and duties that liberal egalitarianism itself prescribes.,must be in accord with utilitarian moral considerations.,must not conflict with reasonable standards of prudence.,none of the above,A,True,0.816059734799374,0.015653653288295606,0.027300071649077207,0.14098654026325325
 Sandel's case against moral engineering can best be considered,a Kantian approach.,an application of the ethics of prima facie duty.,a virtue ethics approach.,a natural law theory approach.,C,False,0.28206478604866037,0.35849040031374674,0.21562566725863633,0.1438191463789566
" One problem with treating the ticking bomb case as involving only a single instance of torture, according to Baron, is that",justifying one instance of torture requires justifying the practice of torture.,it is virtually impossible for torture to be limited to just one instance.,both A and B,neither A nor B,C,False,0.3463986673452825,0.27667712967925306,0.32334004150126355,0.0535841614742009
" According to Cohen, animals are",moral agents.,amoral.,abstract reasoners.,all of the above,B,False,0.10435591803515437,0.2649535546720889,0.04862673804895093,0.5820637892438058
" One objection to care ethics is thatit seems to imply that we areresponsible for our attitudes, even though they seem not to be under our voluntary control. Collins responds by arguing that",caring attitudes are not moral attitudes at all.,we can often bring ourselves to have attitudes of care indirectly,when we fail to have attitudes of care this means that no caring attitudes were required of us towards some person,Collins agrees with the objection.,B,True,0.029143514651287505,0.9127166720555925,0.046426601637175394,0.011713211655944638
" According to Sinnott-Armstrong, if we cannot find any moral principle to back up our intuition that wasteful driving (of the sort mentioned in his article) is wrong, then",we know that wasteful driving is morally permissible.,we know that particularism is true.,we do not know whether wasteful driving is wrong.,we know that wasteful driving is not wrong.,C,True,0.03663187910793717,0.10541799743390949,0.8260512314732203,0.03189889198493312
" The idea of ""using someone as a mere means"" is centrally relevant to which of the following moral theories?",consequentialism,Kantianism,utilitarianism,natural law theory,B,True,0.008602050485313156,0.979163819822427,0.008364982173584121,0.0038691475186758174
" According to consequentialist theories of punishment, a lawbreaker should be punished only if",the punishment would likely produce as much overall intrinsic value as would any other alternative punishment.,the punishment is consistent with treating the person as an end in him- or herself.,the punishment is proportional to the wrongness of the crime.,all of the above,A,False,0.06906559703869189,0.014657422093389095,0.0303104984107067,0.8859664824572123
 Which of the following is not an example Aquinas gives of a self-evident proposition?,"""Every whole is greater than its part.""","""The light of Thy countenance, O Lord, is signed upon us.""","""Things equal to one and the same are equal to one another.""","""Man is a rational being.""",B,True,0.04450427642116529,0.7707274305666579,0.07682583554482579,0.10794245746735097
 Marquis argues that abortion is morally wrong by,"showing that a fetus is a person with full moral rights, including the right to life.",appealing to the fact that a fetus is biologically human and arguing that it is presumptively morally wrong to kill biologically human beings.,showing that a fetus is sentient and that it is morally wrong to harm and kill sentient creatures.,none of the above,D,False,0.35052146828236086,0.34834670238532595,0.170369439907914,0.13076238942439924
" Of the following social problems that could result from a genetic supermarket, which does Singer think is the least serious?",loss of human diversity,the effects of engineering children to have positional goods,loss of equality of opportunity,increased disparity between the rich and the poor,A,False,0.30070255773881527,0.15722687027758608,0.36988102353250407,0.17218954845109447
" In response to Sandel's argument about the relationship between genetic enhancement and parent-child relationships, Kamm argues that",genetic transformation will actually strengthen the bond between parent and child.,children are too young to understand the implications of genetic enhancement.,"Sandel's reasoning does not rule out the use of moderate, worthwhile genetic transformation.","the use of training and appliances as a way of transforming gifts is not, as Sandel argues, morally permissible.",C,False,0.46383710563308533,0.04804557190289037,0.41342117815414137,0.07469614430988285
" According to Marquis, abortion is",absolutely wrong.,seriously presumptively wrong.,generally permissible.,always permissible.,B,True,0.20808198847345288,0.763314478856982,0.023080981745940164,0.005522550923624929
" Michael Gill begins by discussing arguments against autonomy-based justifications of euthanasia. According to these arguments, autonomy-based justifications are contradictory because",the value of autonomy relates only to the making of big decisions.,terminally ill patients are not capable of freely choosing to end their own lives.,killing a person destroys his or her ability to make autonomous decisions.,above of the above,C,False,0.09026153386175502,0.13222101626853283,0.2984589457116956,0.4790585041580165
 A war over ideological differences carried out by methods short of sustained overt military action and usually without breaking off diplomatic relations is known as,a war simpliciter.,a hot war.,a cold war.,none of the above,C,True,0.022612614774670536,0.04057659109971577,0.9264369637339692,0.010373830391644483
" Huemer worries that the employment of a ""war"" metaphor when describing government policies about drug use",masks a bad argument by analogy.,"does not really describe the situation well at all, since it is more like a game than a war.",is perfectly apt.,makes it hard to think and discuss the rights of drug users.,D,False,0.3244648864442951,0.5045127399520393,0.0972235846149181,0.07379878898874746
 Which of the following is not one of the four main excuses for terrorism that Michael Walzer discusses?,Terrorism is a form of freedom of speech.,Terrorism is a last resort.,Terrorism benefits oppressed groups.,All political activity is terroristic.,A,True,0.6661020823261955,0.042680138246173324,0.12231569489369756,0.1689020845339335
 Christopher Heath Wellman defends the position that,anti-egalitarianism is compatible with liberal cosmopolitanism.,closing borders to all potential immigrations is an inherently racist social policy.,nation-states have an obligation to open their borders to the least well-off potential immigrants.,nation-states have a presumptive right to close their borders to all potential immigrants.,D,False,0.28127536209517784,0.09003553500485914,0.3153140498415156,0.3133750530584474
" Ross proposed that we have a duty of reparation-that is, the prima facie duty-to",make amends to others for any past wrongs one has done to them.,show gratitude toward one's benefactors.,refrain from harming others.,improve oneself with respect to one's own virtue and knowledge.,A,True,0.9838601561570353,0.0062745974604179995,0.007263737715692975,0.0026015086668538315
 Joseph Carens argues that restrictions on free migration can be justified if,such restrictions are decreed by a sovereign leader.,the restrictions are necessary to preserve a distinct culture or way of life.,both A and B are true,none of the above,B,False,0.016435525881159974,0.3926701334172262,0.5567730822776171,0.034121258423996687
 An unborn vertebrate animal that has developed to the point of having the basic structure that is characteristic of its kind is known as,a zygote.,a blastocyst.,an embryo.,a fetus.,D,False,0.022848278476049002,0.018882658747352708,0.9250867105788521,0.03318235219774606
 Corresponding to the theoretical aim of moral theory is the principle of,explanatory power.,parsimony.,practical guidance.,none of the above,A,False,0.054914411078310174,0.016662413779068134,0.8602225036358093,0.0682006715068125
" According to Aquinas, every law is ordained to",the truth.,human perfection.,the common good.,individual happiness.,C,True,0.007568857740575522,0.06306422573065229,0.9273444422281306,0.0020224743006414963
 The question of whether the killing/letting die distinction is morally relevant can be posed by asking whether we are equally to blame for allowing people in Third World countries to starve as we would be for,killing them by sending poisoned food.,refusing to give them the money they need to purchase food.,withholding medicine that they need to survive.,depriving them of knowledge they need to produce food.,A,False,0.16347726484522115,0.45639628480328914,0.33220482708541804,0.04792162326607159
 Singer presents his three-premise argument in addition to appealing to the case of the drowning child because,he believes that abstract arguments are more likely to convince one to act.,he argues that our emotional reactions have no bearing on which moral claims are true.,he believes arguments are a more efficient way to appeal to one's emotions.,he wants to appeal to the reader's reason and not just pull at the reader's heartstrings.,D,True,0.13372711107361712,0.18369306485895864,0.0365670491691057,0.6460127748983184
 Why can't animals be bearers of rights according to Cohen?,because rights are essentially human,because animals lack any kind of rationality,because animals are not as powerful as humans,none of the above; Cohen holds that animals can have rights,A,True,0.49468009460563567,0.10222738328806705,0.04644242531292883,0.35665009679336834
 An oocyte is,an unfertilized egg.,the nucleus that is implanted into the ovum during SCNT.,the nucleus that removed from the ovum during SCNT.,an undifferentiated stem cell that can be used in treating various medical conditions.,A,True,0.9573344709195096,0.019967542250801232,0.012965886172412113,0.009732100657277068
" According to Corvino, the ""unnaturalness"" charge can carry moral weight only if those who level it can do two things:",(i) explain the harms of anal sex and (ii) establish that all homosexuals will inevitably suffer those harms.,"(i) specify exactly what they mean by ""unnaturalness"" and (ii) explain why unnaturalness (so defined) matters morally.",(i) establish that one's sexual orientation is a matter of choice and (ii) that people who choose homosexuality have an intrinsic desire for self-harm.,"(i) explain the value of naturalness and (ii) why nothing ""unnatural"" can be of value.",B,True,0.01903988541822933,0.960603023170733,0.012803464666826699,0.007553626744210856
 Mill defends the harm principle on the basis of which moral theory?,Kantian moral theory,Utilitarianism,The ethics of prima facie duty,Social contract theory,B,True,0.02246914705830355,0.9574300555424416,0.010958619618215674,0.009142177781039209
" According to Carruthers, our duties to animals are",direct and basic.,indirect and derivative.,nonexistent.,perfect (rather than imperfect).,B,True,0.1789393018494209,0.7708501313645142,0.03351573575320369,0.016694831032861294
 Nagel clarifies that absolutism is the view that we should,prevent murder at all costs,avoid murder at all costs,only sometimes prevent murder,only sometimes avoid murder,B,False,0.6909802491360831,0.11052995391126602,0.15157469812134408,0.04691509883130673
" An unjust society, according to John Rawls, can be roughly characterized as any society where","some have more goods (e.g., happiness) than others.",political power is mostly given to the wealthy and upper class.,there are inequalities that are not to the benefit of all.,liberty is restricted to those who have not earned it.,C,True,0.04955430887532846,0.01250540207739675,0.9291722277855935,0.008768061261681339
" With respect to the issue of world hunger and poverty, Arthur points out that Singer ignores",the principles of equality and harm.,the principles of the right and the good.,the principles of rights and desert.,the principles of ability to help and desires.,C,False,0.4637642653133991,0.15968983046989252,0.24225916290677946,0.13428674130992885
" According to Altman, a viewpoint-biased speech restriction should be troubling to whom?",those who value a strong right to privacy,those who value strong protections for freedom of speech,those who don't value strong protection for freedom of speech,those who value equal educational opportunity,A,False,0.20938882253229046,0.5649844385992348,0.17954335637661478,0.04608338249186004
" According to McGregor, the expressive harm of rape",needs to be intentionally inflicted.,does not need to be intentionally inflicted.,Both A and B,None of the above.,B,False,0.17231901549461842,0.23067585504182136,0.572688569453162,0.024316560010398246
 Which of the following is not an objection Pence gives to the argument that SCNT is not best for the child?,The argument assumes genetic determinism or genetic reductionism.,The expectations people will place on SCNT individuals could be no worse than normal expectations of children created sexually.,People's prejudicial attitudes are likely to change.,"If people's prejudicial attitudes do not change, then we should not allow SCNT.",D,True,0.10292724848045119,0.10709663023484704,0.2948871713654158,0.4950889499192859
" According to rule consequentialism, the rightness or wrongness of an action depends on",that action's relationship to the operative rules of law.,the logical consistency behind the motive of actions of the same type.,"whether a virtuous person would endorse a rule requiring, permitting, or prohibiting that action.","whether that action is required, permitted, or prohibited by a rule the consequences of which are best.",D,True,0.009933406760545296,0.014080269579488975,0.061297735244372716,0.9146885884155931
" Kant argues that because sexual attraction involves seeing another person as the object of one's appetites,",moral relationship with that person becomes impaired.,all sexual relations are thereby immoral.,it is impossible to treat people in light of their humanity in all circumstances.,there is a universal law of attraction.,A,True,0.7857149230271484,0.0614023024287974,0.1397911793862738,0.01309159515778033
 One common objection to utilitarianism is that the principle of utility is,too complicated.,too demanding.,too easy to satisfy.,none of the above,B,True,0.1341386929143482,0.5934368979149213,0.07174587677472273,0.20067853239600777
" According to Macedo, we have special obligations to our fellow citizens arising from",our relationships to noncitizens.,consequentialist duties to promote the greatest good for the greatest number.,membership in a legitimate self-governing community.,nothing; we do not have special obligations to fellow citizens.,C,True,0.012282476903245283,0.007993267337986,0.9722813181961909,0.00744293756257783
" According to the basic principle of natural law theory, an action is right if and only if (and because)",the action only indirectly violates some of the basic values.,the action is of a type that the laws of natural selection have favored.,in performing the action one does not directly violate any of the basic values.,none of the above,C,True,0.016720903383806766,0.008977128242337973,0.92754870601725,0.04675326235660531
" In reproductive cloning, the cloned individual will have nearly the same genetic makeup as",the female who carries the zygote to term.,the individual who donates the nucleus.,the female who donates the egg.,none of the above,B,True,0.19624051285947425,0.48163075566040847,0.184238407779788,0.13789032370032936
 One of the messages Nathanson believes we can send by abolishing the death penalty is that,criminals deserve inhumane treatment.,killing in self-defense is never morally justified.,we should have respect for the dignity of human beings.,murderers should be killed by the state.,C,True,0.010257907260842448,0.013893649264137655,0.9588760374843172,0.016972405990702814
 Rachels believes that active euthanasia is better than passive euthanasia in cases where,"the patient will suffer more if he or she is allowed to die, compared to how much he or she would suffer if the physician actively ended his or her life.","the patient will suffer less if he or she is allowed to die, compared to how much he or she would suffer if the physician actively ended his or her life.",the patient clearly states that he or she would prefer to live as long as possible.,none of the above,A,True,0.7566548086803748,0.14078153340621832,0.02097903656532076,0.08158462134808603
" According to Altman, expressive harm is",a causal consequence of hate speech.,a harm that derives from the kind of attitude expressed in the act of hate speech.,both A and B,neither A nor B,A,False,0.10134904049815845,0.33477333994209935,0.5056089000588063,0.058268719500935866
 Papadaki thinks that in cases where partners in a relationship mutually deny each other's humanity that,sexual objectification occurs.,sexual objectification does not occur.,there is no straightforward answer to the question of whether or not sexual objectification occurs.,the context of the relationship will determine whether or not sexual objectification occurred.,C,True,0.2246247516449003,0.08690385907037251,0.574139029957245,0.1143323593274822
 Which of the following statements would Macedo disagree with?,States should give special weight to their own citizens.,Immigration policies can have powerful economic effects.,Self-governance is morally irrelevant to the immigration debate.,There are reasons to think U.S. immigration policy has had detrimental effects on income distribution among citizens.,C,True,0.1434835601317326,0.10196131382290742,0.6504897658565587,0.10406536018880123
 Which of the following best characterizes Rachels's argument?,"Both active and passive euthanasia involve the intentional termination of a human life with dignity; therefore, both are morally wrong.","Neither active nor passive euthanasia involves the intentional termination of a human life with dignity; therefore, both are morally permissible.","There is no inherent moral difference between killing and letting die; therefore, there is no inherent moral difference between active and passive euthanasia.","There is no inherent moral difference between killing and letting die; therefore, both active and passive euthanasia are morally wrong.",C,True,0.11790240841066828,0.04829724573468992,0.6375980919402751,0.1962022539143667
" Suppose two athletes, A and B, are equally skilled. Suppose also that A naturally inherited certain traits from her father that made playing the sport easier for her, and thus she didn't have to train as hard as B. According to the ethic of willfulness,",A is a better athlete.,B is a better athlete.,B doesn't count as an athlete because training precludes athleticism.,A and B are equally good athletes.,B,True,0.24776820904493135,0.39772248896184315,0.05748333433660086,0.29702596765662476
" According to Altman, justifications of speech codes that take account of which of the following kinds of harm have the best prospects for success?",causal harm,expressive harm,both causal and expressive harm,auxiliary harm,D,False,0.1258996589538556,0.4057182414808686,0.4577780831952901,0.01060401636998566
" Kant's Universal Law formulation does not refer to an agent's wants; rather, it represents",an ethical dilemma.,a criterion for social acceptability.,a way to measure the value of an action's consequences.,a kind of consistency test.,D,True,0.06790729665105573,0.040625087338363335,0.017878932967201114,0.8735886830433797
" Wellman cites a number of ""unpalatable implications that follow from denying a country's right to freedom of association,"" including",the inability to explain why it would be wrong to force Canada to join NAFTA.,the inability to explain why it would be wrong for the United States to forcefully annex Canada .,both A and B,neither A nor B,C,True,0.19978927904169905,0.07924545067080141,0.6636102712859583,0.057354999001541285
" According to West, which of the following reasons for a women to engage in sex with her male partner may cause her harm?","She or her children are economically dependent on her male partner, and so she reasons that she better have sex with him and keep him happy.",Her refusal will result in her partner's being in a foul mood which is more burdensome than having undesired sex.,Her refusal might result in a violent outburst.,All of the above.,D,True,0.016510266804744975,0.001922763392071386,0.006292918276153602,0.9752740515270302
" According to Kant, an imperative that represents an action as a necessary means to something that is willed is what kind of imperative?",categorical,universalizable,hypothetical,noumenal,C,True,0.16251706752941447,0.13016090647564907,0.6917083292235764,0.015613696771360049
 What does Pence think is an appropriate standard for the safety of SCNT before it should be allowed?,There should be no standards for safety.,SCNT should not be allowed unless a healthy baby could be guaranteed.,SCNT should be allowed when it falls within the range of risks that is accepted by ordinary people in sexual reproduction.,none of the above,C,True,0.024203725012903406,0.06178009637562866,0.8852464470369971,0.028769731574470922
 Which of the following claims would Leopold clearly accept?,The problems associated with how we should use our natural environment ultimately concern how human beings should treat each other.,"We should think in terms of ""the balance of nature"" to properly appreciate the value of the natural environment.",The problems associated with how we should use our natural environment are not merely economic problems.,We should ignore all economic motives in deciding questions about land use.,C,False,0.8370389187627995,0.021771867991561084,0.13131569076545366,0.009873522480185599
 Mill argues on that even a false opinion should not be censored because,no one actually knows anything.,you don't really know the true view unless you can explain why false views are false.,you don't really know whether or not anything is false.,All of the above.,B,False,0.07589481805466122,0.10994775613531044,0.0972518211446382,0.7169056046653901
" Norcross claims that if morality demands that we not torture puppies merely to enhance our own eating pleasure, morality also demands that",we try to reduce our carbon footprint.,we donate money to Oxfam.,we not support factory farming.,we follow the Golden Rule.,C,True,0.12210948880132824,0.029379815515097555,0.6780674124958869,0.17044328318768726
 Which of the following is not one of the potentially negative consequences of imposing the death penalty?,the prevention of future murders,great financial cost,the incitement effect,the execution of innocent persons,A,True,0.9238405151123702,0.016703181797177526,0.04388379546139364,0.01557250762905872
" According to Sinnott-Armstrong, the fact your government morally ought to do something",does not prove that government officials ought to promote it.,does not prove that you ought to do it.,proves that you ought not to do it.,"proves that you ought to do it, too.",B,True,0.42452676630484515,0.4296292757847217,0.03168759335575417,0.11415636455467909
 Some forms of misogynist speech only target a subset of women. Richardson-Self argues that we should,deny that subsets of women can be the targets of hate speech.,say that this speech is merely sexist speech.,consider such speech hate speech.,understand misogynistic speech as akin to other forms of oppressive speech against racial minorities.,C,True,0.11541488855920204,0.08445576977681497,0.683221603299869,0.1169077383641139
" Instead of asking why the act of destroying the environment might be immoral, Hill wants to ask",why the act of destroying nature might be immoral.,why people who destroy the environment might be bad people.,how the decision to preserve the environment benefits the environment.,whether plants have interests.,B,False,0.6245589307712845,0.019217193821508417,0.310314590147885,0.045909285259321954
 Philippa Foot explains the moral relevance of the killing/letting die distinction by appealing to,rights of noninterference.,rights to goods and services.,both A and B,neither A nor B,C,True,0.4232463899567804,0.020486004622100477,0.5083424586407568,0.047925146780362325
 Which of the following is an example of a duty-based moral theory?,consequentialism,natural law theory,Kantian moral theories,none of the above,C,True,0.006015810862827234,0.04563715316301928,0.9408682876089596,0.007478748365193959
 Lukianoff and Haidt argue that trigger warnings involve which kind of pathological thinking?,fortune-telling,blaming,dichotomous thinking,resentment,B,False,0.11028163114137027,0.057080484288518564,0.8164344087348785,0.016203475835232767
 Corresponding to the practical aim of moral theory is the principle of,parsimony.,practical guidance.,explanatory power.,none of the above,B,True,0.01574545357828834,0.874732225835343,0.041719237856501265,0.0678030827298674
" By recognizing that we have backup duties to donate to aid agencies, Ashford argues that we can",acknowledge the force of the criticism that effective altruism is at best a band-aid approach while diffusing this same criticism.,acknowledge that effective altruism fails to be the right response to global poverty.,"feel relieved about our duties to the global poor, since backup duties are not morally urgent.",None of the above.,A,True,0.7097553818445126,0.030876449711270036,0.12028978997998063,0.13907837846423665
 Which of the following is a view that Dershowitz argues for?,"Torture is permissible in the ""ticking bomb"" case.","No democratic society should allow public officials to engage in illegal actions ""off the books.""","""Torture warrants"" should be part of a legal system regulating the practice of torture.",all of the above,D,True,0.04864983102045663,0.016011060029100598,0.034127149319866136,0.9012119596305765
" According to de Marneffe, which of the following is a reason we might call someone a drug addict?",They use a drug to relieve a craving.,They use a drug even though they obviously shouldn't.,"Although they believe they should use the drug when they decide to use it, at other times they believe they should not use the drug anymore.",all of the above,D,True,0.021681787760287473,0.004809100856098311,0.009356507910960293,0.964152603472654
" On McGregor's view, our rights carve out",what we are free to do.,the domain of our community.,the domain of our personal identity.,all of the above.,C,False,0.08936576458324165,0.33851187139917827,0.03558808042747742,0.5365342835901027
 Which of the following is an example of a duty that corresponds to a right to goods and service?,John's duty to return to Mary that car that he borrowed from her,John's duty to allow Mary to pursue goals that she values,John's duty to not harm Mary,John's duty to not commit suicide,A,True,0.43777002314889335,0.3877924412199566,0.1430295069353594,0.03140802869579057
" In response to the worry that the freedom of association could justify immigration policies that exclude entry to members of a given race, Wellman claims that",such a policy would wrongly disrespect existing citizens who belong to that race.,this is an implication of the freedom of association that we must accept.,this is an unavoidable implication of all philosophical positions on immigration policy.,none of the above,A,True,0.8022606430322786,0.10226168390151971,0.025650484398759343,0.06982718866744245
 Which of the following conditions would make a slippery-slope argument fallacious?,The envisioned results of the action or practice under consideration turn out not to be bad.,The central idea of the argument-that the action or practice under consideration will lead us down a path to disaster-turns out not to be plausible.,both A and B are correct; either condition would make the argument fallacious.,neither A nor B is correct; neither condition would make the argument fallacious.,C,True,0.16713883742056346,0.1451800692465264,0.6097846785238997,0.07789641480901038
" According to Carruthers, which of the following groups should not be accorded direct moral standing?",human infants,the senile,the mentally disabled,none of the above,D,True,0.19372398201099197,0.25621119192095193,0.12958370886586135,0.4204811172021947
" If the killing/letting die distinction is morally relevant, then that would show that the following distinction is also morally relevant:",killing/murder,physician/patient,active/passive euthanasia,involuntary/nonvoluntary euthanasia,C,False,0.41406092336672384,0.09026958851229476,0.2942095948192547,0.20145989330172667
 Macedo describes his position on immigration as politically,liberal.,conservative.,evangelical.,neutral.,A,True,0.6993804372849964,0.047662390774061106,0.07237752576035476,0.18057964618058786
" In the context of Gardiner's article, what is ""the dispersion of causes and effects""?",the dispersion of the impacts of emissions of greenhouse gases to other actors and regions of the Earth,the dispersion of the causes of greenhouse gas emissions across the Earth,the dispersion of carbon dioxide molecules in the atmosphere,the dispersion of fault and blame for causing greenhouse gas emissions.,A,False,0.4253806250303371,0.08824223086651735,0.04994685581322565,0.43643028828991987
 Kant refers to the special worth or value of persons as,virtue.,beauty.,praiseworthiness.,dignity.,D,True,0.0012009210370752302,0.0008618912238492535,0.0024416169232296223,0.9954955708158458
 Stephen Macedo approaches the ethical issue of immigration from the perspective of _____ justice.,feminist,global,distributive,international,C,True,0.021324266032073345,0.40489611360873295,0.5377421523738228,0.0360374679853708
" On Kant's view, it is morally permissible to:",masturbate.,engage in prostitution.,engage in consensual sexual activity outside of marriage.,None of the above.,D,True,0.29979910782472663,0.09142327626435116,0.1698023323693442,0.43897528354157805
 West posits that one reason that these harms go unnoticed in the U.S. is that people in the U.S.,are less sensitive to threats from coercion.,are in general more sexist than other places.,tend to equate what is legal with what is good or harmless.,West actually thinks that people in the U.S. disproportionately recognize these harms.,C,True,0.0985823735026103,0.011049411602525,0.8661720734044438,0.02419614149042078
 Cases in which a doctor is involved to some degree in assisting an individual to commit suicide are known as,mercy killing.,physician-assisted suicide.,involuntary euthanasia.,all of the above,B,True,0.018243102274029407,0.9251302246391965,0.0159217253531344,0.04070494773363956
" In contrast to other moral theories, care ethics emphasizes",the importance of attitudes as well as actions.,the concepts of care and compassion.,relationships as fundamental to one's identity and as a source of moral obligation.,all of the above.,D,True,0.013304891175501163,0.00704321769837202,0.028223671061175983,0.9514282200649509
 Why does Metz think that extant dignity-based arguments based on African values fail?,"It is unclear that they show that capital punishment is degrading, and so therefore wrong.",They prove too much. They seem to entail that any instance of killing in self-defense is wrong.,Both A and B,None of the above,C,True,0.15005203980041776,0.05831073241889931,0.7500112946363148,0.04162593314436814
" John considers what Mary has done and thinks to himself, Mary did the right thing. This thought is primarily a judgment about",Mary's upbringing.,an action Mary performed.,Mary's moral character.,what John thinks he would have done.,B,False,0.04564042299312344,0.19748647342059644,0.6762754293887604,0.08059767419751966
 A central premise of Wellman's argument is that the state's right to freedom of association implies a right to _____ prospective members:,exclude,punish,advocate,none of the above,A,True,0.8807253151188795,0.012942291238124992,0.02378511202356577,0.08254728161942969
 Papadaki argues that the narrow view of sexual objectification,is correct.,fails to account for cases where there can be unintentional disregard of a person's humanity.,fails to account for cases of benign or positive objectification.,none of the above.,B,True,0.1289836860369097,0.3690241287740035,0.35769978011085757,0.14429240507822932
 Baron cites a summary of Ali Soufan's Senate testimony to suggest that,torture works in only limited situations.,endorsing a single act of torture requires endorsing torture as a practice.,successful interrogation may not require torture.,torture is always wrong without exception.,C,True,0.20301145797463607,0.19235042153076135,0.5804232162691322,0.024214904225470454
 A war that involves actual fighting is known as,a hot war.,a cold war.,a war simpliciter.,none of the above,A,True,0.9719519233992643,0.009851960862569282,0.01266363889289908,0.005532476845267459
 Carens defends a form of,Kantian distributionism.,anticosmopolitanism.,libertarian cosmopolitanism.,egalitarian cosmopolitanism.,D,True,0.14454032277379025,0.1241851527108793,0.21646773773819986,0.5148067867771307
" Callahan cites the Oregon Death with Dignity Legal Defense and the Education Center's finding that ""after four full years .. there have been no missteps, abuses or coercive tendencies"" regarding laws permitting euthanasia. In response he argues that",they can't know this to be true without an anonymous survey.,other studies have found contrary results.,"even if the finding is true, it is irrelevant to the moral status of euthanasia.",the findings are suspect because the study was performed by advocates of euthanasia.,A,False,0.1410432654508498,0.21051171198943966,0.44314176515076764,0.20530325740894304
 Which of the following is not an example of a natural right that Locke uses?,the right to life,the right to liberty,the right to citizenship,the right to property,C,True,0.006251095953492994,0.008864963311462753,0.9811573339857051,0.0037266067493391362
" Shapiro claims that humans are social or cultural animals, which is significant for his view because it implies that",social norms or rules play a significant role in influencing behavior.,we are just products of our biochemistry.,past experience plays a significant role in influencing behavior.,none of the above,A,True,0.9805795657974116,0.0025933431076482546,0.007679491380976208,0.009147599713963998
 Van den Haag thinks that we can't know whether a murderer who receives the death penalty,is justly punished.,suffers more than the victim.,is morally degraded.,is punished excessively.,B,False,0.6910465249355805,0.1120543152538123,0.10305241181330906,0.09384674799729813
 Critics of speech codes adopted in the 1980s and early 1990s argued that these codes violated which of the following principles?,freedom of speech,freedom of the press,right to bear arms,right to privacy,B,False,0.9303220187935951,0.018575136570918676,0.009215768119399535,0.04188707651608679
" According to Aristotle, if something has a function, then its good depends on",its function.,its substance.,our beliefs about it.,cultural practices.,A,True,0.9931216420422063,0.0033161352518156994,0.0025308148451876626,0.0010314078607903648
" Suppose Nathan argues that while neither nonhuman nor nonsentient beings have direct moral standing, we still ought to have a certain noninstrumental regard for the environment because failing to do so involves a deficiency in one's moral character. Nathan is most likely applying what moral theory?",virtue ethics,consequentialism,Kantian theory,an ethics of prima facie duty,A,True,0.9730966777260548,0.006515323133326237,0.011003697005138185,0.00938430213548108
" More than communicating to an individual, McGregor argues that rape",reinforces a corrupt legal system.,expresses contempt for the democratic system of government.,expresses the inferiority of women as a group to the wider community.,reinforces gender roles.,C,True,0.05942174310396372,0.02194484379102844,0.5534314935391035,0.36520191956590425
 What is the main difference between a cloned (SCNT) individual and an individual who is a product of normal sexual reproduction?,The SCNT individual has genetic material primarily from one person instead of two.,The SCNT individual has genetic material primarily from two people instead of one.,The SCNT individual has no genetic material.,There is no significant difference.,A,True,0.7949994320177806,0.11140767045683132,0.035826440426704846,0.05776645709868316
" According to Lee and George, ova/sperm are not human beings because",they cannot reproduce.,they do not have a human genetic profile.,they are genetically and functionally identifiable as parts of the male or female potential parents.,all of the above,C,False,0.04456386332124679,0.09765758123953572,0.20138920744167435,0.6563893479975431
 Little suggests that we should think about the abortion issue in terms of degrees and layers because,the fetus gains a more certain claim to the right to life over time.,the fetus gains more capacities over time.,"a gestating mother is somewhere in between a mere biological mother and a mother in a thick, normative sense.",the gestating mother has different degrees and layers of preferences.,C,True,0.19827419286411702,0.1772058205840184,0.6099568916055911,0.014563094946273556
 West worries that liberal theory in academia has inadvertently led to the under-acknowledgement of the harms of consensual sex because,it is implicitly sexist.,it promotes individualism and valorizes individual choice.,it is too left-wing to support a sound gender-based critique of our sex practices.,it promotes communitarian thinking to the detriment of individualism.,B,True,0.04842390774669656,0.9029627114348402,0.03531427430579728,0.013299106512666007
 Utilitarian arguments depend heavily on factual claims about,what a virtuous person ought to do in a particular situation.,what God has commanded or would prefer.,what duties one has inherited through implicit social contracts.,the overall comparative effects of contemplated courses of action.,D,True,0.0052516042006772335,0.0023604377566982296,0.004819179049919721,0.9875687789927048
" In his discussion of discrimination in war, Valls suggests that",there is no difference between combatants and noncombatants.,the difference between combatants and noncombatants is a matter of degree.,the difference between combatants and noncombatants is categorical and clear.,"""terrorism"" should be defined as indiscriminate violence.",B,True,0.05399110523772794,0.596691133491083,0.3286171565138086,0.02070060475738042
" Which of the following is not, according to Carens, a concern for all liberal egalitarians?",the ability of people to pursue their own projects,equal opportunity,freedom of speech,keeping actual inequalities as small as possible,C,True,0.15450206246117063,0.04698477182621373,0.6897372827926697,0.108775882919946
 Lukianoff and Haidt argue that American colleges and universities now encourage,emotional reasoning.,critical reasoning.,reflective reasoning.,all of the above.,B,False,0.3448667773259795,0.04211635267169539,0.019522498891555464,0.5934943711107696
 Aristotle defines virtue as,the ability to control one's anger.,a disposition to avoid extremes in feeling and action.,intellectual knowledge.,the capacity to ascertain what God would desire.,B,True,0.014208837383939894,0.9679499602742482,0.012897869233266477,0.004943333108545674
 Nagel thinks that the core of the absolutist position is that,human persons have a right to life.,it is permissible to harm as a foreseen but unintended consequence of action.,the ends justify the means.,the hostility should be directed at its true object.,D,False,0.9708219711663878,0.006071032616349723,0.007271731317235766,0.015835264900026725
" Which of the following is a ""positional good,"" according to Peter Singer's definition?",being at least six feet tall (in a population where this is above average),having an IQ of at least 150 (in a population where this is the average),being at least six feet tall (in a population where this is the average),all of the above,A,False,0.2478745977230923,0.061362160332022755,0.11190369820151595,0.5788595437433689
 Aquinas's moral theory is a version of,consequentialism.,natural law theory.,rights-based theory.,virtue ethics.,B,True,0.0037505193506491862,0.9851015003456751,0.00910231815964441,0.0020456621440311574
" Van den Haag responds to the ""miscarriages of justice"" objection by claiming that",miscarriages of justice are offset by the moral benefits and usefulness of doing justice.,"there have been no miscarriages of justice, in the sense used in the objection.",miscarriages of justice are inevitable and so irrelevant.,none of the above,A,True,0.7942293298333428,0.0400070843847121,0.06155754005485463,0.1042060457270903
" Which of the following does Corvino take to be a problematic ""hidden assumption"" of harm arguments against homosexuality?","If a practice is riskier than the alternatives, then that practice is moral, prudent, or otherwise to be pursued.","If a practice is risker than the alternatives, then that practice is immoral, imprudent, or otherwise to be avoided.","If a practice is safer than the alternatives, then that practice is immoral, imprudent, or otherwise to be avoided.",none of the above,B,False,0.28001597972223735,0.270238059391332,0.16321913296725912,0.28652682791917156
 Patrick Lee and Robert George argue that human embryos are complete human beings because,they are complete organisms that are genetically human.,"unlike cells of the mother or father, their growth is directed toward survival and maturation.",both A and B,neither A nor B,C,True,0.16557381406077099,0.03184961843218763,0.7736365593867085,0.02894000812033295
" Hate speech, according to Richardson-Self involves",only violence,"violence and oppression in the form of subordination, exploitation, and cultural imperialism.","only forms of oppression like subordination, exploitation, and cultural imperialism.",none of the above,B,True,0.017996982672194753,0.9135287105724746,0.02926636529616192,0.039207941459168574
" When we think about the norms of creation, Little argues that","it can be a sign of respect to terminate a pregnancy when certain background conditions, like a loving family, are not met.","it is never a sign of respect to terminate a pregnancy, because we should value and hold sacred the act of creation.",we see the abortion issue as a matter of the personal preferences of the mother.,none of the above.,A,True,0.6243054265952191,0.21090784073980562,0.10584904383340464,0.05893768883157075
" In Altman's characterization, racial epithets and similar terms of abuse are communicative tools for expressing an extreme form of which of the following?",moral blame,moral praise,moral contempt,none of the above,C,True,0.07250644468837006,0.008879772614165456,0.8768499737366117,0.04176380896085283
" In ethics, the terms ""right"" and ""wrong"" are used primarily to evaluate the morality of",persons.,actions.,consequences.,concrete objects.,B,True,0.0681740157783544,0.9131383951196979,0.015761992308169732,0.002925596793778019
